<?xml version="1.0" encoding="UTF-8"?>
<clinical_study rank="296">
  <!-- This xml conforms to an XML Schema at:
    https://clinicaltrials.gov/ct2/html/images/info/public.xsd
 and an XML DTD at:
    https://clinicaltrials.gov/ct2/html/images/info/public.dtd -->
  <required_header>
    <download_date>ClinicalTrials.gov processed this data on December 01, 2015</download_date>
    <link_text>Link to the current ClinicalTrials.gov record.</link_text>
    <url>https://clinicaltrials.gov/show/NCT01527513</url>
  </required_header>
  <id_info>
    <org_study_id>BIA-2093-208</org_study_id>
    <nct_id>NCT01527513</nct_id>
  </id_info>
  <brief_title>Effects of Eslicarbazepine Acetate (Esl, Bia 2-093) on Cognitive Function in Children With Partial Onset Seizures</brief_title>
  <official_title>Effects of Eslicarbazepine Acetate (Esl, Bia 2-093) on Cognitive Function in Children With Partial Onset Seizures: an add-on, Double-blind, Randomised, Placebo-controlled, Parallel Group, Multicentre Clinical Trial</official_title>
  <sponsors>
    <lead_sponsor>
      <agency>Bial - Portela C S.A.</agency>
      <agency_class>Industry</agency_class>
    </lead_sponsor>
  </sponsors>
  <source>Bial - Portela C S.A.</source>
  <oversight_info>
    <authority>Poland: Ministry of Health</authority>
    <has_dmc>No</has_dmc>
  </oversight_info>
  <brief_summary>
    <textblock>
      To evaluate the effects of eslicarbazepine acetate on cognition in comparison with placebo
      as adjunctive therapy in children aged 6 to 16 years old with refractory partial-onset
      seizures.
    </textblock>
  </brief_summary>
  <detailed_description>
    <textblock>
      This will be a 2-part multicentre study in approximately 117 patients. Part I of the study
      will consist of a 4-week prospective observational baseline period, a 12-week double-blind
      period (4-week up-titration and 8-week maintenance), and a tapering-off period.

      After the screening visit (V1), patients will enter the baseline period. At the end of the
      baseline period (V2), eligible patients will be randomised in a ratio of 2:1 to receive
      double-blind treatment with Eslicarbazepine acetate or Placebo in addition to concomitant
      therapy with 1 or 2 Anti-Epileptic Drugs (AEDs). Concomitant AED therapy will be kept stable
      during the whole study.

      Initial dose of the study treatment will be 10 mg/kg/day. After 2-weeks on 10 mg/kg/day, the
      dose will be up-titrated to 20 mg/kg/day (maximum 1200 mg/day). After 2 weeks on 20
      mg/kg/day, dose will be up-titrated to 30 mg/kg/day (maximum 1200 mg/day) and patients will
      receive this dose for 8 weeks. If intolerable adverse events (AEs) occur, the patient can be
      down-titrated to the previous dose (only 1 down-titration step will be allowed) or
      discontinued. After the 8-week maintenance period, the study treatment will be tapered off
      in 10 mg/kg/day 2 week steps. However, if a patient experiences an increase in seizure
      frequency (e.g. more than 100% increase vs. baseline) during tapering-off, the patient can
      proceed directly to the open-label part of the study (Part II).

      After completion of the last 2-week 10 mg/kg/day step, patients will have the option to
      enter a 1 year open-label treatment (Part II) with Eslicarbazepine acetate (up to 30
      mg/kg/day, maximum 1200 mg/day), or will have a 4 week observational follow-up period.
    </textblock>
  </detailed_description>
  <overall_status>Completed</overall_status>
  <start_date>August 2010</start_date>
  <completion_date type="Actual">May 2013</completion_date>
  <primary_completion_date type="Actual">March 2012</primary_completion_date>
  <phase>Phase 2</phase>
  <study_type>Interventional</study_type>
  <study_design>Allocation: Randomized, Endpoint Classification: Safety/Efficacy Study, Intervention Model: Parallel Assignment, Masking: Double Blind (Subject, Investigator), Primary Purpose: Treatment</study_design>
  <primary_outcome>
    <measure>Change From Baseline in Power of Attention Score to the End of the Double Blind (DB) Period</measure>
    <time_frame>Visit 1 (-4 weeks for training), Visit 2 (Day 1), Visit 5 (6 weeks), Visit 7 (12 weeks) or at early discontinuation visit (EDV)</time_frame>
    <safety_issue>No</safety_issue>
    <description>Power of Attention was defined as the sum of the reaction time measures from the attentional tasks (simple [dominant hand only] reaction time, choice reaction time and digit vigilance speed) in order to assess information processing speed and attention/psychomotor speed.Change from baseline to the end of the double-blind period in Power of Attention will be compared between the treatment groups using an ANCOVA. Non-inferiority of ESL vs Placebo will be assessed by comparing the 95% CI's upper bound of the difference of Least Squares Mean (LSmeans) between treatment groups (ESL-placebo) with 121 ms. If the upper bound is greater than 121 ms then the null hypothesis that the change from baseline in the Power of Attention score in ESL group is at least 121 ms inferior than the placebo group will be rejected. Single Values were calculated the average of post treatment visits (visits 5 and 7or EDV) minus average of baseline visits (visits 1 and 2)</description>
  </primary_outcome>
  <secondary_outcome>
    <measure>Change From Baseline in Standardized Seizure Frequency - Part I</measure>
    <time_frame>Baseline; Titration Period (4 Weeks: V2-V3-V4)</time_frame>
    <safety_issue>No</safety_issue>
  </secondary_outcome>
  <secondary_outcome>
    <measure>Change From Baseline in Seizure Frequency During the One-year Open-Label (OL)</measure>
    <time_frame>Weeks 1 to ≥ 41 weeks</time_frame>
    <safety_issue>No</safety_issue>
    <description>Overall Change from Baseline in Seizure Frequency per week for the One-Year Open-Label Period</description>
  </secondary_outcome>
  <number_of_arms>2</number_of_arms>
  <enrollment type="Actual">123</enrollment>
  <condition>Partial Epilepsy</condition>
  <arm_group>
    <arm_group_label>Eslicarbazepine acetate (BIA 2-093)</arm_group_label>
    <arm_group_type>Experimental</arm_group_type>
  </arm_group>
  <arm_group>
    <arm_group_label>Placebo</arm_group_label>
    <arm_group_type>Placebo Comparator</arm_group_type>
  </arm_group>
  <intervention>
    <intervention_type>Drug</intervention_type>
    <intervention_name>Eslicarbazepine acetate (BIA 2-093)</intervention_name>
    <description>Eslicarbazepine acetate (ESL) tablets 200 mg and the matching placebo will be supplied. Treatments will be administered by oral route, once-daily, in the evening. The dose will be rounded to the nearest 100 mg unit. Half tablets may be used for dose adjustment if necessary.</description>
    <arm_group_label>Eslicarbazepine acetate (BIA 2-093)</arm_group_label>
    <other_name>Eslicarbazepine acetate</other_name>
  </intervention>
  <intervention>
    <intervention_type>Drug</intervention_type>
    <intervention_name>Placebo</intervention_name>
    <description>Treatments will be administered by oral route, once-daily, in the evening.</description>
    <arm_group_label>Placebo</arm_group_label>
  </intervention>
  <eligibility>
    <criteria>
      <textblock>
        Inclusion Criteria:

        At visit 1 (screening), patient must be/have:

          -  written informed consent by parent or legal guardian and, where applicable, the
             patient;

          -  age 6 to 16 years, inclusive;

          -  a documented diagnosis of epilepsy for at least 12 months prior to screening;

          -  at least 2 partial onset seizures during the 4 weeks prior to screening despite
             treatment with 1 to 2 AEDs in a stable dose regimen;

          -  an Intelligence Quotient (IQ) of at least 70;

          -  current treatment with 1 to 2 AEDs (except oxcarbazepine, benzodiazepines other than
             clobazam and vagus nerve stimulation (VNS));

          -  excepting epilepsy, patient is judged to be in general good health based on medical
             history, physical examination and clinical laboratory tests;

          -  in the opinion of the investigator, able to complete the Cognitive Drug Research
             (CDR) test battery;

          -  in case of a girl of childbearing potential, patient presents a serum B-human
             chorionic gonadotropin (B hCG) test consistent with a non gravid state and agrees to
             remain abstinent or use reliable contraception (if used, hormonal contraception must
             be combined with a barrier method) starting at screening and continuing until at
             least the post-study visit (PSV).

        At visit 2 (randomisation), patient must be/have:

          -  at least 2 partial-onset seizures during the 4 week baseline period prior to
             randomisation (documented in a diary);

          -  in case of a girl of childbearing potential, patient presents a urine B-hCG test
             consistent with a non-gravid state;

          -  stable dose regimen of concomitant AEDs during the 4 week baseline period;

          -  diaries satisfactorily completed by the patient or his/her caregiver during the
             baseline period;

          -  satisfactory compliance with the study requirements during the baseline period.

        Exclusion Criteria:

        At visit 1 (screening), patients must not be/have:

          -  only simple partial seizures with no motor symptomatology;

          -  primarily generalised seizures;

          -  known rapidly progressive neurological disorders (progressive brain disease, epilepsy
             secondary to progressive cerebral lesion);

          -  occurrence of seizures too close to count accurately;

          -  history of status epilepticus or cluster seizures (i.e., 3 or more seizures within 30
             minutes) within the 3 months prior to screening; seizures of non-epileptic origin;

          -  Lennox-Gastaut syndrome;

          -  West syndrome;

          -  major psychiatric disorders;

          -  seizures of psychogenic origin within the last 2 years;

          -  history of schizophrenia or suicide attempt;

          -  history of attention deficit disorder or other diseases adversely affecting cognitive
             abilities;

          -  currently treated with oxcarbazepine, benzodiazepines other than clobazam (on a
             routine or chronic basis) and/or VNS;

          -  known hypersensitivity to carboxamide derivatives (oxcarbazepine or carbamazepine);

          -  uncontrolled cardiac, renal, hepatic, endocrine, gastrointestinal, metabolic,
             haematological or oncology disorder;

          -  second or third degree atrioventricular blockade;

          -  relevant clinical laboratory abnormalities;

          -  estimated creatinine clearance (CLCR) &lt;60 mL/min;

          -  pregnancy or nursing;

          -  treatment with eslicarbazepine acetate in any previous study;

          -  participation in other drug clinical trial within the last 2 months;

          -  not ensured capability to perform the trial;

          -  any other condition or circumstance that, in the opinion of the investigator, may
             compromise the patient's ability to comply with the study protocol.

        At visit 2 (randomisation), patients must not be / have:

        • any condition or circumstance that, in the opinion of the investigator, may compromise
        the patient's ability to comply with the study protocol.
      </textblock>
    </criteria>
    <gender>Both</gender>
    <minimum_age>6 Years</minimum_age>
    <maximum_age>16 Years</maximum_age>
    <healthy_volunteers>No</healthy_volunteers>
  </eligibility>
  <location>
    <facility>
      <name>Ospedale Salesi</name>
      <address>
        <city>Ancona</city>
        <zip>60123</zip>
        <country>Italy</country>
      </address>
    </facility>
  </location>
  <location>
    <facility>
      <name>Ospedale Pediatrico Giovanni XXII</name>
      <address>
        <city>Bari</city>
        <zip>70126</zip>
        <country>Italy</country>
      </address>
    </facility>
  </location>
  <location>
    <facility>
      <name>Ospedale Maggiore &quot;C.A. Pizzardi&quot;</name>
      <address>
        <city>Bologna</city>
        <zip>40133</zip>
        <country>Italy</country>
      </address>
    </facility>
  </location>
  <location>
    <facility>
      <name>Istituto Scientifico G. Gaslini</name>
      <address>
        <city>Genova</city>
        <zip>16146</zip>
        <country>Italy</country>
      </address>
    </facility>
  </location>
  <location>
    <facility>
      <name>Ospedale Carlo Poma</name>
      <address>
        <city>Mantova</city>
        <zip>46100</zip>
        <country>Italy</country>
      </address>
    </facility>
  </location>
  <location>
    <facility>
      <name>Policlinico Martino</name>
      <address>
        <city>Messina</city>
        <zip>98128</zip>
        <country>Italy</country>
      </address>
    </facility>
  </location>
  <location>
    <facility>
      <name>Ospedale Fatebenefratelli</name>
      <address>
        <city>Milano</city>
        <zip>20121</zip>
        <country>Italy</country>
      </address>
    </facility>
  </location>
  <location>
    <facility>
      <name>Policlinico Seconda Università di Napoli</name>
      <address>
        <city>Napoli</city>
        <zip>80131</zip>
        <country>Italy</country>
      </address>
    </facility>
  </location>
  <location>
    <facility>
      <name>Istituto Mondino</name>
      <address>
        <city>Pavia</city>
        <zip>27100</zip>
        <country>Italy</country>
      </address>
    </facility>
  </location>
  <location>
    <facility>
      <name>Ospedale Bambin Gesu</name>
      <address>
        <city>Roma</city>
        <zip>00165</zip>
        <country>Italy</country>
      </address>
    </facility>
  </location>
  <location>
    <facility>
      <name>Azienda Ospedaliera O.I.R.M.- Sant'Anna</name>
      <address>
        <city>Torino</city>
        <zip>10126</zip>
        <country>Italy</country>
      </address>
    </facility>
  </location>
  <location>
    <facility>
      <name>Amphia Ziekenhuis</name>
      <address>
        <city>Breda</city>
        <zip>4819 EV</zip>
        <country>Netherlands</country>
      </address>
    </facility>
  </location>
  <location>
    <facility>
      <name>Kempenhaeghe, location Heeze</name>
      <address>
        <city>Heeze</city>
        <zip>5591 VE</zip>
        <country>Netherlands</country>
      </address>
    </facility>
  </location>
  <location>
    <facility>
      <name>Uniwersyteckie Centrum Kliniczne</name>
      <address>
        <city>Gdansk</city>
        <zip>80-952</zip>
        <country>Poland</country>
      </address>
    </facility>
  </location>
  <location>
    <facility>
      <name>Gabinet Lekarski Neurologii Dzieciecej i Leczenia Padaczki</name>
      <address>
        <city>Kielce</city>
        <zip>25-316</zip>
        <country>Poland</country>
      </address>
    </facility>
  </location>
  <location>
    <facility>
      <name>AKADEMIA MEDYCZNA im. Karola Marcinkowskiego w Poznaniu Katedra I Klinika Neurologii Wieku Rozwojowego</name>
      <address>
        <city>Poznan</city>
        <zip>60-355</zip>
        <country>Poland</country>
      </address>
    </facility>
  </location>
  <location>
    <facility>
      <name>Wielkopolskie Centrum Neurologii Dzieci i Mlodziezy</name>
      <address>
        <city>Poznan</city>
        <zip>60-311</zip>
        <country>Poland</country>
      </address>
    </facility>
  </location>
  <location>
    <facility>
      <name>Instytut &quot;Pomnik-Centrum Zdrowia Dziecka&quot;</name>
      <address>
        <city>Warszawa</city>
        <zip>04-730</zip>
        <country>Poland</country>
      </address>
    </facility>
  </location>
  <location>
    <facility>
      <name>State Medical Institution &quot;Children Republic Clinical Hospital of Minzdrav of Republic Tatarstan&quot;</name>
      <address>
        <city>Kazan</city>
        <zip>420138</zip>
        <country>Russian Federation</country>
      </address>
    </facility>
  </location>
  <location>
    <facility>
      <name>Moscow State Healthcare Institution Scientific and Practical centre of medical help to children</name>
      <address>
        <city>Moscow</city>
        <zip>119620</zip>
        <country>Russian Federation</country>
      </address>
    </facility>
  </location>
  <location>
    <facility>
      <name>State Institution &quot;Moscow Regional Scientific and Research Clinical Institute named after M.F. Vladimirsky&quot;</name>
      <address>
        <city>Moscow</city>
        <zip>129110</zip>
        <country>Russian Federation</country>
      </address>
    </facility>
  </location>
  <location>
    <facility>
      <name>OOO City Neurological Center &quot;Sibneuromed&quot;</name>
      <address>
        <city>Novosibirsk</city>
        <zip>630091</zip>
        <country>Russian Federation</country>
      </address>
    </facility>
  </location>
  <location>
    <facility>
      <name>Institution Russian Academy of Science Institute of human brain RAN</name>
      <address>
        <city>Saint Petersburg</city>
        <zip>197376</zip>
        <country>Russian Federation</country>
      </address>
    </facility>
  </location>
  <location>
    <facility>
      <name>Saint-Petersburg Sate Healthcare Institution &quot;Children City Hospital #1&quot;</name>
      <address>
        <city>Saint-Petersburg</city>
        <zip>198205</zip>
        <country>Russian Federation</country>
      </address>
    </facility>
  </location>
  <location>
    <facility>
      <name>Saint-Petersburg State Pediatric Medical Academy of Ministry of Health and Social development of Russian Federation</name>
      <address>
        <city>Saint-Petersburg</city>
        <zip>194100</zip>
        <country>Russian Federation</country>
      </address>
    </facility>
  </location>
  <location>
    <facility>
      <name>State Healthcare Institution &quot;Samarskaya Regional Clinical Hosptital named after M.I.Kalinin&quot;</name>
      <address>
        <city>Samara</city>
        <zip>443095</zip>
        <country>Russian Federation</country>
      </address>
    </facility>
  </location>
  <location>
    <facility>
      <name>Saint-Petersburg State Pediatric Medical Academy of Ministry of Health and Social</name>
      <address>
        <city>St. Petersburg</city>
        <zip>194100</zip>
        <country>Russian Federation</country>
      </address>
    </facility>
  </location>
  <location>
    <facility>
      <name>Saint Petersburg Scientific and Research Psycho-Neurology Institute</name>
      <address>
        <city>St.-Petersburg</city>
        <zip>192019</zip>
        <country>Russian Federation</country>
      </address>
    </facility>
  </location>
  <location>
    <facility>
      <name>Yaroslavskay State Medical Academy of Roszdrav</name>
      <address>
        <city>Yaroslavl</city>
        <zip>150030</zip>
        <country>Russian Federation</country>
      </address>
    </facility>
  </location>
  <location>
    <facility>
      <name>Donetsk Region Child Clinical Centre of Neuroreabilitation</name>
      <address>
        <city>Donetsk</city>
        <zip>83052</zip>
        <country>Ukraine</country>
      </address>
    </facility>
  </location>
  <location>
    <facility>
      <name>Regional psycho-neurological hospital #3</name>
      <address>
        <city>Ivano-Frankivsk</city>
        <zip>76014</zip>
        <country>Ukraine</country>
      </address>
    </facility>
  </location>
  <location>
    <facility>
      <name>chair of neuropathology and pediatric neurology of Kharkov Medical Academy</name>
      <address>
        <city>Kharkov</city>
        <zip>61018</zip>
        <country>Ukraine</country>
      </address>
    </facility>
  </location>
  <location>
    <facility>
      <name>Danylo Galytskyy Lviv National Medical University</name>
      <address>
        <city>Lviv</city>
        <zip>79010</zip>
        <country>Ukraine</country>
      </address>
    </facility>
  </location>
  <location>
    <facility>
      <name>Communal institution &quot;Child City Hospital #3&quot;</name>
      <address>
        <city>Odesa</city>
        <zip>65125</zip>
        <country>Ukraine</country>
      </address>
    </facility>
  </location>
  <location>
    <facility>
      <name>Vinnytsya National Medical University,Vinnytsya Regional Psychoneurological Hospital</name>
      <address>
        <city>Vinnitsa</city>
        <zip>21005</zip>
        <country>Ukraine</country>
      </address>
    </facility>
  </location>
  <location>
    <facility>
      <name>Zaporizhya regional clinical children hospital</name>
      <address>
        <city>Zaporozhye</city>
        <zip>69063</zip>
        <country>Ukraine</country>
      </address>
    </facility>
  </location>
  <location_countries>
    <country>Italy</country>
    <country>Netherlands</country>
    <country>Poland</country>
    <country>Russian Federation</country>
    <country>Ukraine</country>
  </location_countries>
  <verification_date>October 2014</verification_date>
  <lastchanged_date>October 23, 2014</lastchanged_date>
  <firstreceived_date>February 3, 2012</firstreceived_date>
  <firstreceived_results_date>January 10, 2014</firstreceived_results_date>
  <responsible_party>
    <responsible_party_type>Sponsor</responsible_party_type>
  </responsible_party>
  <keyword>Partial Epilepsy</keyword>
  <keyword>eslicarbazepine acetate</keyword>
  <keyword>Children</keyword>
  <is_fda_regulated>No</is_fda_regulated>
  <has_expanded_access>No</has_expanded_access>
  <condition_browse>
    <!-- CAUTION:  The following MeSH terms are assigned with an imperfect algorithm  -->
    <mesh_term>Epilepsies, Partial</mesh_term>
  </condition_browse>
  <intervention_browse>
    <!-- CAUTION:  The following MeSH terms are assigned with an imperfect algorithm  -->
    <mesh_term>Eslicarbazepine acetate</mesh_term>
  </intervention_browse>

  <clinical_results>

    <participant_flow>
      <group_list>
        <group group_id="P1">
          <title>Placebo</title>
          <description>Placebo Once-Daily (QD)</description>
        </group>
        <group group_id="P2">
          <title>Esl (BIA 2-093)</title>
          <description>Eslicarbazepine acetate (BIA 2-093): ESL 10-30 mg/kg/day QD (maximum 1200 mg/day).</description>
        </group>
      </group_list>
      <period_list>
        <period>
          <title>Double Blind Period (DB) - Part I</title>
          <milestone_list>
            <milestone>
              <title>STARTED</title>
              <participants_list>
                <participants group_id="P1" count="40"/>
                <participants group_id="P2" count="83"/>
              </participants_list>
            </milestone>
            <milestone>
              <title>Randomized</title>
              <participants_list>
                <participants group_id="P1" count="40"/>
                <participants group_id="P2" count="83"/>
              </participants_list>
            </milestone>
            <milestone>
              <title>Safety Population</title>
              <participants_list>
                <participants group_id="P1" count="40"/>
                <participants group_id="P2" count="83"/>
              </participants_list>
            </milestone>
            <milestone>
              <title>Entered Maintenance Period</title>
              <participants_list>
                <participants group_id="P1" count="40"/>
                <participants group_id="P2" count="76"/>
              </participants_list>
            </milestone>
            <milestone>
              <title>Completed the Double Blind (DB)- Part I</title>
              <participants_list>
                <participants group_id="P1" count="37"/>
                <participants group_id="P2" count="75"/>
              </participants_list>
            </milestone>
            <milestone>
              <title>Eligible for Open Label Period (OL)</title>
              <participants_list>
                <participants group_id="P1" count="37"/>
                <participants group_id="P2" count="75"/>
              </participants_list>
            </milestone>
            <milestone>
              <title>Efficacy PP Population</title>
              <participants_list>
                <participants group_id="P1" count="37"/>
                <participants group_id="P2" count="67"/>
              </participants_list>
            </milestone>
            <milestone>
              <title>Per-protocol (PP) Population</title>
              <participants_list>
                <participants group_id="P1" count="36"/>
                <participants group_id="P2" count="66"/>
              </participants_list>
            </milestone>
            <milestone>
              <title>COMPLETED</title>
              <participants_list>
                <participants group_id="P1" count="37"/>
                <participants group_id="P2" count="75"/>
              </participants_list>
            </milestone>
            <milestone>
              <title>NOT COMPLETED</title>
              <participants_list>
                <participants group_id="P1" count="3"/>
                <participants group_id="P2" count="8"/>
              </participants_list>
            </milestone>
          </milestone_list>
        </period>
        <period>
          <title>Eligible for 1-Year Open Label Period</title>
          <milestone_list>
            <milestone>
              <title>STARTED</title>
              <participants_list>
                <participants group_id="P1" count="0"/>
                <participants group_id="P2" count="112">Participants that were eligible to participate in for 1-Year Open Label Period - Part II</participants>
              </participants_list>
            </milestone>
            <milestone>
              <title>COMPLETED</title>
              <participants_list>
                <participants group_id="P1" count="0"/>
                <participants group_id="P2" count="95"/>
              </participants_list>
            </milestone>
            <milestone>
              <title>NOT COMPLETED</title>
              <participants_list>
                <participants group_id="P1" count="0"/>
                <participants group_id="P2" count="17"/>
              </participants_list>
            </milestone>
          </milestone_list>
        </period>
      </period_list>
    </participant_flow>

    <baseline>
      <group_list>
        <group group_id="B1">
          <title>Esl (BIA 2-093)</title>
          <description>Eslicarbazepine acetate (BIA 2-093): ESL 30 mg/kg/day QD (maximum 1200 mg/day).</description>
        </group>
        <group group_id="B2">
          <title>Placebo</title>
          <description>Placebo QD</description>
        </group>
        <group group_id="B3">
          <title>Total</title>
          <description>Total of all reporting groups</description>
        </group>
      </group_list>
      <measure_list>
        <measure>
          <title>Number of Participants</title>
          <units>participants</units>
          <param>Number</param>
          <category_list>
            <category>
              <measurement_list>
                <measurement group_id="B1" value="83"/>
                <measurement group_id="B2" value="40"/>
                <measurement group_id="B3" value="123"/>
              </measurement_list>
            </category>
          </category_list>
        </measure>
        <measure>
          <title>Age, Customized</title>
          <units>participants</units>
          <param>Number</param>
          <category_list>
            <category>
              <sub_title>6-11 Years</sub_title>
              <measurement_list>
                <measurement group_id="B1" value="36"/>
                <measurement group_id="B2" value="18"/>
                <measurement group_id="B3" value="54"/>
              </measurement_list>
            </category>
            <category>
              <sub_title>12-16 Years</sub_title>
              <measurement_list>
                <measurement group_id="B1" value="47"/>
                <measurement group_id="B2" value="22"/>
                <measurement group_id="B3" value="69"/>
              </measurement_list>
            </category>
          </category_list>
        </measure>
        <measure>
          <title>Gender</title>
          <units>participants</units>
          <param>Number</param>
          <category_list>
            <category>
              <sub_title>Female</sub_title>
              <measurement_list>
                <measurement group_id="B1" value="36"/>
                <measurement group_id="B2" value="14"/>
                <measurement group_id="B3" value="50"/>
              </measurement_list>
            </category>
            <category>
              <sub_title>Male</sub_title>
              <measurement_list>
                <measurement group_id="B1" value="47"/>
                <measurement group_id="B2" value="26"/>
                <measurement group_id="B3" value="73"/>
              </measurement_list>
            </category>
          </category_list>
        </measure>
        <measure>
          <title>Race/Ethnicity, Customized</title>
          <units>participants</units>
          <param>Number</param>
          <category_list>
            <category>
              <sub_title>Caucasian</sub_title>
              <measurement_list>
                <measurement group_id="B1" value="83"/>
                <measurement group_id="B2" value="39"/>
                <measurement group_id="B3" value="122"/>
              </measurement_list>
            </category>
            <category>
              <sub_title>South American</sub_title>
              <measurement_list>
                <measurement group_id="B1" value="0"/>
                <measurement group_id="B2" value="0"/>
                <measurement group_id="B3" value="0"/>
              </measurement_list>
            </category>
            <category>
              <sub_title>African (Black)</sub_title>
              <measurement_list>
                <measurement group_id="B1" value="0"/>
                <measurement group_id="B2" value="1"/>
                <measurement group_id="B3" value="1"/>
              </measurement_list>
            </category>
            <category>
              <sub_title>Asian</sub_title>
              <measurement_list>
                <measurement group_id="B1" value="0"/>
                <measurement group_id="B2" value="0"/>
                <measurement group_id="B3" value="0"/>
              </measurement_list>
            </category>
            <category>
              <sub_title>Other</sub_title>
              <measurement_list>
                <measurement group_id="B1" value="0"/>
                <measurement group_id="B2" value="0"/>
                <measurement group_id="B3" value="0"/>
              </measurement_list>
            </category>
          </category_list>
        </measure>
      </measure_list>
    </baseline>

    <outcome_list>
      <outcome>
        <type>Primary</type>
        <title>Change From Baseline in Power of Attention Score to the End of the Double Blind (DB) Period</title>
        <description>Power of Attention was defined as the sum of the reaction time measures from the attentional tasks (simple [dominant hand only] reaction time, choice reaction time and digit vigilance speed) in order to assess information processing speed and attention/psychomotor speed.Change from baseline to the end of the double-blind period in Power of Attention will be compared between the treatment groups using an ANCOVA. Non-inferiority of ESL vs Placebo will be assessed by comparing the 95% CI’s upper bound of the difference of Least Squares Mean (LSmeans) between treatment groups (ESL-placebo) with 121 ms. If the upper bound is greater than 121 ms then the null hypothesis that the change from baseline in the Power of Attention score in ESL group is at least 121 ms inferior than the placebo group will be rejected. Single Values were calculated the average of post treatment visits (visits 5 and 7or EDV) minus average of baseline visits (visits 1 and 2)</description>
        <time_frame>Visit 1 (-4 weeks for training), Visit 2 (Day 1), Visit 5 (6 weeks), Visit 7 (12 weeks) or at early discontinuation visit (EDV)</time_frame>
        <safety_issue>No</safety_issue>
        <population>The primary analysis was based on the Cognitive Per-protocol (PP) population – all patients in the Modified Cognitive Intent-to-Treat (ITT) population who completed the 8-week maintenance period and were not Important Protocol Deviations (IPDs) with respect to the primary cognitive endpoint.</population>
        <group_list>
          <group group_id="O1">
            <title>Placebo</title>
            <description>Placebo QD</description>
          </group>
          <group group_id="O2">
            <title>Esl (BIA 2-093)</title>
            <description>Eslicarbazepine acetate (BIA 2-093): ESL 30 mg/kg/day QD (maximum 1200 mg/day).</description>
          </group>
        </group_list>
        <measure_list>
          <measure>
            <title>Number of Participants</title>
            <units>participants</units>
            <param>Number</param>
            <category_list>
              <category>
                <measurement_list>
                  <measurement group_id="O1" value="34"/>
                  <measurement group_id="O2" value="60"/>
                </measurement_list>
              </category>
            </category_list>
          </measure>
          <measure>
            <title>Change From Baseline in Power of Attention Score to the End of the Double Blind (DB) Period</title>
            <description>Power of Attention was defined as the sum of the reaction time measures from the attentional tasks (simple [dominant hand only] reaction time, choice reaction time and digit vigilance speed) in order to assess information processing speed and attention/psychomotor speed.Change from baseline to the end of the double-blind period in Power of Attention will be compared between the treatment groups using an ANCOVA. Non-inferiority of ESL vs Placebo will be assessed by comparing the 95% CI’s upper bound of the difference of Least Squares Mean (LSmeans) between treatment groups (ESL-placebo) with 121 ms. If the upper bound is greater than 121 ms then the null hypothesis that the change from baseline in the Power of Attention score in ESL group is at least 121 ms inferior than the placebo group will be rejected. Single Values were calculated the average of post treatment visits (visits 5 and 7or EDV) minus average of baseline visits (visits 1 and 2)</description>
            <units>Milli seconds (ms)</units>
            <param>Mean</param>
            <dispersion>Standard Error</dispersion>
            <category_list>
              <category>
                <measurement_list>
                  <measurement group_id="O1" value="111.085" spread="76.4254"/>
                  <measurement group_id="O2" value="59.122" spread="52.0904"/>
                </measurement_list>
              </category>
            </category_list>
          </measure>
        </measure_list>
        <analysis_list>
          <analysis>
            <group_id_list>
              <group_id>O1</group_id>
              <group_id>O2</group_id>
            </group_id_list>
            <non_inferiority>Yes</non_inferiority>
            <non_inferiority_desc>A 121ms non-inferiority margin was selected based on a previous study with Cognitive Drug Research (CDR) system comparing newly diagnosed patients to a healthy normative sample.
Assuming a Standard Deviation (SD) of 202.3 for the Power of Attention score, a total of 102 patients in the PP population would provide 80% power to reject the null hypothesis that the mean increase from baseline Power of Attention was at least 121 ms smaller in the placebo group.</non_inferiority_desc>
            <p_value>0.700</p_value>
            <method>95% CI lower bound vs non-inf margin</method>
            <param_type>Mean Difference (Final Values)</param_type>
            <param_value>33.2001</param_value>
            <ci_percent>95</ci_percent>
            <ci_n_sides>2-Sided</ci_n_sides>
            <ci_lower_limit>-137.593</ci_lower_limit>
            <ci_upper_limit>203.993</ci_upper_limit>
          </analysis>
        </analysis_list>
      </outcome>
      <outcome>
        <type>Secondary</type>
        <title>Change From Baseline in Standardized Seizure Frequency - Part I</title>
        <time_frame>Baseline; Titration Period (4 Weeks: V2-V3-V4)</time_frame>
        <safety_issue>No</safety_issue>
        <population>Modified Efficacy ITT population – all randomized patients who received at least one dose of study treatment after randomization and had at least one post-baseline seizure frequency assessment.</population>
        <group_list>
          <group group_id="O1">
            <title>Placebo</title>
            <description>Placebo QD</description>
          </group>
          <group group_id="O2">
            <title>Esl (BIA 2-093)</title>
            <description>Eslicarbazepine acetate (BIA 2-093): ESL 30 mg/kg/day QD (maximum 1200 mg/day).</description>
          </group>
        </group_list>
        <measure_list>
          <measure>
            <title>Number of Participants</title>
            <units>participants</units>
            <param>Number</param>
            <category_list>
              <category>
                <measurement_list>
                  <measurement group_id="O1" value="40"/>
                  <measurement group_id="O2" value="83"/>
                </measurement_list>
              </category>
            </category_list>
          </measure>
          <measure>
            <title>Change From Baseline in Standardized Seizure Frequency - Part I</title>
            <units>Seizures per week</units>
            <param>Mean</param>
            <dispersion>Standard Deviation</dispersion>
            <category_list>
              <category>
                <measurement_list>
                  <measurement group_id="O1" value="-9.13" spread="75.602"/>
                  <measurement group_id="O2" value="-31.03" spread="87.963"/>
                </measurement_list>
              </category>
            </category_list>
          </measure>
        </measure_list>
        <analysis_list>
          <analysis>
            <group_id_list>
              <group_id>O1</group_id>
              <group_id>O2</group_id>
            </group_id_list>
            <non_inferiority>Yes</non_inferiority>
            <non_inferiority_desc>A 121ms non-inferiority margin was selected based on a previous study with Cognitive Drug Research (CDR) system comparing newly diagnosed patients to a healthy normative sample.
Assuming a Standard Deviation (SD) of 202.3 for the Power of Attention score, a total of 102 patients in the PP population would provide 80% power to reject the null hypothesis that the mean increase from baseline Power of Attention was at least 121 ms smaller in the placebo group.</non_inferiority_desc>
            <p_value>&lt;0.700</p_value>
            <method>ANCOVA</method>
            <param_type>95% CI lower bound vs non-inf margin</param_type>
            <param_value>33.2001</param_value>
            <ci_percent>95</ci_percent>
            <ci_n_sides>2-Sided</ci_n_sides>
            <ci_lower_limit>-137.593</ci_lower_limit>
            <ci_upper_limit>203.993</ci_upper_limit>
            <estimate_desc>The predefined non-inferiority margin was -121ms.</estimate_desc>
          </analysis>
        </analysis_list>
      </outcome>
      <outcome>
        <type>Secondary</type>
        <title>Change From Baseline in Seizure Frequency During the One-year Open-Label (OL)</title>
        <description>Overall Change from Baseline in Seizure Frequency per week for the One-Year Open-Label Period</description>
        <time_frame>Weeks 1 to ≥ 41 weeks</time_frame>
        <safety_issue>No</safety_issue>
        <population>Modified Efficacy Intent-to-Treat (ITT) population– all randomized patients who received at least one dose of study treatment after randomization and had at least one post-baseline seizure frequency assessment.</population>
        <group_list>
          <group group_id="O1">
            <title>Esl PART II</title>
            <description>Eslicarbazepine acetate (ESL) 10-30 mg/kg/day QD (maximum 1200 mg/day).</description>
          </group>
        </group_list>
        <measure_list>
          <measure>
            <title>Number of Participants</title>
            <units>participants</units>
            <param>Number</param>
            <category_list>
              <category>
                <measurement_list>
                  <measurement group_id="O1" value="112"/>
                </measurement_list>
              </category>
            </category_list>
          </measure>
          <measure>
            <title>Change From Baseline in Seizure Frequency During the One-year Open-Label (OL)</title>
            <description>Overall Change from Baseline in Seizure Frequency per week for the One-Year Open-Label Period</description>
            <units>Seizure per week</units>
            <param>Mean</param>
            <dispersion>Standard Error</dispersion>
            <category_list>
              <category>
                <measurement_list>
                  <measurement group_id="O1" value="-3.03" spread="31.370"/>
                </measurement_list>
              </category>
            </category_list>
          </measure>
        </measure_list>
      </outcome>
    </outcome_list>

    <reported_events>
      <time_frame>throughout the study</time_frame>
      <group_list>
        <group group_id="E1">
          <title>Placebo</title>
          <description>Placebo QD</description>
        </group>
        <group group_id="E2">
          <title>Part I - ESL</title>
          <description>Eslicarbazepine acetate (ESL) - 30 mg/kg/day QD maximum 1200 mg/day.</description>
        </group>
        <group group_id="E3">
          <title>Part II - ESL</title>
          <description>Eslicarbazepine acetate (ESL) - 30 mg/kg/day QD maximum 1200 mg/day.</description>
        </group>
      </group_list>
      <serious_events>
        <default_vocab>MedDRA (Unspecified)</default_vocab>
        <default_assessment>Systematic Assessment</default_assessment>
        <category_list>
          <category>
            <title>Total</title>
            <event_list>
              <event>
                <sub_title>Total, serious adverse events</sub_title>
                <counts group_id="E1" subjects_affected="2" subjects_at_risk="40"/>
                <counts group_id="E2" subjects_affected="3" subjects_at_risk="83"/>
                <counts group_id="E3" subjects_affected="8" subjects_at_risk="112"/>
              </event>
            </event_list>
          </category>
          <category>
            <title>Cardiac disorders</title>
            <event_list>
              <event>
                <sub_title>MITRALIC INSUFFICIENCY</sub_title>
                <counts group_id="E1" subjects_affected="0" subjects_at_risk="40"/>
                <counts group_id="E2" subjects_affected="1" subjects_at_risk="83"/>
                <counts group_id="E3" subjects_affected="0" subjects_at_risk="112"/>
              </event>
            </event_list>
          </category>
          <category>
            <title>Infections and infestations</title>
            <event_list>
              <event>
                <sub_title>ACUTE BRONCHITIS</sub_title>
                <counts group_id="E1" subjects_affected="1" subjects_at_risk="40"/>
                <counts group_id="E2" subjects_affected="0" subjects_at_risk="83"/>
                <counts group_id="E3" subjects_affected="0" subjects_at_risk="112"/>
              </event>
              <event>
                <sub_title>Hepatitis infectious mononucleosis</sub_title>
                <counts group_id="E1" subjects_affected="0" subjects_at_risk="40"/>
                <counts group_id="E2" subjects_affected="0" subjects_at_risk="83"/>
                <counts group_id="E3" subjects_affected="1" subjects_at_risk="112"/>
              </event>
              <event>
                <sub_title>Respiratory tract infection viral</sub_title>
                <counts group_id="E1" subjects_affected="0" subjects_at_risk="40"/>
                <counts group_id="E2" subjects_affected="0" subjects_at_risk="83"/>
                <counts group_id="E3" subjects_affected="1" subjects_at_risk="112"/>
              </event>
            </event_list>
          </category>
          <category>
            <title>Injury, poisoning and procedural complications</title>
            <event_list>
              <event>
                <sub_title>FRACTURE OF NOSE</sub_title>
                <counts group_id="E1" subjects_affected="0" subjects_at_risk="40"/>
                <counts group_id="E2" subjects_affected="1" subjects_at_risk="83"/>
                <counts group_id="E3" subjects_affected="0" subjects_at_risk="112"/>
              </event>
              <event>
                <sub_title>Radius fracture</sub_title>
                <counts group_id="E1" subjects_affected="0" subjects_at_risk="40"/>
                <counts group_id="E2" subjects_affected="0" subjects_at_risk="83"/>
                <counts group_id="E3" subjects_affected="1" subjects_at_risk="112"/>
              </event>
              <event>
                <sub_title>Thermal burn</sub_title>
                <counts group_id="E1" subjects_affected="0" subjects_at_risk="40"/>
                <counts group_id="E2" subjects_affected="0" subjects_at_risk="83"/>
                <counts group_id="E3" subjects_affected="1" subjects_at_risk="112"/>
              </event>
            </event_list>
          </category>
          <category>
            <title>Metabolism and nutrition disorders</title>
            <event_list>
              <event>
                <sub_title>TYPE 1 DIABETES MELLITUS</sub_title>
                <counts group_id="E1" subjects_affected="0" subjects_at_risk="40"/>
                <counts group_id="E2" subjects_affected="1" subjects_at_risk="83"/>
                <counts group_id="E3" subjects_affected="0" subjects_at_risk="112"/>
              </event>
            </event_list>
          </category>
          <category>
            <title>Nervous system disorders</title>
            <event_list>
              <event>
                <sub_title>INCREASED SEIZURE FREQUENCY OF COMPLEX MOTOR PARTIAL SEIZURES</sub_title>
                <counts group_id="E1" subjects_affected="1" subjects_at_risk="40"/>
                <counts group_id="E2" subjects_affected="0" subjects_at_risk="83"/>
                <counts group_id="E3" subjects_affected="0" subjects_at_risk="112"/>
              </event>
              <event>
                <sub_title>COMPLEX PARTIAL STATUS</sub_title>
                <counts group_id="E1" subjects_affected="0" subjects_at_risk="40"/>
                <counts group_id="E2" subjects_affected="1" subjects_at_risk="83"/>
                <counts group_id="E3" subjects_affected="0" subjects_at_risk="112"/>
              </event>
              <event>
                <sub_title>Convulsion</sub_title>
                <counts group_id="E1" subjects_affected="0" subjects_at_risk="40"/>
                <counts group_id="E2" subjects_affected="0" subjects_at_risk="83"/>
                <counts group_id="E3" subjects_affected="3" subjects_at_risk="112"/>
              </event>
            </event_list>
          </category>
          <category>
            <title>Skin and subcutaneous tissue disorders</title>
            <event_list>
              <event>
                <sub_title>Urticaria</sub_title>
                <counts group_id="E1" subjects_affected="0" subjects_at_risk="40"/>
                <counts group_id="E2" subjects_affected="0" subjects_at_risk="83"/>
                <counts group_id="E3" subjects_affected="1" subjects_at_risk="112"/>
              </event>
            </event_list>
          </category>
        </category_list>
      </serious_events>
      <other_events>
        <frequency_threshold>0</frequency_threshold>
        <default_vocab>MedDRA (Unspecified)</default_vocab>
        <default_assessment>Systematic Assessment</default_assessment>
        <category_list>
          <category>
            <title>Total</title>
            <event_list>
              <event>
                <sub_title>Total, other adverse events</sub_title>
                <counts group_id="E1" subjects_affected="21" subjects_at_risk="40"/>
                <counts group_id="E2" subjects_affected="35" subjects_at_risk="83"/>
                <counts group_id="E3" subjects_affected="45" subjects_at_risk="112"/>
              </event>
            </event_list>
          </category>
          <category>
            <title>Blood and lymphatic system disorders</title>
            <event_list>
              <event>
                <sub_title>Anaemia</sub_title>
                <counts group_id="E1" subjects_affected="0" subjects_at_risk="40"/>
                <counts group_id="E2" subjects_affected="0" subjects_at_risk="83"/>
                <counts group_id="E3" subjects_affected="1" subjects_at_risk="112"/>
              </event>
              <event>
                <sub_title>Monocytosis</sub_title>
                <counts group_id="E1" subjects_affected="0" subjects_at_risk="40"/>
                <counts group_id="E2" subjects_affected="0" subjects_at_risk="83"/>
                <counts group_id="E3" subjects_affected="1" subjects_at_risk="112"/>
              </event>
              <event>
                <sub_title>Thrombocytopenia</sub_title>
                <counts group_id="E1" subjects_affected="0" subjects_at_risk="40"/>
                <counts group_id="E2" subjects_affected="0" subjects_at_risk="83"/>
                <counts group_id="E3" subjects_affected="1" subjects_at_risk="112"/>
              </event>
            </event_list>
          </category>
          <category>
            <title>Cardiac disorders</title>
            <event_list>
              <event>
                <sub_title>Mitral valve incompetence</sub_title>
                <counts group_id="E1" subjects_affected="0" subjects_at_risk="40"/>
                <counts group_id="E2" subjects_affected="1" subjects_at_risk="83"/>
                <counts group_id="E3" subjects_affected="0" subjects_at_risk="112"/>
              </event>
              <event>
                <sub_title>Ventricular extrasystoles</sub_title>
                <counts group_id="E1" subjects_affected="0" subjects_at_risk="40"/>
                <counts group_id="E2" subjects_affected="1" subjects_at_risk="83"/>
                <counts group_id="E3" subjects_affected="1" subjects_at_risk="112"/>
              </event>
            </event_list>
          </category>
          <category>
            <title>Ear and labyrinth disorders</title>
            <event_list>
              <event>
                <sub_title>Deafness</sub_title>
                <counts group_id="E1" subjects_affected="1" subjects_at_risk="40"/>
                <counts group_id="E2" subjects_affected="0" subjects_at_risk="83"/>
                <counts group_id="E3" subjects_affected="0" subjects_at_risk="112"/>
              </event>
              <event>
                <sub_title>Vertigo</sub_title>
                <counts group_id="E1" subjects_affected="0" subjects_at_risk="40"/>
                <counts group_id="E2" subjects_affected="0" subjects_at_risk="83"/>
                <counts group_id="E3" subjects_affected="1" subjects_at_risk="112"/>
              </event>
            </event_list>
          </category>
          <category>
            <title>Endocrine disorders</title>
            <event_list>
              <event>
                <sub_title>Hypothalamo-pituitary disorder</sub_title>
                <counts group_id="E1" subjects_affected="0" subjects_at_risk="40"/>
                <counts group_id="E2" subjects_affected="1" subjects_at_risk="83"/>
                <counts group_id="E3" subjects_affected="0" subjects_at_risk="112"/>
              </event>
              <event>
                <sub_title>Hypothyroidism</sub_title>
                <counts group_id="E1" subjects_affected="1" subjects_at_risk="40"/>
                <counts group_id="E2" subjects_affected="0" subjects_at_risk="83"/>
                <counts group_id="E3" subjects_affected="0" subjects_at_risk="112"/>
              </event>
              <event>
                <sub_title>Autoimmune thyroiditis</sub_title>
                <counts group_id="E1" subjects_affected="0" subjects_at_risk="40"/>
                <counts group_id="E2" subjects_affected="0" subjects_at_risk="83"/>
                <counts group_id="E3" subjects_affected="1" subjects_at_risk="112"/>
              </event>
            </event_list>
          </category>
          <category>
            <title>Eye disorders</title>
            <event_list>
              <event>
                <sub_title>Diplopia</sub_title>
                <counts group_id="E1" subjects_affected="0" subjects_at_risk="40"/>
                <counts group_id="E2" subjects_affected="3" subjects_at_risk="83"/>
                <counts group_id="E3" subjects_affected="2" subjects_at_risk="112"/>
              </event>
              <event>
                <sub_title>Astigmatism</sub_title>
                <counts group_id="E1" subjects_affected="1" subjects_at_risk="40"/>
                <counts group_id="E2" subjects_affected="0" subjects_at_risk="83"/>
                <counts group_id="E3" subjects_affected="1" subjects_at_risk="112"/>
              </event>
              <event>
                <sub_title>Conjunctivitis</sub_title>
                <counts group_id="E1" subjects_affected="0" subjects_at_risk="40"/>
                <counts group_id="E2" subjects_affected="1" subjects_at_risk="83"/>
                <counts group_id="E3" subjects_affected="0" subjects_at_risk="112"/>
              </event>
            </event_list>
          </category>
          <category>
            <title>Gastrointestinal disorders</title>
            <event_list>
              <event>
                <sub_title>Vomiting</sub_title>
                <counts group_id="E1" subjects_affected="1" subjects_at_risk="40"/>
                <counts group_id="E2" subjects_affected="5" subjects_at_risk="83"/>
                <counts group_id="E3" subjects_affected="4" subjects_at_risk="112"/>
              </event>
              <event>
                <sub_title>Nausea</sub_title>
                <counts group_id="E1" subjects_affected="2" subjects_at_risk="40"/>
                <counts group_id="E2" subjects_affected="2" subjects_at_risk="83"/>
                <counts group_id="E3" subjects_affected="2" subjects_at_risk="112"/>
              </event>
              <event>
                <sub_title>Abdominal pain</sub_title>
                <counts group_id="E1" subjects_affected="1" subjects_at_risk="40"/>
                <counts group_id="E2" subjects_affected="2" subjects_at_risk="83"/>
                <counts group_id="E3" subjects_affected="1" subjects_at_risk="112"/>
              </event>
              <event>
                <sub_title>Dyspepsia</sub_title>
                <counts group_id="E1" subjects_affected="0" subjects_at_risk="40"/>
                <counts group_id="E2" subjects_affected="1" subjects_at_risk="83"/>
                <counts group_id="E3" subjects_affected="0" subjects_at_risk="112"/>
              </event>
              <event>
                <sub_title>Gastritis</sub_title>
                <counts group_id="E1" subjects_affected="1" subjects_at_risk="40"/>
                <counts group_id="E2" subjects_affected="0" subjects_at_risk="83"/>
                <counts group_id="E3" subjects_affected="0" subjects_at_risk="112"/>
              </event>
            </event_list>
          </category>
          <category>
            <title>General disorders</title>
            <event_list>
              <event>
                <sub_title>Pyrexia</sub_title>
                <counts group_id="E1" subjects_affected="2" subjects_at_risk="40"/>
                <counts group_id="E2" subjects_affected="1" subjects_at_risk="83"/>
                <counts group_id="E3" subjects_affected="4" subjects_at_risk="112"/>
              </event>
              <event>
                <sub_title>Chest pain</sub_title>
                <counts group_id="E1" subjects_affected="0" subjects_at_risk="40"/>
                <counts group_id="E2" subjects_affected="1" subjects_at_risk="83"/>
                <counts group_id="E3" subjects_affected="0" subjects_at_risk="112"/>
              </event>
              <event>
                <sub_title>Feeling abnormal</sub_title>
                <counts group_id="E1" subjects_affected="0" subjects_at_risk="40"/>
                <counts group_id="E2" subjects_affected="1" subjects_at_risk="83"/>
                <counts group_id="E3" subjects_affected="0" subjects_at_risk="112"/>
              </event>
              <event>
                <sub_title>Irritability</sub_title>
                <counts group_id="E1" subjects_affected="0" subjects_at_risk="40"/>
                <counts group_id="E2" subjects_affected="1" subjects_at_risk="83"/>
                <counts group_id="E3" subjects_affected="1" subjects_at_risk="112"/>
              </event>
            </event_list>
          </category>
          <category>
            <title>Infections and infestations</title>
            <event_list>
              <event>
                <sub_title>Respiratory Tract Infection Viral</sub_title>
                <counts group_id="E1" subjects_affected="0" subjects_at_risk="40"/>
                <counts group_id="E2" subjects_affected="3" subjects_at_risk="83"/>
                <counts group_id="E3" subjects_affected="6" subjects_at_risk="112"/>
              </event>
              <event>
                <sub_title>Bronchitis</sub_title>
                <counts group_id="E1" subjects_affected="1" subjects_at_risk="40"/>
                <counts group_id="E2" subjects_affected="2" subjects_at_risk="83"/>
                <counts group_id="E3" subjects_affected="3" subjects_at_risk="112"/>
              </event>
              <event>
                <sub_title>Ear infection</sub_title>
                <counts group_id="E1" subjects_affected="0" subjects_at_risk="40"/>
                <counts group_id="E2" subjects_affected="1" subjects_at_risk="83"/>
                <counts group_id="E3" subjects_affected="2" subjects_at_risk="112"/>
              </event>
              <event>
                <sub_title>Gastrointestinal viral infection</sub_title>
                <counts group_id="E1" subjects_affected="0" subjects_at_risk="40"/>
                <counts group_id="E2" subjects_affected="1" subjects_at_risk="83"/>
                <counts group_id="E3" subjects_affected="1" subjects_at_risk="112"/>
              </event>
              <event>
                <sub_title>Hepatitis viral</sub_title>
                <counts group_id="E1" subjects_affected="1" subjects_at_risk="40"/>
                <counts group_id="E2" subjects_affected="0" subjects_at_risk="83"/>
                <counts group_id="E3" subjects_affected="0" subjects_at_risk="112"/>
              </event>
              <event>
                <sub_title>Herpes simplex</sub_title>
                <counts group_id="E1" subjects_affected="0" subjects_at_risk="40"/>
                <counts group_id="E2" subjects_affected="1" subjects_at_risk="83"/>
                <counts group_id="E3" subjects_affected="0" subjects_at_risk="112"/>
              </event>
              <event>
                <sub_title>Influenza</sub_title>
                <counts group_id="E1" subjects_affected="0" subjects_at_risk="40"/>
                <counts group_id="E2" subjects_affected="1" subjects_at_risk="83"/>
                <counts group_id="E3" subjects_affected="3" subjects_at_risk="112"/>
              </event>
              <event>
                <sub_title>Pharyngitis</sub_title>
                <counts group_id="E1" subjects_affected="1" subjects_at_risk="40"/>
                <counts group_id="E2" subjects_affected="0" subjects_at_risk="83"/>
                <counts group_id="E3" subjects_affected="1" subjects_at_risk="112"/>
              </event>
              <event>
                <sub_title>Pneumonia</sub_title>
                <counts group_id="E1" subjects_affected="0" subjects_at_risk="40"/>
                <counts group_id="E2" subjects_affected="1" subjects_at_risk="83"/>
                <counts group_id="E3" subjects_affected="0" subjects_at_risk="112"/>
              </event>
              <event>
                <sub_title>Rhinitis</sub_title>
                <counts group_id="E1" subjects_affected="1" subjects_at_risk="40"/>
                <counts group_id="E2" subjects_affected="0" subjects_at_risk="83"/>
                <counts group_id="E3" subjects_affected="1" subjects_at_risk="112"/>
              </event>
              <event>
                <sub_title>Varicella</sub_title>
                <counts group_id="E1" subjects_affected="1" subjects_at_risk="40"/>
                <counts group_id="E2" subjects_affected="1" subjects_at_risk="83"/>
                <counts group_id="E3" subjects_affected="0" subjects_at_risk="112"/>
              </event>
              <event>
                <sub_title>Acute tonsillitis</sub_title>
                <counts group_id="E1" subjects_affected="0" subjects_at_risk="40"/>
                <counts group_id="E2" subjects_affected="0" subjects_at_risk="83"/>
                <counts group_id="E3" subjects_affected="2" subjects_at_risk="112"/>
              </event>
              <event>
                <sub_title>Chronic tonsillitis</sub_title>
                <counts group_id="E1" subjects_affected="0" subjects_at_risk="40"/>
                <counts group_id="E2" subjects_affected="0" subjects_at_risk="83"/>
                <counts group_id="E3" subjects_affected="1" subjects_at_risk="112"/>
              </event>
              <event>
                <sub_title>Gastroenteritis</sub_title>
                <counts group_id="E1" subjects_affected="0" subjects_at_risk="40"/>
                <counts group_id="E2" subjects_affected="0" subjects_at_risk="83"/>
                <counts group_id="E3" subjects_affected="1" subjects_at_risk="112"/>
              </event>
              <event>
                <sub_title>Hepatitis infectious mononucleosis</sub_title>
                <counts group_id="E1" subjects_affected="0" subjects_at_risk="40"/>
                <counts group_id="E2" subjects_affected="0" subjects_at_risk="83"/>
                <counts group_id="E3" subjects_affected="1" subjects_at_risk="112"/>
              </event>
              <event>
                <sub_title>Nasopharyngitis</sub_title>
                <counts group_id="E1" subjects_affected="0" subjects_at_risk="40"/>
                <counts group_id="E2" subjects_affected="0" subjects_at_risk="83"/>
                <counts group_id="E3" subjects_affected="3" subjects_at_risk="112"/>
              </event>
              <event>
                <sub_title>Pharyngotonsillitis</sub_title>
                <counts group_id="E1" subjects_affected="0" subjects_at_risk="40"/>
                <counts group_id="E2" subjects_affected="0" subjects_at_risk="83"/>
                <counts group_id="E3" subjects_affected="1" subjects_at_risk="112"/>
              </event>
              <event>
                <sub_title>Respiratory tract infection</sub_title>
                <counts group_id="E1" subjects_affected="2" subjects_at_risk="40"/>
                <counts group_id="E2" subjects_affected="4" subjects_at_risk="83"/>
                <counts group_id="E3" subjects_affected="3" subjects_at_risk="112"/>
              </event>
              <event>
                <sub_title>Rubella</sub_title>
                <counts group_id="E1" subjects_affected="0" subjects_at_risk="40"/>
                <counts group_id="E2" subjects_affected="0" subjects_at_risk="83"/>
                <counts group_id="E3" subjects_affected="1" subjects_at_risk="112"/>
              </event>
              <event>
                <sub_title>Scarlet fever</sub_title>
                <counts group_id="E1" subjects_affected="0" subjects_at_risk="40"/>
                <counts group_id="E2" subjects_affected="0" subjects_at_risk="83"/>
                <counts group_id="E3" subjects_affected="1" subjects_at_risk="112"/>
              </event>
              <event>
                <sub_title>Upper respiratory tract infection</sub_title>
                <counts group_id="E1" subjects_affected="0" subjects_at_risk="40"/>
                <counts group_id="E2" subjects_affected="0" subjects_at_risk="83"/>
                <counts group_id="E3" subjects_affected="1" subjects_at_risk="112"/>
              </event>
            </event_list>
          </category>
          <category>
            <title>Injury, poisoning and procedural complications</title>
            <event_list>
              <event>
                <sub_title>Excoriation</sub_title>
                <counts group_id="E1" subjects_affected="1" subjects_at_risk="40"/>
                <counts group_id="E2" subjects_affected="0" subjects_at_risk="83"/>
                <counts group_id="E3" subjects_affected="0" subjects_at_risk="112"/>
              </event>
              <event>
                <sub_title>Face injury</sub_title>
                <counts group_id="E1" subjects_affected="1" subjects_at_risk="40"/>
                <counts group_id="E2" subjects_affected="0" subjects_at_risk="83"/>
                <counts group_id="E3" subjects_affected="0" subjects_at_risk="112"/>
              </event>
              <event>
                <sub_title>Thermal burn</sub_title>
                <counts group_id="E1" subjects_affected="1" subjects_at_risk="40"/>
                <counts group_id="E2" subjects_affected="0" subjects_at_risk="83"/>
                <counts group_id="E3" subjects_affected="1" subjects_at_risk="112"/>
              </event>
              <event>
                <sub_title>Arthropod sting</sub_title>
                <counts group_id="E1" subjects_affected="0" subjects_at_risk="40"/>
                <counts group_id="E2" subjects_affected="0" subjects_at_risk="83"/>
                <counts group_id="E3" subjects_affected="1" subjects_at_risk="112"/>
              </event>
              <event>
                <sub_title>Head injury</sub_title>
                <counts group_id="E1" subjects_affected="0" subjects_at_risk="40"/>
                <counts group_id="E2" subjects_affected="0" subjects_at_risk="83"/>
                <counts group_id="E3" subjects_affected="2" subjects_at_risk="112"/>
              </event>
              <event>
                <sub_title>Radius fracture</sub_title>
                <counts group_id="E1" subjects_affected="0" subjects_at_risk="40"/>
                <counts group_id="E2" subjects_affected="0" subjects_at_risk="83"/>
                <counts group_id="E3" subjects_affected="1" subjects_at_risk="112"/>
              </event>
              <event>
                <sub_title>Skin laceration</sub_title>
                <counts group_id="E1" subjects_affected="0" subjects_at_risk="40"/>
                <counts group_id="E2" subjects_affected="0" subjects_at_risk="83"/>
                <counts group_id="E3" subjects_affected="1" subjects_at_risk="112"/>
              </event>
            </event_list>
          </category>
          <category>
            <title>Investigations</title>
            <event_list>
              <event>
                <sub_title>Electrocardiogram t wave abnormal</sub_title>
                <counts group_id="E1" subjects_affected="1" subjects_at_risk="40"/>
                <counts group_id="E2" subjects_affected="0" subjects_at_risk="83"/>
                <counts group_id="E3" subjects_affected="0" subjects_at_risk="112"/>
              </event>
              <event>
                <sub_title>Weight decreased</sub_title>
                <counts group_id="E1" subjects_affected="1" subjects_at_risk="40"/>
                <counts group_id="E2" subjects_affected="0" subjects_at_risk="83"/>
                <counts group_id="E3" subjects_affected="0" subjects_at_risk="112"/>
              </event>
              <event>
                <sub_title>Aspartate aminotransferase increased</sub_title>
                <counts group_id="E1" subjects_affected="0" subjects_at_risk="40"/>
                <counts group_id="E2" subjects_affected="0" subjects_at_risk="83"/>
                <counts group_id="E3" subjects_affected="1" subjects_at_risk="112"/>
              </event>
              <event>
                <sub_title>Blood creatine phosphokinase increased</sub_title>
                <counts group_id="E1" subjects_affected="0" subjects_at_risk="40"/>
                <counts group_id="E2" subjects_affected="0" subjects_at_risk="83"/>
                <counts group_id="E3" subjects_affected="1" subjects_at_risk="112"/>
              </event>
            </event_list>
          </category>
          <category>
            <title>Metabolism and nutrition disorders</title>
            <event_list>
              <event>
                <sub_title>Obesity</sub_title>
                <counts group_id="E1" subjects_affected="0" subjects_at_risk="40"/>
                <counts group_id="E2" subjects_affected="1" subjects_at_risk="83"/>
                <counts group_id="E3" subjects_affected="0" subjects_at_risk="112"/>
              </event>
              <event>
                <sub_title>Type 1 diabetes mellitus</sub_title>
                <counts group_id="E1" subjects_affected="0" subjects_at_risk="40"/>
                <counts group_id="E2" subjects_affected="1" subjects_at_risk="83"/>
                <counts group_id="E3" subjects_affected="0" subjects_at_risk="112"/>
              </event>
              <event>
                <sub_title>Decreased appetite</sub_title>
                <counts group_id="E1" subjects_affected="0" subjects_at_risk="40"/>
                <counts group_id="E2" subjects_affected="0" subjects_at_risk="83"/>
                <counts group_id="E3" subjects_affected="1" subjects_at_risk="112"/>
              </event>
            </event_list>
          </category>
          <category>
            <title>Musculoskeletal and connective tissue disorders</title>
            <event_list>
              <event>
                <sub_title>Pain in extremity</sub_title>
                <counts group_id="E1" subjects_affected="0" subjects_at_risk="40"/>
                <counts group_id="E2" subjects_affected="0" subjects_at_risk="83"/>
                <counts group_id="E3" subjects_affected="1" subjects_at_risk="112"/>
              </event>
            </event_list>
          </category>
          <category>
            <title>Nervous system disorders</title>
            <event_list>
              <event>
                <sub_title>Headache</sub_title>
                <counts group_id="E1" subjects_affected="6" subjects_at_risk="40"/>
                <counts group_id="E2" subjects_affected="8" subjects_at_risk="83"/>
                <counts group_id="E3" subjects_affected="6" subjects_at_risk="112"/>
              </event>
              <event>
                <sub_title>Somnolence</sub_title>
                <counts group_id="E1" subjects_affected="2" subjects_at_risk="40"/>
                <counts group_id="E2" subjects_affected="5" subjects_at_risk="83"/>
                <counts group_id="E3" subjects_affected="0" subjects_at_risk="112"/>
              </event>
              <event>
                <sub_title>Dizziness</sub_title>
                <counts group_id="E1" subjects_affected="1" subjects_at_risk="40"/>
                <counts group_id="E2" subjects_affected="3" subjects_at_risk="83"/>
                <counts group_id="E3" subjects_affected="2" subjects_at_risk="112"/>
              </event>
              <event>
                <sub_title>Ataxia</sub_title>
                <counts group_id="E1" subjects_affected="0" subjects_at_risk="40"/>
                <counts group_id="E2" subjects_affected="1" subjects_at_risk="83"/>
                <counts group_id="E3" subjects_affected="0" subjects_at_risk="112"/>
              </event>
              <event>
                <sub_title>Complex partial seizures</sub_title>
                <counts group_id="E1" subjects_affected="1" subjects_at_risk="40"/>
                <counts group_id="E2" subjects_affected="0" subjects_at_risk="83"/>
                <counts group_id="E3" subjects_affected="0" subjects_at_risk="112"/>
              </event>
              <event>
                <sub_title>Hemianopia</sub_title>
                <counts group_id="E1" subjects_affected="0" subjects_at_risk="40"/>
                <counts group_id="E2" subjects_affected="1" subjects_at_risk="83"/>
                <counts group_id="E3" subjects_affected="0" subjects_at_risk="112"/>
              </event>
              <event>
                <sub_title>Mental retardation</sub_title>
                <counts group_id="E1" subjects_affected="1" subjects_at_risk="40"/>
                <counts group_id="E2" subjects_affected="2" subjects_at_risk="83"/>
                <counts group_id="E3" subjects_affected="0" subjects_at_risk="112"/>
              </event>
              <event>
                <sub_title>Status epilepticus</sub_title>
                <counts group_id="E1" subjects_affected="0" subjects_at_risk="40"/>
                <counts group_id="E2" subjects_affected="1" subjects_at_risk="83"/>
                <counts group_id="E3" subjects_affected="0" subjects_at_risk="112"/>
              </event>
              <event>
                <sub_title>Convulsion</sub_title>
                <counts group_id="E1" subjects_affected="0" subjects_at_risk="40"/>
                <counts group_id="E2" subjects_affected="0" subjects_at_risk="83"/>
                <counts group_id="E3" subjects_affected="4" subjects_at_risk="112"/>
              </event>
            </event_list>
          </category>
          <category>
            <title>Psychiatric disorders</title>
            <event_list>
              <event>
                <sub_title>Anxiety</sub_title>
                <counts group_id="E1" subjects_affected="1" subjects_at_risk="40"/>
                <counts group_id="E2" subjects_affected="1" subjects_at_risk="83"/>
                <counts group_id="E3" subjects_affected="0" subjects_at_risk="112"/>
              </event>
              <event>
                <sub_title>Apathy</sub_title>
                <counts group_id="E1" subjects_affected="1" subjects_at_risk="40"/>
                <counts group_id="E2" subjects_affected="1" subjects_at_risk="83"/>
                <counts group_id="E3" subjects_affected="0" subjects_at_risk="112"/>
              </event>
              <event>
                <sub_title>Insomnia</sub_title>
                <counts group_id="E1" subjects_affected="1" subjects_at_risk="40"/>
                <counts group_id="E2" subjects_affected="1" subjects_at_risk="83"/>
                <counts group_id="E3" subjects_affected="0" subjects_at_risk="112"/>
              </event>
              <event>
                <sub_title>Nervousness</sub_title>
                <counts group_id="E1" subjects_affected="1" subjects_at_risk="40"/>
                <counts group_id="E2" subjects_affected="0" subjects_at_risk="83"/>
                <counts group_id="E3" subjects_affected="0" subjects_at_risk="112"/>
              </event>
            </event_list>
          </category>
          <category>
            <title>Renal and urinary disorders</title>
            <event_list>
              <event>
                <sub_title>Haematuria</sub_title>
                <counts group_id="E1" subjects_affected="0" subjects_at_risk="40"/>
                <counts group_id="E2" subjects_affected="0" subjects_at_risk="83"/>
                <counts group_id="E3" subjects_affected="1" subjects_at_risk="112"/>
              </event>
            </event_list>
          </category>
          <category>
            <title>Reproductive system and breast disorders</title>
            <event_list>
              <event>
                <sub_title>Hypomenorrhoea</sub_title>
                <counts group_id="E1" subjects_affected="0" subjects_at_risk="40"/>
                <counts group_id="E2" subjects_affected="0" subjects_at_risk="83"/>
                <counts group_id="E3" subjects_affected="2" subjects_at_risk="112"/>
              </event>
            </event_list>
          </category>
          <category>
            <title>Respiratory, thoracic and mediastinal disorders</title>
            <event_list>
              <event>
                <sub_title>Cough</sub_title>
                <counts group_id="E1" subjects_affected="2" subjects_at_risk="40"/>
                <counts group_id="E2" subjects_affected="0" subjects_at_risk="83"/>
                <counts group_id="E3" subjects_affected="2" subjects_at_risk="112"/>
              </event>
              <event>
                <sub_title>Asthma</sub_title>
                <counts group_id="E1" subjects_affected="1" subjects_at_risk="40"/>
                <counts group_id="E2" subjects_affected="0" subjects_at_risk="83"/>
                <counts group_id="E3" subjects_affected="0" subjects_at_risk="112"/>
              </event>
            </event_list>
          </category>
          <category>
            <title>Skin and subcutaneous tissue disorders</title>
            <event_list>
              <event>
                <sub_title>Dermatitis Allergic</sub_title>
                <counts group_id="E1" subjects_affected="0" subjects_at_risk="40"/>
                <counts group_id="E2" subjects_affected="4" subjects_at_risk="83"/>
                <counts group_id="E3" subjects_affected="1" subjects_at_risk="112"/>
              </event>
              <event>
                <sub_title>Alopecia</sub_title>
                <counts group_id="E1" subjects_affected="0" subjects_at_risk="40"/>
                <counts group_id="E2" subjects_affected="1" subjects_at_risk="83"/>
                <counts group_id="E3" subjects_affected="0" subjects_at_risk="112"/>
              </event>
              <event>
                <sub_title>Ecchymosis</sub_title>
                <counts group_id="E1" subjects_affected="1" subjects_at_risk="40"/>
                <counts group_id="E2" subjects_affected="0" subjects_at_risk="83"/>
                <counts group_id="E3" subjects_affected="1" subjects_at_risk="112"/>
              </event>
              <event>
                <sub_title>Rash</sub_title>
                <counts group_id="E1" subjects_affected="1" subjects_at_risk="40"/>
                <counts group_id="E2" subjects_affected="1" subjects_at_risk="83"/>
                <counts group_id="E3" subjects_affected="0" subjects_at_risk="112"/>
              </event>
              <event>
                <sub_title>Rash pruritic</sub_title>
                <counts group_id="E1" subjects_affected="0" subjects_at_risk="40"/>
                <counts group_id="E2" subjects_affected="1" subjects_at_risk="83"/>
                <counts group_id="E3" subjects_affected="0" subjects_at_risk="112"/>
              </event>
              <event>
                <sub_title>Urticaria</sub_title>
                <counts group_id="E1" subjects_affected="0" subjects_at_risk="40"/>
                <counts group_id="E2" subjects_affected="0" subjects_at_risk="83"/>
                <counts group_id="E3" subjects_affected="2" subjects_at_risk="112"/>
              </event>
            </event_list>
          </category>
          <category>
            <title>Vascular disorders</title>
            <event_list>
              <event>
                <sub_title>Pallor</sub_title>
                <counts group_id="E1" subjects_affected="0" subjects_at_risk="40"/>
                <counts group_id="E2" subjects_affected="1" subjects_at_risk="83"/>
                <counts group_id="E3" subjects_affected="0" subjects_at_risk="112"/>
              </event>
            </event_list>
          </category>
        </category_list>
      </other_events>
    </reported_events>

    <certain_agreements>
      <pi_employee>Principal Investigators are NOT employed by the organization sponsoring the study.</pi_employee>
    </certain_agreements>
    <point_of_contact>
      <name_or_title>Director R&amp;D</name_or_title>
      <organization>BIAL – Portela &amp; Cª SA</organization>
      <phone>+351-229866100</phone>
      <email>clinical.trials@bial.com</email>
    </point_of_contact>
  </clinical_results>
</clinical_study>
