<?xml version="1.0" encoding="UTF-8"?>
<clinical_study rank="446">
  <!-- This xml conforms to an XML Schema at:
    https://clinicaltrials.gov/ct2/html/images/info/public.xsd
 and an XML DTD at:
    https://clinicaltrials.gov/ct2/html/images/info/public.dtd -->
  <required_header>
    <download_date>ClinicalTrials.gov processed this data on December 01, 2015</download_date>
    <link_text>Link to the current ClinicalTrials.gov record.</link_text>
    <url>https://clinicaltrials.gov/show/NCT00594945</url>
  </required_header>
  <id_info>
    <org_study_id>07-001</org_study_id>
    <nct_id>NCT00594945</nct_id>
  </id_info>
  <brief_title>Study of Intranasal Clonazepam in Adult Subjects With Epileptic Seizures</brief_title>
  <official_title>A Phase 2a, Open-label,Proof -Of-Concept Study to Evaluate the Efficacy, Safety, and Pharmacokinetics of Intranasal Clonazepam in Adult Subjects With Epileptic Seizures</official_title>
  <sponsors>
    <lead_sponsor>
      <agency>Jazz Pharmaceuticals</agency>
      <agency_class>Industry</agency_class>
    </lead_sponsor>
  </sponsors>
  <source>Jazz Pharmaceuticals</source>
  <oversight_info>
    <authority>United States: Food and Drug Administration</authority>
    <has_dmc>No</has_dmc>
  </oversight_info>
  <brief_summary>
    <textblock>
      Evaluate the safety and efficacy of intranasal Clonazepam in subjects with epilepsy.
    </textblock>
  </brief_summary>
  <overall_status>Completed</overall_status>
  <start_date>December 2007</start_date>
  <completion_date type="Actual">June 2009</completion_date>
  <primary_completion_date type="Actual">December 2008</primary_completion_date>
  <phase>Phase 2</phase>
  <study_type>Interventional</study_type>
  <study_design>Allocation: Non-Randomized, Intervention Model: Crossover Assignment, Masking: Open Label, Primary Purpose: Treatment</study_design>
  <primary_outcome>
    <measure>Number of Spikes and Sharp Waves, Relative Change From Baseline to Treatment Day (%).</measure>
    <time_frame>Change from baseline to treatment day</time_frame>
    <safety_issue>No</safety_issue>
    <description>Summary of video EEG number of spikes and sharp waves. Over a 24 hour period.</description>
  </primary_outcome>
  <number_of_arms>3</number_of_arms>
  <enrollment type="Actual">45</enrollment>
  <condition>Epilepsy</condition>
  <arm_group>
    <arm_group_label>Intranasal Clonazepam 2 mg</arm_group_label>
    <arm_group_type>Experimental</arm_group_type>
  </arm_group>
  <arm_group>
    <arm_group_label>Intranasal Clonazepam 3 mg</arm_group_label>
    <arm_group_type>Experimental</arm_group_type>
  </arm_group>
  <arm_group>
    <arm_group_label>Intranasal Clonazepam both Dose Groups 2 mg &amp; 3 mg</arm_group_label>
    <arm_group_type>Experimental</arm_group_type>
  </arm_group>
  <intervention>
    <intervention_type>Drug</intervention_type>
    <intervention_name>Clonazepam</intervention_name>
    <description>1 Dose</description>
    <arm_group_label>Intranasal Clonazepam 2 mg</arm_group_label>
    <arm_group_label>Intranasal Clonazepam 3 mg</arm_group_label>
    <arm_group_label>Intranasal Clonazepam both Dose Groups 2 mg &amp; 3 mg</arm_group_label>
  </intervention>
  <eligibility>
    <criteria>
      <textblock>
        Inclusion Criteria:

          -  Diagnosis of refractory epilepsy

          -  No Nasal conditions that would preclude the use of intranasal product

        Exclusion Criteria:

          -  Subject with a clinical significant unstable medical abnormality

          -  Subject currently or regularly taking Clonazepam
      </textblock>
    </criteria>
    <gender>Both</gender>
    <minimum_age>18 Years</minimum_age>
    <maximum_age>65 Years</maximum_age>
    <healthy_volunteers>No</healthy_volunteers>
  </eligibility>
  <overall_official>
    <last_name>Beverly Benson, PhD</last_name>
    <role>Study Director</role>
    <affiliation>Jazz Pharmaceuticals</affiliation>
  </overall_official>
  <location>
    <facility>
      <name>Clinical Trials. inc.</name>
      <address>
        <city>Little Rock</city>
        <state>Arkansas</state>
        <zip>72205</zip>
        <country>United States</country>
      </address>
    </facility>
  </location>
  <location>
    <facility>
      <name>Mid-Atlantic Epilepsy &amp; Sleep Center</name>
      <address>
        <city>Bethesda</city>
        <state>Maryland</state>
        <zip>20817</zip>
        <country>United States</country>
      </address>
    </facility>
  </location>
  <location>
    <facility>
      <name>Columbia Comprehensive Epilepsy Center, Neurological Institute</name>
      <address>
        <city>New York</city>
        <state>New York</state>
        <zip>10032</zip>
        <country>United States</country>
      </address>
    </facility>
  </location>
  <location>
    <facility>
      <name>Ohio State University</name>
      <address>
        <city>Columbus</city>
        <state>Ohio</state>
        <zip>43210</zip>
        <country>United States</country>
      </address>
    </facility>
  </location>
  <location>
    <facility>
      <name>Neurological Clinic of Texas, PA</name>
      <address>
        <city>Dallas</city>
        <state>Texas</state>
        <zip>75232</zip>
        <country>United States</country>
      </address>
    </facility>
  </location>
  <location>
    <facility>
      <name>Tampere University Hospital</name>
      <address>
        <city>Tampere</city>
        <zip>33521</zip>
        <country>Finland</country>
      </address>
    </facility>
  </location>
  <location_countries>
    <country>Finland</country>
    <country>United States</country>
  </location_countries>
  <verification_date>May 2014</verification_date>
  <lastchanged_date>May 29, 2014</lastchanged_date>
  <firstreceived_date>January 7, 2008</firstreceived_date>
  <firstreceived_results_date>June 26, 2013</firstreceived_results_date>
  <responsible_party>
    <responsible_party_type>Sponsor</responsible_party_type>
  </responsible_party>
  <is_fda_regulated>Yes</is_fda_regulated>
  <is_section_801>Yes</is_section_801>
  <has_expanded_access>No</has_expanded_access>
  <condition_browse>
    <!-- CAUTION:  The following MeSH terms are assigned with an imperfect algorithm  -->
    <mesh_term>Epilepsy</mesh_term>
  </condition_browse>
  <intervention_browse>
    <!-- CAUTION:  The following MeSH terms are assigned with an imperfect algorithm  -->
    <mesh_term>Clonazepam</mesh_term>
  </intervention_browse>

  <clinical_results>

    <participant_flow>
      <pre_assignment_details>Based on preliminary PK data, the study was terminated early prior to achieving planned enrollment numbers.
Cohort 1 was dosed at 2mg. Cohort 2 was dosed at 3mg. Two subjects participated in both Cohorts.</pre_assignment_details>
      <group_list>
        <group group_id="P1">
          <title>Intranasal Clonazepam 2 mg</title>
          <description>Treatment administered to subjects during Cohort 1</description>
        </group>
        <group group_id="P2">
          <title>Intranasal Clonazepam 3 mg</title>
          <description>Treatment administered to subjects during Cohort 2</description>
        </group>
        <group group_id="P3">
          <title>Intranasal Clonazepam Both Dose Groups 2 mg &amp; 3 mg</title>
          <description>Subjects who were administered 2 mg during Cohort 1 and then 3 mg during Cohort 2</description>
        </group>
      </group_list>
      <period_list>
        <period>
          <title>Cohort 1 / Treatment Period 1</title>
          <milestone_list>
            <milestone>
              <title>STARTED</title>
              <participants_list>
                <participants group_id="P1" count="4"/>
                <participants group_id="P2" count="0"/>
                <participants group_id="P3" count="2"/>
              </participants_list>
            </milestone>
            <milestone>
              <title>COMPLETED</title>
              <participants_list>
                <participants group_id="P1" count="4"/>
                <participants group_id="P2" count="0"/>
                <participants group_id="P3" count="2"/>
              </participants_list>
            </milestone>
            <milestone>
              <title>NOT COMPLETED</title>
              <participants_list>
                <participants group_id="P1" count="0"/>
                <participants group_id="P2" count="0"/>
                <participants group_id="P3" count="0"/>
              </participants_list>
            </milestone>
          </milestone_list>
        </period>
        <period>
          <title>Cohort 2 / Treatment Period 2</title>
          <milestone_list>
            <milestone>
              <title>STARTED</title>
              <participants_list>
                <participants group_id="P1" count="0"/>
                <participants group_id="P2" count="3"/>
                <participants group_id="P3" count="2"/>
              </participants_list>
            </milestone>
            <milestone>
              <title>COMPLETED</title>
              <participants_list>
                <participants group_id="P1" count="0"/>
                <participants group_id="P2" count="3"/>
                <participants group_id="P3" count="2"/>
              </participants_list>
            </milestone>
            <milestone>
              <title>NOT COMPLETED</title>
              <participants_list>
                <participants group_id="P1" count="0"/>
                <participants group_id="P2" count="0"/>
                <participants group_id="P3" count="0"/>
              </participants_list>
            </milestone>
          </milestone_list>
        </period>
      </period_list>
    </participant_flow>

    <baseline>
      <population>There were 9 subjects total and 2 subjects were enrolled in both Cohorts.</population>
      <group_list>
        <group group_id="B1">
          <title>Intranasal Clonazepam 2 mg</title>
        </group>
        <group group_id="B2">
          <title>Intranasal Clonazepam 3 mg</title>
        </group>
        <group group_id="B3">
          <title>Intranasal Clonazepam Both Dose Groups 2 mg &amp; 3 mg</title>
        </group>
        <group group_id="B4">
          <title>Total</title>
          <description>Total of all reporting groups</description>
        </group>
      </group_list>
      <measure_list>
        <measure>
          <title>Number of Participants</title>
          <units>participants</units>
          <param>Number</param>
          <category_list>
            <category>
              <measurement_list>
                <measurement group_id="B1" value="4"/>
                <measurement group_id="B2" value="3"/>
                <measurement group_id="B3" value="2"/>
                <measurement group_id="B4" value="9"/>
              </measurement_list>
            </category>
          </category_list>
        </measure>
        <measure>
          <title>Age</title>
          <units>years</units>
          <param>Mean</param>
          <dispersion>Standard Deviation</dispersion>
          <category_list>
            <category>
              <measurement_list>
                <measurement group_id="B1" value="30.5" spread="8.74"/>
                <measurement group_id="B2" value="29.7" spread="7.37"/>
                <measurement group_id="B3" value="45.0" spread="1.41"/>
                <measurement group_id="B4" value="33.4" spread="9.25"/>
              </measurement_list>
            </category>
          </category_list>
        </measure>
        <measure>
          <title>Gender</title>
          <units>participants</units>
          <param>Number</param>
          <category_list>
            <category>
              <sub_title>Female</sub_title>
              <measurement_list>
                <measurement group_id="B1" value="2"/>
                <measurement group_id="B2" value="0"/>
                <measurement group_id="B3" value="0"/>
                <measurement group_id="B4" value="2"/>
              </measurement_list>
            </category>
            <category>
              <sub_title>Male</sub_title>
              <measurement_list>
                <measurement group_id="B1" value="2"/>
                <measurement group_id="B2" value="3"/>
                <measurement group_id="B3" value="2"/>
                <measurement group_id="B4" value="7"/>
              </measurement_list>
            </category>
          </category_list>
        </measure>
        <measure>
          <title>Race (NIH/OMB)</title>
          <units>Participants</units>
          <param>Number</param>
          <category_list>
            <category>
              <sub_title>American Indian or Alaska Native</sub_title>
              <measurement_list>
                <measurement group_id="B1" value="0"/>
                <measurement group_id="B2" value="0"/>
                <measurement group_id="B3" value="0"/>
                <measurement group_id="B4" value="0"/>
              </measurement_list>
            </category>
            <category>
              <sub_title>Asian</sub_title>
              <measurement_list>
                <measurement group_id="B1" value="0"/>
                <measurement group_id="B2" value="0"/>
                <measurement group_id="B3" value="0"/>
                <measurement group_id="B4" value="0"/>
              </measurement_list>
            </category>
            <category>
              <sub_title>Native Hawaiian or Other Pacific Islander</sub_title>
              <measurement_list>
                <measurement group_id="B1" value="0"/>
                <measurement group_id="B2" value="0"/>
                <measurement group_id="B3" value="0"/>
                <measurement group_id="B4" value="0"/>
              </measurement_list>
            </category>
            <category>
              <sub_title>Black or African American</sub_title>
              <measurement_list>
                <measurement group_id="B1" value="0"/>
                <measurement group_id="B2" value="0"/>
                <measurement group_id="B3" value="0"/>
                <measurement group_id="B4" value="0"/>
              </measurement_list>
            </category>
            <category>
              <sub_title>White</sub_title>
              <measurement_list>
                <measurement group_id="B1" value="4"/>
                <measurement group_id="B2" value="3"/>
                <measurement group_id="B3" value="2"/>
                <measurement group_id="B4" value="9"/>
              </measurement_list>
            </category>
            <category>
              <sub_title>More than one race</sub_title>
              <measurement_list>
                <measurement group_id="B1" value="0"/>
                <measurement group_id="B2" value="0"/>
                <measurement group_id="B3" value="0"/>
                <measurement group_id="B4" value="0"/>
              </measurement_list>
            </category>
            <category>
              <sub_title>Unknown or Not Reported</sub_title>
              <measurement_list>
                <measurement group_id="B1" value="0"/>
                <measurement group_id="B2" value="0"/>
                <measurement group_id="B3" value="0"/>
                <measurement group_id="B4" value="0"/>
              </measurement_list>
            </category>
          </category_list>
        </measure>
        <measure>
          <title>Region of Enrollment</title>
          <units>participants</units>
          <param>Number</param>
          <category_list>
            <category>
              <sub_title>United States</sub_title>
              <measurement_list>
                <measurement group_id="B1" value="2"/>
                <measurement group_id="B2" value="1"/>
                <measurement group_id="B3" value="1"/>
                <measurement group_id="B4" value="4"/>
              </measurement_list>
            </category>
            <category>
              <sub_title>Finland</sub_title>
              <measurement_list>
                <measurement group_id="B1" value="2"/>
                <measurement group_id="B2" value="2"/>
                <measurement group_id="B3" value="1"/>
                <measurement group_id="B4" value="5"/>
              </measurement_list>
            </category>
          </category_list>
        </measure>
      </measure_list>
    </baseline>

    <outcome_list>
      <outcome>
        <type>Primary</type>
        <title>Number of Spikes and Sharp Waves, Relative Change From Baseline to Treatment Day (%).</title>
        <description>Summary of video EEG number of spikes and sharp waves. Over a 24 hour period.</description>
        <time_frame>Change from baseline to treatment day</time_frame>
        <safety_issue>No</safety_issue>
        <group_list>
          <group group_id="O1">
            <title>Intranasal Clonazepam 2 mg</title>
          </group>
          <group group_id="O2">
            <title>Intranasal Clonazepam 3 mg</title>
          </group>
        </group_list>
        <measure_list>
          <measure>
            <title>Number of Participants</title>
            <units>participants</units>
            <param>Number</param>
            <category_list>
              <category>
                <measurement_list>
                  <measurement group_id="O1" value="6"/>
                  <measurement group_id="O2" value="5"/>
                </measurement_list>
              </category>
            </category_list>
          </measure>
          <measure>
            <title>Number of Spikes and Sharp Waves, Relative Change From Baseline to Treatment Day (%).</title>
            <description>Summary of video EEG number of spikes and sharp waves. Over a 24 hour period.</description>
            <units>percentage of baseline</units>
            <param>Mean</param>
            <dispersion>Standard Deviation</dispersion>
            <category_list>
              <category>
                <measurement_list>
                  <measurement group_id="O1" value="-7.4" spread="35.12"/>
                  <measurement group_id="O2" value="-26.1" spread="33.94"/>
                </measurement_list>
              </category>
            </category_list>
          </measure>
        </measure_list>
      </outcome>
    </outcome_list>

    <reported_events>
      <group_list>
        <group group_id="E1">
          <title>Intranasal Clonazepam 2 mg</title>
        </group>
        <group group_id="E2">
          <title>Intranasal Clonazepam 3 mg</title>
        </group>
      </group_list>
      <other_events>
        <frequency_threshold>0</frequency_threshold>
        <default_vocab>MedDRA</default_vocab>
        <default_assessment>Non-systematic Assessment</default_assessment>
        <category_list>
          <category>
            <title>Total</title>
            <event_list>
              <event>
                <sub_title>Total, other adverse events</sub_title>
                <counts group_id="E1" subjects_affected="6" subjects_at_risk="6"/>
                <counts group_id="E2" subjects_affected="2" subjects_at_risk="5"/>
              </event>
            </event_list>
          </category>
          <category>
            <title>Eye disorders</title>
            <event_list>
              <event>
                <sub_title>Lacrimation increased</sub_title>
                <counts group_id="E1" subjects_affected="2" subjects_at_risk="6"/>
                <counts group_id="E2" subjects_affected="0" subjects_at_risk="5"/>
              </event>
            </event_list>
          </category>
          <category>
            <title>Gastrointestinal disorders</title>
            <event_list>
              <event>
                <sub_title>Abdominal Pain Upper</sub_title>
                <counts group_id="E1" subjects_affected="1" subjects_at_risk="6"/>
                <counts group_id="E2" subjects_affected="0" subjects_at_risk="5"/>
              </event>
              <event>
                <sub_title>Flatulence</sub_title>
                <counts group_id="E1" subjects_affected="1" subjects_at_risk="6"/>
                <counts group_id="E2" subjects_affected="0" subjects_at_risk="5"/>
              </event>
              <event>
                <sub_title>Tongue Ulceration</sub_title>
                <counts group_id="E1" subjects_affected="1" subjects_at_risk="6"/>
                <counts group_id="E2" subjects_affected="0" subjects_at_risk="5"/>
              </event>
            </event_list>
          </category>
          <category>
            <title>General disorders</title>
            <event_list>
              <event>
                <sub_title>Fatigue</sub_title>
                <counts group_id="E1" subjects_affected="2" subjects_at_risk="6"/>
                <counts group_id="E2" subjects_affected="2" subjects_at_risk="5"/>
              </event>
              <event>
                <sub_title>Thirst</sub_title>
                <counts group_id="E1" subjects_affected="1" subjects_at_risk="6"/>
                <counts group_id="E2" subjects_affected="0" subjects_at_risk="5"/>
              </event>
            </event_list>
          </category>
          <category>
            <title>Nervous system disorders</title>
            <event_list>
              <event>
                <sub_title>Convulsion</sub_title>
                <counts group_id="E1" subjects_affected="1" subjects_at_risk="6"/>
                <counts group_id="E2" subjects_affected="0" subjects_at_risk="5"/>
              </event>
              <event>
                <sub_title>Drooling</sub_title>
                <counts group_id="E1" subjects_affected="1" subjects_at_risk="6"/>
                <counts group_id="E2" subjects_affected="0" subjects_at_risk="5"/>
              </event>
              <event>
                <sub_title>Dysgeusia</sub_title>
                <counts group_id="E1" subjects_affected="1" subjects_at_risk="6"/>
                <counts group_id="E2" subjects_affected="0" subjects_at_risk="5"/>
              </event>
              <event>
                <sub_title>Parosmia</sub_title>
                <counts group_id="E1" subjects_affected="1" subjects_at_risk="6"/>
                <counts group_id="E2" subjects_affected="0" subjects_at_risk="5"/>
              </event>
              <event>
                <sub_title>Somnolence</sub_title>
                <counts group_id="E1" subjects_affected="2" subjects_at_risk="6"/>
                <counts group_id="E2" subjects_affected="0" subjects_at_risk="5"/>
              </event>
              <event>
                <sub_title>Tremor</sub_title>
                <counts group_id="E1" subjects_affected="1" subjects_at_risk="6"/>
                <counts group_id="E2" subjects_affected="0" subjects_at_risk="5"/>
              </event>
            </event_list>
          </category>
          <category>
            <title>Respiratory, thoracic and mediastinal disorders</title>
            <event_list>
              <event>
                <sub_title>Nasal Discomfort</sub_title>
                <counts group_id="E1" subjects_affected="3" subjects_at_risk="6"/>
                <counts group_id="E2" subjects_affected="0" subjects_at_risk="5"/>
              </event>
              <event>
                <sub_title>Nasal Dryness</sub_title>
                <counts group_id="E1" subjects_affected="1" subjects_at_risk="6"/>
                <counts group_id="E2" subjects_affected="0" subjects_at_risk="5"/>
              </event>
            </event_list>
          </category>
          <category>
            <title>Skin and subcutaneous tissue disorders</title>
            <event_list>
              <event>
                <sub_title>Hyperhidrosis</sub_title>
                <counts group_id="E1" subjects_affected="1" subjects_at_risk="6"/>
                <counts group_id="E2" subjects_affected="0" subjects_at_risk="5"/>
              </event>
              <event>
                <sub_title>Hypoaesthesia Facial</sub_title>
                <counts group_id="E1" subjects_affected="0" subjects_at_risk="6"/>
                <counts group_id="E2" subjects_affected="1" subjects_at_risk="5"/>
              </event>
              <event>
                <sub_title>Petechiae</sub_title>
                <counts group_id="E1" subjects_affected="1" subjects_at_risk="6"/>
                <counts group_id="E2" subjects_affected="0" subjects_at_risk="5"/>
              </event>
            </event_list>
          </category>
          <category>
            <title>Vascular disorders</title>
            <event_list>
              <event>
                <sub_title>Orthostatic Hypotension</sub_title>
                <counts group_id="E1" subjects_affected="1" subjects_at_risk="6"/>
                <counts group_id="E2" subjects_affected="0" subjects_at_risk="5"/>
              </event>
              <event>
                <sub_title>Pallor</sub_title>
                <counts group_id="E1" subjects_affected="1" subjects_at_risk="6"/>
                <counts group_id="E2" subjects_affected="0" subjects_at_risk="5"/>
              </event>
            </event_list>
          </category>
        </category_list>
      </other_events>
    </reported_events>

    <certain_agreements>
      <pi_employee>Principal Investigators are NOT employed by the organization sponsoring the study.</pi_employee>
    </certain_agreements>
    <point_of_contact>
      <name_or_title>Executive Director, Clinical Development</name_or_title>
      <organization>Jazz Pharmaceuticals, Inc.</organization>
      <phone>650 496 3777</phone>
    </point_of_contact>
  </clinical_results>
</clinical_study>
