<?xml version="1.0" encoding="UTF-8"?>
<clinical_study rank="457">
  <!-- This xml conforms to an XML Schema at:
    https://clinicaltrials.gov/ct2/html/images/info/public.xsd
 and an XML DTD at:
    https://clinicaltrials.gov/ct2/html/images/info/public.dtd -->
  <required_header>
    <download_date>ClinicalTrials.gov processed this data on December 01, 2015</download_date>
    <link_text>Link to the current ClinicalTrials.gov record.</link_text>
    <url>https://clinicaltrials.gov/show/NCT02358538</url>
  </required_header>
  <id_info>
    <org_study_id>1042-900</org_study_id>
    <nct_id>NCT02358538</nct_id>
  </id_info>
  <brief_title>A Multicenter, Open-Label Proof-of-Concept Trial of Ganaxolone in Children With PCDH19 Female Pediatric Epilepsy</brief_title>
  <official_title>A Multicenter, Open-Label Proof-of-Concept Trial of Ganaxolone in Children With PCDH19 Female Pediatric Epilepsy</official_title>
  <sponsors>
    <lead_sponsor>
      <agency>Marinus Pharmaceuticals</agency>
      <agency_class>Industry</agency_class>
    </lead_sponsor>
  </sponsors>
  <source>Marinus Pharmaceuticals</source>
  <oversight_info>
    <authority>United States: Food and Drug Administration</authority>
    <has_dmc>No</has_dmc>
  </oversight_info>
  <brief_summary>
    <textblock>
      To evaluate the efficacy of open-label ganaxolone as adjunctive therapy for uncontrolled
      seizures in female children with PCDH19 mutation in an open-label proof-of-concept study.
    </textblock>
  </brief_summary>
  <detailed_description>
    <textblock>
      The purpose of this proof-of-concept study is to evaluate ganaxolone as adjunctive therapy
      for uncontrolled seizures in female children with PCDH19 mutations. After establishing
      baseline seizure frequency, qualifying subjects will enter the study and be treated with
      open-label ganaxolone for up to six months.
    </textblock>
  </detailed_description>
  <overall_status>Recruiting</overall_status>
  <start_date>March 2015</start_date>
  <completion_date type="Anticipated">December 2015</completion_date>
  <primary_completion_date type="Anticipated">December 2015</primary_completion_date>
  <phase>Phase 2</phase>
  <study_type>Interventional</study_type>
  <study_design>Endpoint Classification: Safety/Efficacy Study, Intervention Model: Single Group Assignment, Masking: Open Label, Primary Purpose: Prevention</study_design>
  <primary_outcome>
    <measure>Percentage change in seizure (focal dyscognitive or focal convulsive) frequency per 28 days relative to baseline calculated using daily seizure diary.</measure>
    <time_frame>26 weeks</time_frame>
    <safety_issue>No</safety_issue>
  </primary_outcome>
  <secondary_outcome>
    <measure>Evaluation of inter-cluster interval calculated using daily seizure diary.</measure>
    <time_frame>26 weeks</time_frame>
    <safety_issue>No</safety_issue>
  </secondary_outcome>
  <secondary_outcome>
    <measure>Seizure-free interval calculated using daily seizure diary.</measure>
    <time_frame>26 weeks</time_frame>
    <safety_issue>No</safety_issue>
  </secondary_outcome>
  <secondary_outcome>
    <measure>Proportion of responders by cohort calculated using daily seizure diary</measure>
    <time_frame>26 Weeks</time_frame>
    <safety_issue>No</safety_issue>
  </secondary_outcome>
  <secondary_outcome>
    <measure>Proportion of subjects whose inter-cluster interval increases by cohort calculated using daily seizure diary.</measure>
    <time_frame>26 Weeks</time_frame>
    <safety_issue>No</safety_issue>
  </secondary_outcome>
  <secondary_outcome>
    <measure>Time to reach baseline number of seizures (per 28 days) calculated using daily seizure diary.</measure>
    <time_frame>26 weeks</time_frame>
    <safety_issue>No</safety_issue>
  </secondary_outcome>
  <secondary_outcome>
    <measure>Clinician Global Impression of Change score as assessed by questionnaire.</measure>
    <time_frame>26 Weeks</time_frame>
    <safety_issue>No</safety_issue>
  </secondary_outcome>
  <secondary_outcome>
    <measure>Patient Global Impression of Change score as assessed by questionnaire.</measure>
    <time_frame>26 Weeks</time_frame>
    <safety_issue>No</safety_issue>
  </secondary_outcome>
  <secondary_outcome>
    <measure>Evaluation of safety and tolerability of open-label ganaxolone as adjunctive therapy for uncontrolled seizures in female children with PCDH19 mutation, based on adverse event log and other clinical safety assessments.</measure>
    <time_frame>26 weeks</time_frame>
    <safety_issue>Yes</safety_issue>
  </secondary_outcome>
  <number_of_arms>1</number_of_arms>
  <enrollment type="Anticipated">10</enrollment>
  <condition>Epilepsy</condition>
  <arm_group>
    <arm_group_label>Ganaxolone</arm_group_label>
    <arm_group_type>Experimental</arm_group_type>
    <description>Maximum of 1800 mg/day or 63 mg/kg/day</description>
  </arm_group>
  <intervention>
    <intervention_type>Drug</intervention_type>
    <intervention_name>Ganaxolone</intervention_name>
    <description>oral suspension or capsules</description>
    <arm_group_label>Ganaxolone</arm_group_label>
    <other_name>CCD 1042</other_name>
  </intervention>
  <eligibility>
    <criteria>
      <textblock>
        Key Inclusion Criteria:

          1. Have parent or legal guardian available and willing to give written informed consent.

          2. Female outpatients &gt; 2 years of age and younger than 11 years of age at time of
             consent.

          3. Have confirmed PCDH19 genetic mutation.

          4. Have uncontrolled cluster seizures and/or non-clustered focal dyscognitive or focal
             convulsive seizures.

          5. Subjects should be on a stable regimen of anti-epileptic medication, and generally in
             good health.

          6. Parent or guardian is able and willing to maintain an accurate and complete daily
             written seizure calendar.

          7. Able and willing to take study medication with food, two or three times daily.

        Key Exclusion Criteria

          1. Have had previous exposure to ganaxolone.

          2. Known sensitivity or allergy to any component in the study drug, progesterone, or
             other related steroid compounds.

          3. Have SCN1A genetic mutation

          4. Exposure to any investigational drug or device &lt; 90 days prior to screening, or plans
             to participate in another drug or device trial at any time during the study.

          5. Concurrent use of vigabatrin, tiagabine, or ezogabine is not permitted.

          6. Have any medical condition that, in the investigator's judgment, is considered to be
             clinically significant and could potentially affect subject safety or study outcome,
             including but not limited to: clinically significant cardiac, renal, pulmonary,
             gastrointestinal, hematologic or hepatic conditions; or a condition that affects the
             absorption, distribution, metabolism or excretion of drugs.

          7. Have active suicidal plan/intent, or have had active suicidal thoughts in the past 6
             months or a suicide attempt in the past 3 years.

          8. Have Alanine transferase (ALT; SGPT) or Aspartate transferase (AST; SGOT) levels &gt; 3
             times upper limits of normal (ULN), or total bilirubin &gt;1.5 time ULN at the screening
             and baseline visits.

          9. Are currently following or planning to follow a ketogenic diet.
      </textblock>
    </criteria>
    <gender>Female</gender>
    <minimum_age>2 Years</minimum_age>
    <maximum_age>10 Years</maximum_age>
    <healthy_volunteers>No</healthy_volunteers>
  </eligibility>
  <overall_official>
    <last_name>Gail Farfel, PhD</last_name>
    <role>Study Director</role>
    <affiliation>Sponsor GmbH</affiliation>
  </overall_official>
  <overall_contact>
    <last_name>Julia Tsai, PhD</last_name>
    <phone>203-315-5820</phone>
    <email>jtsai@marinuspharma.com</email>
  </overall_contact>
  <location>
    <facility>
      <name>Phoenix Children's Hospital</name>
      <address>
        <city>Phoenix</city>
        <state>Arizona</state>
        <zip>85016</zip>
        <country>United States</country>
      </address>
    </facility>
    <status>Recruiting</status>
    <contact>
      <last_name>Penny Overgaard</last_name>
      <email>povergaard@phoenixchildrens.com</email>
    </contact>
    <investigator>
      <last_name>Randa Jarra, MD</last_name>
      <role>Principal Investigator</role>
    </investigator>
  </location>
  <location>
    <facility>
      <name>Sutter Institute for Medical Research</name>
      <address>
        <city>Sacramento</city>
        <state>California</state>
        <zip>95816</zip>
        <country>United States</country>
      </address>
    </facility>
    <status>Recruiting</status>
    <contact>
      <last_name>A. Linh Dang-Chu</last_name>
      <phone>916-733-4482</phone>
      <email>DangAL1@sutterhealth.org</email>
    </contact>
    <investigator>
      <last_name>Michael Chez, MD</last_name>
      <role>Principal Investigator</role>
    </investigator>
  </location>
  <location>
    <facility>
      <name>University of California San Francisco</name>
      <address>
        <city>San Francisco</city>
        <state>California</state>
        <zip>94143</zip>
        <country>United States</country>
      </address>
    </facility>
    <status>Recruiting</status>
    <investigator>
      <last_name>Joseph Sullivan, MD</last_name>
      <role>Principal Investigator</role>
    </investigator>
  </location>
  <location>
    <facility>
      <name>Nicklaus Children's Hospital</name>
      <address>
        <city>Miami</city>
        <state>Florida</state>
        <zip>33155</zip>
        <country>United States</country>
      </address>
    </facility>
    <status>Recruiting</status>
    <contact>
      <last_name>Claudia Rodriguez</last_name>
      <email>Claudia.RodriguezPaez@mch.com</email>
    </contact>
    <investigator>
      <last_name>Ian Miller, MD</last_name>
      <role>Principal Investigator</role>
    </investigator>
  </location>
  <location>
    <facility>
      <name>JWM Neurology</name>
      <address>
        <city>Indianapolis</city>
        <state>Indiana</state>
        <zip>46239</zip>
        <country>United States</country>
      </address>
    </facility>
    <status>Recruiting</status>
    <investigator>
      <last_name>Keith Ridel, MD</last_name>
      <role>Principal Investigator</role>
    </investigator>
  </location>
  <location>
    <facility>
      <name>Boston Children's Hospital</name>
      <address>
        <city>Boston</city>
        <state>Massachusetts</state>
        <zip>02115</zip>
        <country>United States</country>
      </address>
    </facility>
    <status>Recruiting</status>
    <investigator>
      <last_name>Annapurna Poduri, MD</last_name>
      <role>Principal Investigator</role>
    </investigator>
  </location>
  <location_countries>
    <country>United States</country>
  </location_countries>
  <verification_date>May 2015</verification_date>
  <lastchanged_date>May 27, 2015</lastchanged_date>
  <firstreceived_date>January 30, 2015</firstreceived_date>
  <responsible_party>
    <responsible_party_type>Sponsor</responsible_party_type>
  </responsible_party>
  <keyword>PCDH19</keyword>
  <keyword>ganaxolone</keyword>
  <keyword>neurosteroid</keyword>
  <is_fda_regulated>Yes</is_fda_regulated>
  <is_section_801>Yes</is_section_801>
  <has_expanded_access>No</has_expanded_access>
  <condition_browse>
    <!-- CAUTION:  The following MeSH terms are assigned with an imperfect algorithm  -->
    <mesh_term>Epilepsy</mesh_term>
  </condition_browse>
  <!-- Results have not yet been posted for this study                                -->
</clinical_study>
