<?xml version="1.0" encoding="UTF-8"?>
<clinical_study rank="3">
  <!-- This xml conforms to an XML Schema at:
    https://clinicaltrials.gov/ct2/html/images/info/public.xsd
 and an XML DTD at:
    https://clinicaltrials.gov/ct2/html/images/info/public.dtd -->
  <required_header>
    <download_date>ClinicalTrials.gov processed this data on November 27, 2015</download_date>
    <link_text>Link to the current ClinicalTrials.gov record.</link_text>
    <url>https://clinicaltrials.gov/show/NCT02371200</url>
  </required_header>
  <id_info>
    <org_study_id>GTC-1.5-09.2015</org_study_id>
    <nct_id>NCT02371200</nct_id>
  </id_info>
  <brief_title>Detecting Generalized Tonic-Clonic Seizures With a Seizure Detection and Warning System in Epilepsy Patients</brief_title>
  <official_title>A Pivotal, Phase III Trial of Detecting Generalized Tonic-Clonic Seizures With a Seizure Detection and Warning System (System Version 1.5) in Epilepsy Patients</official_title>
  <sponsors>
    <lead_sponsor>
      <agency>Brain Sentinel</agency>
      <agency_class>Other</agency_class>
    </lead_sponsor>
  </sponsors>
  <source>Brain Sentinel</source>
  <oversight_info>
    <authority>United States: Food and Drug Administration</authority>
    <has_dmc>No</has_dmc>
  </oversight_info>
  <brief_summary>
    <textblock>
      Prospective study of an electromyography (EMG) based seizure detection and warning system
      for detecting generalized tonic-clonic (GTC) seizures.
    </textblock>
  </brief_summary>
  <detailed_description>
    <textblock>
      This study &quot;A Pivotal, Phase III Trial of Detecting generalized tonic-clonic seizures with a
      Seizure Detection and Warning System in Epilepsy Patients &quot; is a phase III, pivotal,
      prospective study of an electromyography (EMG) based seizure detection and warning system
      (tentatively named Brain Sentinel™ Seizure Detection System) for detecting generalized
      tonic-clonic (GTC) seizures. The detection device is worn on the bicep brachii muscles and
      is intended to alert a remote caregiver of a GTC seizure and provide a record of GTC seizure
      activity. This is to facilitate a faster intervention to the GTC seizure, and to more
      accurately document GTC seizure frequency in a home, skilled nursing, or inpatient setting.
    </textblock>
  </detailed_description>
  <overall_status>Recruiting</overall_status>
  <start_date>April 2015</start_date>
  <completion_date type="Anticipated">October 2016</completion_date>
  <primary_completion_date type="Anticipated">September 2016</primary_completion_date>
  <phase>Phase 3</phase>
  <study_type>Interventional</study_type>
  <study_design>Endpoint Classification: Safety/Efficacy Study, Intervention Model: Single Group Assignment, Masking: Open Label</study_design>
  <primary_outcome>
    <measure>Sensitivity of the Seizure Detection System</measure>
    <time_frame>up to 1 month</time_frame>
    <safety_issue>No</safety_issue>
    <description>The primary outcome measure for this clinical trial will be the sensitivity of the Brain Sentinel™ Seizure Detection Systems ability to detect GTC seizure activity in comparison to a Neurologist independent review of vEEG collected in an epilepsy monitoring unit.</description>
  </primary_outcome>
  <number_of_arms>1</number_of_arms>
  <enrollment type="Anticipated">72</enrollment>
  <condition>Epilepsy</condition>
  <condition>Generalized Tonic-Clonic Seizures</condition>
  <arm_group>
    <arm_group_label>Brain Sentinel Seizure Detection and Warning System</arm_group_label>
    <arm_group_type>Experimental</arm_group_type>
    <description>This study will compare accuracy of seizure detection by the study device to simultaneously collected data of seizure detection by video EEG.</description>
  </arm_group>
  <intervention>
    <intervention_type>Device</intervention_type>
    <intervention_name>Brain Sentinel Seizure Detection and Warning System</intervention_name>
    <description>The detection device is worn on the bicep brachii muscles and is intended to alert a remote caregiver of a GTC seizure and provide a record of GTC seizure activity.</description>
    <arm_group_label>Brain Sentinel Seizure Detection and Warning System</arm_group_label>
    <other_name>SPEAC System</other_name>
  </intervention>
  <eligibility>
    <criteria>
      <textblock>
        Inclusion Criteria:

          1. Subject has a history of GTC seizures, either primary GTC or partial onset seizures
             with secondary generalization.

          2. Is being admitted to a hospital for routine vEEG monitoring related to seizures.

          3. Male or female between the ages of 2-99.

          4. Has an upper arm circumference which is adequate for proper fit of the EMG monitor
             (at least 14cm).

          5. If female and of childbearing potential, has a negative pregnancy test.

          6. Can understand and sign written informed consent, or will have a parent or a legally
             authorized representative (LAR) who can do so, prior to the performance of any study
             assessments.

          7. Subject and/or Primary Caregiver must be competent to follow all study procedures.

          8. Is able to read, speak, and understand English.

        Exclusion Criteria:

          1. Does not have a documented history of generalized seizures.

          2. Has not had a GTC seizure within the last year AND is not expected to have a
             reduction of anti-epileptic drugs during their hospital admission.

          3. Intracranial EEG electrodes are being used

          4. The subject's upper arm circumference not adequate for proper fit of the EMG monitor
             (less than 14cm).

          5. Pregnant female.

          6. Subject/Caregiver is unable to provide consent.
      </textblock>
    </criteria>
    <gender>Both</gender>
    <minimum_age>2 Years</minimum_age>
    <maximum_age>N/A</maximum_age>
    <healthy_volunteers>No</healthy_volunteers>
  </eligibility>
  <overall_official>
    <last_name>Charles Szabo, MD</last_name>
    <role>Principal Investigator</role>
    <affiliation>University Health System of San Antonio</affiliation>
  </overall_official>
  <overall_contact>
    <last_name>Rose Hernandez, BS</last_name>
    <phone>855-275-5424</phone>
    <phone_ext>107</phone_ext>
    <email>rose.hernandez@brainsentinel.com</email>
  </overall_contact>
  <overall_contact_backup>
    <last_name>Kaylee Touchstone, AA</last_name>
    <phone>855-275-5424</phone>
    <phone_ext>109</phone_ext>
    <email>kaylee.touchstone@brainsentinel.com</email>
  </overall_contact_backup>
  <location>
    <facility>
      <name>Thomas Jefferson University Hospital</name>
      <address>
        <city>Phildelphia</city>
        <state>Pennsylvania</state>
        <zip>19107</zip>
        <country>United States</country>
      </address>
    </facility>
    <status>Not yet recruiting</status>
    <contact>
      <last_name>Lauren Fedor</last_name>
    </contact>
    <investigator>
      <last_name>Michael Sperling, MD</last_name>
      <role>Principal Investigator</role>
    </investigator>
  </location>
  <location>
    <facility>
      <name>Medical University of South Carolina</name>
      <address>
        <city>Charleston</city>
        <state>South Carolina</state>
        <zip>29425</zip>
        <country>United States</country>
      </address>
    </facility>
    <status>Not yet recruiting</status>
    <contact>
      <last_name>Becky Hamrick</last_name>
    </contact>
    <investigator>
      <last_name>Jonathan Halford, MD</last_name>
      <role>Principal Investigator</role>
    </investigator>
  </location>
  <location>
    <facility>
      <name>University Hospital</name>
      <address>
        <city>San Antonio</city>
        <state>Texas</state>
        <zip>78229</zip>
        <country>United States</country>
      </address>
    </facility>
    <status>Recruiting</status>
    <contact>
      <last_name>Amy Saklad</last_name>
      <phone>210-567-8229</phone>
      <email>SAKLADA@uthscsa.edu</email>
    </contact>
    <investigator>
      <last_name>Charles S Szabo, MD</last_name>
      <role>Principal Investigator</role>
    </investigator>
  </location>
  <location_countries>
    <country>United States</country>
  </location_countries>
  <verification_date>September 2015</verification_date>
  <lastchanged_date>September 18, 2015</lastchanged_date>
  <firstreceived_date>February 13, 2015</firstreceived_date>
  <responsible_party>
    <responsible_party_type>Sponsor</responsible_party_type>
  </responsible_party>
  <is_fda_regulated>Yes</is_fda_regulated>
  <is_section_801>No</is_section_801>
  <has_expanded_access>No</has_expanded_access>
  <condition_browse>
    <!-- CAUTION:  The following MeSH terms are assigned with an imperfect algorithm  -->
    <mesh_term>Epilepsy</mesh_term>
    <mesh_term>Seizures</mesh_term>
  </condition_browse>
  <!-- Results have not yet been posted for this study                                -->
</clinical_study>
