<?xml version="1.0" encoding="UTF-8"?>
<clinical_study rank="455">
  <!-- This xml conforms to an XML Schema at:
    https://clinicaltrials.gov/ct2/html/images/info/public.xsd
 and an XML DTD at:
    https://clinicaltrials.gov/ct2/html/images/info/public.dtd -->
  <required_header>
    <download_date>ClinicalTrials.gov processed this data on December 01, 2015</download_date>
    <link_text>Link to the current ClinicalTrials.gov record.</link_text>
    <url>https://clinicaltrials.gov/show/NCT01952028</url>
  </required_header>
  <id_info>
    <org_study_id>CMDIR-003</org_study_id>
    <nct_id>NCT01952028</nct_id>
  </id_info>
  <brief_title>LAMA2-related Muscular Dystrophy Brain Study</brief_title>
  <official_title>A LAMA2-related Muscular Dystrophy Study: Brain Magnetic Resonance Imaging (MRI)and Brain Electrophysiology Evaluation</official_title>
  <sponsors>
    <lead_sponsor>
      <agency>Cure CMD</agency>
      <agency_class>Other</agency_class>
    </lead_sponsor>
    <collaborator>
      <agency>Congenital Muscle Disease International Registr</agency>
      <agency_class>Other</agency_class>
    </collaborator>
  </sponsors>
  <source>Cure CMD</source>
  <oversight_info>
    <authority>United States: Congenital Muscle Disease International Registry (CMDIR)</authority>
    <has_dmc>No</has_dmc>
  </oversight_info>
  <brief_summary>
    <textblock>
      Laminin alpha-2 (LAMA2)-related muscular dystrophy (LAMA2-MD, Merosin Deficient CMD) is a
      form of congenital muscular dystrophy (CMD). A person with LAMA2-MD will have changes on
      brain imaging (MRI), a decrease or absence of the protein merosin (laminin 211) on muscle or
      skin biopsy and changes in the LAMA2 gene that are inherited from both parents. Several
      studies have described the changes on brain MRI. Brain changes on MRI do not correlate with
      the partial reduction or absence of merosin on muscle or skin biopsy. 8-30% of people with
      LAMA2-MD develop seizures. The types of seizures, electroencephalogram changes and common
      treatment regimens have not been characterized. This study will review the magnetic
      resonance imaging (MRI) changes, determine whether certain brain MRI changes are linked to
      seizures and define the common seizure treatment regimens.
    </textblock>
  </brief_summary>
  <detailed_description>
    <textblock>
      LAMA2-MD is a congenital muscular dystrophy (CMD) subtype caused by mutations in the laminin
      alpha 2 gene. LAMA2-MD may present clinically as an early onset, severe phenotype or a late
      onset limb girdle phenotype. The early onset form is most commonly associated with a
      complete absence of merosin on muscle biopsy with profound neonatal hypotonia, possible
      respiratory distress and feeding difficulties while the late onset form presents with
      proximal muscle weakness, contractures and is able to achieve walking. In both early and
      late onset forms, brain white matter abnormalities have been described on brain MRI and
      approximately 8-30% develop a seizure disorder. On magnetic resonance (MR) spectroscopy,
      white matter changes are shown to be due to increased water content rather than areas of
      demyelination. Both, non-ambulant and ambulant patients may develop respiratory
      insufficiency requiring non-invasive ventilation and scoliosis.

      Although several studies have evaluated the correlation between brain MRI white matter
      changes and cognition, no studies to date have provided a systematic evaluation of brain
      imaging, electrophysiologic testing and seizures in patients identified by molecular or
      immunohistochemical testing to have LAMA2-MD.
    </textblock>
  </detailed_description>
  <overall_status>Withdrawn</overall_status>
  <start_date>November 2013</start_date>
  <completion_date type="Anticipated">December 2014</completion_date>
  <primary_completion_date type="Anticipated">November 2014</primary_completion_date>
  <phase>N/A</phase>
  <study_type>Observational</study_type>
  <study_design>Observational Model: Cohort, Time Perspective: Cross-Sectional</study_design>
  <primary_outcome>
    <measure>Identify and grade the structural brain abnormalities observed on MRI</measure>
    <time_frame>up to 5 months</time_frame>
    <safety_issue>No</safety_issue>
    <description>Both single and longitudinal brain MRIs will be retrieved with patient consent from hospitals within the United States. Two trained neuroradiologists will evaluate de-identified brain MRIs using a pre-determined scoring system to identify and classify structural abnormalities.</description>
  </primary_outcome>
  <secondary_outcome>
    <measure>Seizure History</measure>
    <time_frame>up to 8 months</time_frame>
    <safety_issue>No</safety_issue>
    <description>To obtain a seizure history on all individuals with LAMA2-MD who have had a seizure, including: type of seizures, age of seizure onset, seizure frequency, need for mechanical ventilation, seizure medications, and need for emergency room (ER) visit or hospitalization.</description>
  </secondary_outcome>
  <secondary_outcome>
    <measure>Evaluation of baseline and diagnostic electroencephalograms</measure>
    <time_frame>up to 8 months</time_frame>
    <safety_issue>No</safety_issue>
    <description>Both baseline and diagnostic electroencephalograms (EEG) will be obtained with patient consent from hospitals within the United States. An epileptologist will review de-identified EEG recordings to identify and classify abnormalities using a predetermined scoring system.</description>
  </secondary_outcome>
  <secondary_outcome>
    <measure>Examine the association between brain MRI structural abnormalities and EEG findings</measure>
    <time_frame>up to 11 months</time_frame>
    <safety_issue>No</safety_issue>
    <description>Compare the frequency of various grades of brain MRI abnormalities in individuals with LAMA2-MD with and without seizures. Identify any association between MRI abnormality and type of seizure.</description>
  </secondary_outcome>
  <number_of_groups>1</number_of_groups>
  <enrollment type="Actual">0</enrollment>
  <condition>LAMA2-MD (Merosin Deficient Congenital Muscular Dystrophy, MDC1A)</condition>
  <eligibility>
    <study_pop>
      <textblock>
        LAMA2-MD
      </textblock>
    </study_pop>
    <sampling_method>Non-Probability Sample</sampling_method>
    <criteria>
      <textblock>
        Inclusion Criteria:

          -  Genetic confirmation of 2 variants in LAMA2 gene OR muscle biopsy with complete
             absence of merosin

          -  Complete authorization to obtain medical records for Congenital Muscle Disease
             International Registry

          -  Complete authorization to obtain medical records for National Institutes of Health
             (NIH)

          -  Reside in United States or Canada

          -  Complete registration and intake survey in the Congenital Muscle Disease
             International Registry

        Exclusion Criteria:

        - Individuals with LAMA2-MD who have not had a brain MRI
      </textblock>
    </criteria>
    <gender>Both</gender>
    <minimum_age>N/A</minimum_age>
    <maximum_age>N/A</maximum_age>
    <healthy_volunteers>No</healthy_volunteers>
  </eligibility>
  <overall_official>
    <last_name>Anne Rutkowski, MD, PhD</last_name>
    <role>Principal Investigator</role>
    <affiliation>Cure CMD</affiliation>
  </overall_official>
  <location>
    <facility>
      <name>CMDIR</name>
      <address>
        <city>San Pedro</city>
        <state>California</state>
        <zip>90732</zip>
        <country>United States</country>
      </address>
    </facility>
  </location>
  <location_countries>
    <country>United States</country>
  </location_countries>
  <reference>
    <citation>Brockmann K, Dechent P, Bönnemann C, Schreiber G, Frahm J, Hanefeld F. Quantitative proton MRS of cerebral metabolites in laminin alpha2 chain deficiency. Brain Dev. 2007 Jul;29(6):357-64. Epub 2006 Dec 15.</citation>
    <PMID>17174499</PMID>
  </reference>
  <reference>
    <citation>Caro PA, Scavina M, Hoffman E, Pegoraro E, Marks HG. MR imaging findings in children with merosin-deficient congenital muscular dystrophy. AJNR Am J Neuroradiol. 1999 Feb;20(2):324-6.</citation>
    <PMID>10094364</PMID>
  </reference>
  <reference>
    <citation>Fujii Y, Sugiura C, Fukuda C, Maegaki Y, Ohno K. Sequential neuroradiological and neurophysiological studies in a Japanese girl with merosin-deficient congenital muscular dystrophy. Brain Dev. 2011 Feb;33(2):140-4. doi: 10.1016/j.braindev.2010.02.003. Epub 2010 Mar 19.</citation>
    <PMID>20303224</PMID>
  </reference>
  <reference>
    <citation>Gilhuis HJ, ten Donkelaar HJ, Tanke RB, Vingerhoets DM, Zwarts MJ, Verrips A, Gabreëls FJ. Nonmuscular involvement in merosin-negative congenital muscular dystrophy. Pediatr Neurol. 2002 Jan;26(1):30-6.</citation>
    <PMID>11814732</PMID>
  </reference>
  <reference>
    <citation>Leite CC, Lucato LT, Martin MG, Ferreira LG, Resende MB, Carvalho MS, Marie SK, Jinkins JR, Reed UC. Merosin-deficient congenital muscular dystrophy (CMD): a study of 25 Brazilian patients using MRI. Pediatr Radiol. 2005 Jun;35(6):572-9. Epub 2005 Mar 5.</citation>
    <PMID>15750812</PMID>
  </reference>
  <reference>
    <citation>Leite CC, Reed UC, Otaduy MC, Lacerda MT, Costa MO, Ferreira LG, Carvalho MS, Resende MB, Marie SK, Cerri GG. Congenital muscular dystrophy with merosin deficiency: 1H MR spectroscopy and diffusion-weighted MR imaging. Radiology. 2005 Apr;235(1):190-6. Epub 2005 Feb 9.</citation>
    <PMID>15703311</PMID>
  </reference>
  <reference>
    <citation>Messina S, Bruno C, Moroni I, Pegoraro E, D'Amico A, Biancheri R, Berardinelli A, Boffi P, Cassandrini D, Farina L, Minetti C, Moggio M, Mongini T, Mottarelli E, Pane M, Pantaleoni C, Pichiecchio A, Pini A, Ricci E, Saredi S, Sframeli M, Tortorella G, Toscano A, Trevisan CP, Uggetti C, Vasco G, Comi GP, Santorelli FM, Bertini E, Mercuri E. Congenital muscular dystrophies with cognitive impairment. A population study. Neurology. 2010 Sep 7;75(10):898-903. doi: 10.1212/WNL.0b013e3181f11dd5.</citation>
    <PMID>20820001</PMID>
  </reference>
  <reference>
    <citation>Mercuri E, Gruter-Andrew J, Philpot J, Sewry C, Counsell S, Henderson S, Jensen A, Naom I, Bydder G, Dubowitz V, Muntoni F. Cognitive abilities in children with congenital muscular dystrophy: correlation with brain MRI and merosin status. Neuromuscul Disord. 1999 Oct;9(6-7):383-7.</citation>
    <PMID>10545041</PMID>
  </reference>
  <reference>
    <citation>Vigliano P, Dassi P, Di Blasi C, Mora M, Jarre L. LAMA2 stop-codon mutation: merosin-deficient congenital muscular dystrophy with occipital polymicrogyria, epilepsy and psychomotor regression. Eur J Paediatr Neurol. 2009 Jan;13(1):72-6. doi: 10.1016/j.ejpn.2008.01.010. Epub 2008 Apr 11.</citation>
    <PMID>18406646</PMID>
  </reference>
  <reference>
    <citation>van der Knaap MS, Smit LM, Barth PG, Catsman-Berrevoets CE, Brouwer OF, Begeer JH, de Coo IF, Valk J. Magnetic resonance imaging in classification of congenital muscular dystrophies with brain abnormalities. Ann Neurol. 1997 Jul;42(1):50-9.</citation>
    <PMID>9225685</PMID>
  </reference>
  <verification_date>October 2015</verification_date>
  <lastchanged_date>October 5, 2015</lastchanged_date>
  <firstreceived_date>September 19, 2013</firstreceived_date>
  <responsible_party>
    <responsible_party_type>Sponsor</responsible_party_type>
  </responsible_party>
  <keyword>MDC1A</keyword>
  <keyword>Congenital Muscular Dystrophy</keyword>
  <keyword>Merosin Deficient</keyword>
  <keyword>LAMA2</keyword>
  <keyword>brain white matter abnormalities</keyword>
  <keyword>Seizure</keyword>
  <is_fda_regulated>No</is_fda_regulated>
  <has_expanded_access>No</has_expanded_access>
  <condition_browse>
    <!-- CAUTION:  The following MeSH terms are assigned with an imperfect algorithm  -->
    <mesh_term>Muscular Dystrophies</mesh_term>
  </condition_browse>
  <!-- Results have not yet been posted for this study                                -->
</clinical_study>
