<?xml version="1.0" encoding="UTF-8"?>
<clinical_study rank="325">
  <!-- This xml conforms to an XML Schema at:
    https://clinicaltrials.gov/ct2/html/images/info/public.xsd
 and an XML DTD at:
    https://clinicaltrials.gov/ct2/html/images/info/public.dtd -->
  <required_header>
    <download_date>ClinicalTrials.gov processed this data on November 27, 2015</download_date>
    <link_text>Link to the current ClinicalTrials.gov record.</link_text>
    <url>https://clinicaltrials.gov/show/NCT02311829</url>
  </required_header>
  <id_info>
    <org_study_id>2012-A01580-43</org_study_id>
    <nct_id>NCT02311829</nct_id>
  </id_info>
  <brief_title>Evaluation of a Telephone Follow-up Procedure on the Quality of Life in Psychogenic Non-epileptic Seizures</brief_title>
  <acronym>EDUQ-CPNE</acronym>
  <official_title>Evaluation d'un Dispositif de Suivi téléphonique Sur la Qualité de Vie Dans Les Crises Psychogènes Non Epileptiques.</official_title>
  <sponsors>
    <lead_sponsor>
      <agency>Central Hospital, Nancy, France</agency>
      <agency_class>Other</agency_class>
    </lead_sponsor>
    <collaborator>
      <agency>Dr Coraline HINGRAY</agency>
      <agency_class>Other</agency_class>
    </collaborator>
    <collaborator>
      <agency>Pr Raymund SCHWAN</agency>
      <agency_class>Other</agency_class>
    </collaborator>
    <collaborator>
      <agency>Dr Vincent LAPREVOTE</agency>
      <agency_class>Other</agency_class>
    </collaborator>
    <collaborator>
      <agency>Dr Jean Pierre VIGNAL</agency>
      <agency_class>Other</agency_class>
    </collaborator>
    <collaborator>
      <agency>Pr Hervé VESPIGNANI</agency>
      <agency_class>Other</agency_class>
    </collaborator>
    <collaborator>
      <agency>Dr Anne THIRIAUX</agency>
      <agency_class>Other</agency_class>
    </collaborator>
    <collaborator>
      <agency>Dr Delphine RAUCHER CHENE</agency>
      <agency_class>Other</agency_class>
    </collaborator>
    <collaborator>
      <agency>Dr Martine LEMESLE</agency>
      <agency_class>Other</agency_class>
    </collaborator>
    <collaborator>
      <agency>Dr Benoît TROJAK</agency>
      <agency_class>Other</agency_class>
    </collaborator>
    <collaborator>
      <agency>Pr Edouard HIRSCH</agency>
      <agency_class>Other</agency_class>
    </collaborator>
    <collaborator>
      <agency>Pr Pierre Vidailhet</agency>
      <agency_class>Other</agency_class>
    </collaborator>
    <collaborator>
      <agency>Dr Dominique Mastelli</agency>
      <agency_class>Other</agency_class>
    </collaborator>
  </sponsors>
  <source>Central Hospital, Nancy, France</source>
  <oversight_info>
    <authority>France: Agence Nationale de Sécurité du Médicament et des produits de santé</authority>
    <has_dmc>No</has_dmc>
  </oversight_info>
  <brief_summary>
    <textblock>
      The goal of this study is to evaluate effectiveness of the phone follow-up method compared
      to the conventional filler taken one.
    </textblock>
  </brief_summary>
  <detailed_description>
    <textblock>
      This study is a multicenter, non-drug therapy and randomized research trial, comparing a
      group of patients integrating the phone monitoring device (DST group) to a control group
      where patients are cared for in the usual way.

      Subject recruiting modalities:

      The study population represents patients diagnosis, PNES confirmed by following by the
      video-EEG, recorded in a center of epilepsy and in different CHU and informed of the
      diagnosis of PNES in a standardized manner.

      Patients were recruited during their hospitalization video-EEG is conducted in part of the
      diagnostic workup of drug-resistant epilepsies, or demonstrations paroxysmal undetermined
      which may prove to be PNES.

      Usual care:

      After diagnosis of PNES: orientation psychiatric care or CMP liberal and meeting biannual
      with the neurologist.

      In the study:

        -  For patients in both groups: Management usual care and, in addition, quotation
           questionnaires of quality of life and evaluation by a neuropsychologist biannually for
           24 months after the appointment with the neurologist.

        -  For patients in the DST group only: Phone calls by psychologist at J 15, at 2 months,
           then every 2 months until M12. The device telephone follow (DST) consists of telephone
           calls (D15, M2, then every 2 months until M12) of the patient by an external
           independent psychologist designed to inform the patient about its pathology, promote
           acceptance of diagnosis, support the patient in his approach to care encouraging
           psychiatric observation. The device does not replace psychiatric counseling
           recommended.
    </textblock>
  </detailed_description>
  <overall_status>Recruiting</overall_status>
  <start_date>January 2014</start_date>
  <completion_date type="Anticipated">January 2018</completion_date>
  <primary_completion_date type="Anticipated">January 2018</primary_completion_date>
  <phase>N/A</phase>
  <study_type>Interventional</study_type>
  <study_design>Allocation: Randomized, Endpoint Classification: Efficacy Study, Intervention Model: Parallel Assignment, Masking: Open Label, Primary Purpose: Supportive Care</study_design>
  <primary_outcome>
    <measure>Evolution of quality of life scores every 6 months (From 6 to 24 months)</measure>
    <time_frame>24 months</time_frame>
    <safety_issue>No</safety_issue>
    <description>The primary endpoint is the assessment of quality of life scores measured at 6, 12, 18 and 24 months after start of treatment (visit D0) by self-administered questionnaires of quality of life (SF-36 general questionnaire quality of life) and QOLIE 31 (specific questionnaire epilepsy).</description>
  </primary_outcome>
  <secondary_outcome>
    <measure>Frequency of non epileptic seizures per month</measure>
    <time_frame>24 months (average for 6 months)</time_frame>
    <safety_issue>No</safety_issue>
    <description>Seizures diaries follow</description>
  </secondary_outcome>
  <secondary_outcome>
    <measure>Severity of seizures</measure>
    <time_frame>24 months</time_frame>
    <safety_issue>No</safety_issue>
    <description>Duration, injuries, loss of urine and feces, fall, loss of consciousness and subjective control feel of the listed crisis between 0 and 10 on EVA scale crisis control feel.</description>
  </secondary_outcome>
  <secondary_outcome>
    <measure>Psychiatric symptomology scores</measure>
    <time_frame>24 months</time_frame>
    <safety_issue>No</safety_issue>
    <description>Questionnaires (DSM-IV, Beck 21, MADRS, HAMA, DES, SDQ-20, TAS 20, Brief COPE)</description>
  </secondary_outcome>
  <secondary_outcome>
    <measure>Percentage of programmed psychological consultation and actually honored in medical and psychological center</measure>
    <time_frame>24 months</time_frame>
    <safety_issue>No</safety_issue>
    <description>This percentage is collected in medical and psychological center or from liberal psychiatrist \ psychologist (collected with phone call)</description>
  </secondary_outcome>
  <secondary_outcome>
    <measure>Number of urgent consultations or unprogrammed and \ or unprogrammed</measure>
    <time_frame>24 months</time_frame>
    <safety_issue>No</safety_issue>
    <description>consultations ( SAMU, emergency, reanimation, unprogrammed neurological consultations).</description>
  </secondary_outcome>
  <number_of_arms>2</number_of_arms>
  <enrollment type="Anticipated">136</enrollment>
  <condition>Psychogenic Non Epileptic Seizure</condition>
  <arm_group>
    <arm_group_label>Telephone follow-up device (DST)</arm_group_label>
    <arm_group_type>Experimental</arm_group_type>
    <description>An external independent clinical psychologist is responsible for calling regular the patient included in DST-arm.
Telephone follow-up device(DST) consists of telephone calls at 15 day, 2 month and then every 2 months until 12 months. The clinical psychologist is designed to inform the patient about its pathology, promote acceptance of diagnosis, support the patient in his approach to care encouraging psychiatric observation. The device does not replace psychiatric counseling recommended.</description>
  </arm_group>
  <arm_group>
    <arm_group_label>Group control ; usual care</arm_group_label>
    <arm_group_type>No Intervention</arm_group_type>
    <description>- Usual care: After diagnosis of PNES: orientation psychiatric care or CMP liberal and meeting biannually with the neurologist
- For patients in both groups: in addition, quotation questionnaires of quality of life and evaluation by a neuropsychologist biannual for 24 months after the appointment with the neurologist.</description>
  </arm_group>
  <intervention>
    <intervention_type>Other</intervention_type>
    <intervention_name>Telephone follow-up device</intervention_name>
    <description>For patients in the DST group only: Phone calls by clinical psychologist at J 15 at 2, then every 2 months until M12.</description>
    <arm_group_label>Telephone follow-up device (DST)</arm_group_label>
  </intervention>
  <eligibility>
    <criteria>
      <textblock>
        Inclusion Criteria:

          -  Patient above 18 years old

          -  Affiliation to social security

          -  Evolution disorders for over three months with at least 3 psychogenic non-epileptic
             seizures spaced over 24 hours and less than two years

          -  Diagnosis of PNES (associated or not with epilepsy) or laid confirmed following a
             video-EEG examination

          -  Standardized announcement of the disease made by a neurologist participant / PHRC
             training

          -  Good understanding of the French language

          -  Patient consented to participate in the study

        Exclusion Criteria:

          -  Acute psychiatric pathology at the time of inclusion warranting urgent
             hospitalization (acute suicidal risk, Table delusional ...)

          -  Progressive neurological pathology intercurrent susceptible to aggravation for the
             duration of the study (glioma, multiple sclerosis, dementia ...)

          -  A patient who can not physically comply with the six-monthly review at the discretion
             of the investigator (planned move ...)

          -  Simultaneous participation to another therapeutic intervention study during the first
             12 months
      </textblock>
    </criteria>
    <gender>Both</gender>
    <minimum_age>18 Years</minimum_age>
    <maximum_age>N/A</maximum_age>
    <healthy_volunteers>No</healthy_volunteers>
  </eligibility>
  <overall_official>
    <last_name>Louis MAILLARD, PU-PH, HDR</last_name>
    <role>Principal Investigator</role>
    <affiliation>Central Hospital, Nancy, France</affiliation>
  </overall_official>
  <overall_contact>
    <last_name>Louis MAILLARD, PU-PH, HDR</last_name>
    <phone>03 83 85 16 86</phone>
    <phone_ext>+33</phone_ext>
    <email>l.maillard@chu-nancy.fr</email>
  </overall_contact>
  <overall_contact_backup>
    <last_name>Coraline HINGRAY, PU-PH</last_name>
    <phone>03 83 85 16 86</phone>
    <phone_ext>+33</phone_ext>
    <email>c.hingray@chu-nancy.fr</email>
  </overall_contact_backup>
  <location>
    <facility>
      <name>Chu Strasbourg</name>
      <address>
        <city>Strasbourg</city>
        <state>Alsace</state>
        <zip>67 098</zip>
        <country>France</country>
      </address>
    </facility>
    <status>Recruiting</status>
    <contact>
      <last_name>Edouard HIRSCH, MD PHD</last_name>
      <phone>03 88 11 67 68</phone>
      <phone_ext>+33</phone_ext>
      <email>Edouard.hirsch@chru-strasbourg.fr</email>
    </contact>
    <contact_backup>
      <last_name>Pierre VIDAILHET, MD PHD</last_name>
      <phone>03 88 11 67 68</phone>
      <phone_ext>+33</phone_ext>
      <email>Pierre.VIDAILHET@chru-strasbourg.fr</email>
    </contact_backup>
  </location>
  <location>
    <facility>
      <name>Chu Dijon</name>
      <address>
        <city>Dijon</city>
        <state>Bourgogne</state>
        <zip>21 079</zip>
        <country>France</country>
      </address>
    </facility>
    <status>Recruiting</status>
    <contact>
      <last_name>Martine LEMESLE, MD</last_name>
      <phone>03 80 29 37 54</phone>
      <phone_ext>+33</phone_ext>
      <email>martine.lemesle@chu-dijon.fr</email>
    </contact>
    <contact_backup>
      <last_name>Benoît TROJAK, MD PHD</last_name>
      <phone>03 80 29 37 54</phone>
      <phone_ext>+33</phone_ext>
      <email>benoit.trojak@chu-dijon.fr</email>
    </contact_backup>
  </location>
  <location>
    <facility>
      <name>Chu Reims</name>
      <address>
        <city>Reims</city>
        <state>Champagne Ardennes</state>
        <zip>51 092</zip>
        <country>France</country>
      </address>
    </facility>
    <status>Recruiting</status>
    <contact>
      <last_name>Anne THIRIAUX, MD</last_name>
      <phone>03 26 78 71 34</phone>
      <phone_ext>+33</phone_ext>
      <email>thiriauxanne@hotmail.com</email>
    </contact>
    <contact_backup>
      <last_name>Delphine RAUCHER CHENE, MD</last_name>
      <phone>03 26 78 71 34</phone>
      <phone_ext>+33</phone_ext>
      <email>draucherchene@chu-reims.fr</email>
    </contact_backup>
    <investigator>
      <last_name>Jean François VISSEAUX, MD</last_name>
      <role>Sub-Investigator</role>
    </investigator>
  </location>
  <location>
    <facility>
      <name>Chu Nancy</name>
      <address>
        <city>Nancy</city>
        <state>Lorraine</state>
        <zip>54 035</zip>
        <country>France</country>
      </address>
    </facility>
    <status>Recruiting</status>
    <contact>
      <last_name>Louis MAILLARD, MD PHD</last_name>
      <phone>03 83 85 16 86</phone>
      <phone_ext>+33</phone_ext>
      <email>l.maillard@chu-nancy.fr</email>
    </contact>
    <contact_backup>
      <last_name>Coraline HINGRAY, MD</last_name>
      <phone>03 83 85 16 86</phone>
      <phone_ext>+33</phone_ext>
      <email>c.hingray@chu-nancy.fr</email>
    </contact_backup>
  </location>
  <location_countries>
    <country>France</country>
  </location_countries>
  <reference>
    <citation>LaFrance WC Jr, Alosco ML, Davis JD, Tremont G, Ryan CE, Keitner GI, Miller IW, Blum AS. Impact of family functioning on quality of life in patients with psychogenic nonepileptic seizures versus epilepsy. Epilepsia. 2011 Feb;52(2):292-300. doi: 10.1111/j.1528-1167.2010.02765.x. Epub 2011 Feb 7.</citation>
    <PMID>21299547</PMID>
  </reference>
  <reference>
    <citation>Duncan R, Razvi S, Mulhern S. Newly presenting psychogenic nonepileptic seizures: incidence, population characteristics, and early outcome from a prospective audit of a first seizure clinic. Epilepsy Behav. 2011 Feb;20(2):308-11. doi: 10.1016/j.yebeh.2010.10.022. Epub 2010 Dec 30.</citation>
    <PMID>21195031</PMID>
  </reference>
  <reference>
    <citation>Goldstein LH, Chalder T, Chigwedere C, Khondoker MR, Moriarty J, Toone BK, Mellers JD. Cognitive-behavioral therapy for psychogenic nonepileptic seizures: a pilot RCT. Neurology. 2010 Jun 15;74(24):1986-94. doi: 10.1212/WNL.0b013e3181e39658.</citation>
    <PMID>20548043</PMID>
  </reference>
  <reference>
    <citation>Hingray C, Maillard L, Hubsch C, Vignal JP, Bourgognon F, Laprevote V, Lerond J, Vespignani H, Schwan R. Psychogenic nonepileptic seizures: characterization of two distinct patient profiles on the basis of trauma history. Epilepsy Behav. 2011 Nov;22(3):532-6. doi: 10.1016/j.yebeh.2011.08.015. Epub 2011 Oct 1.</citation>
    <PMID>21962755</PMID>
  </reference>
  <reference>
    <citation>Howlett S, Grünewald RA, Khan A, Reuber M. Engagement in psychological treatment for functional neurological symptoms--Barriers and solutions. Psychotherapy (Chic). 2007 Sep;44(3):354-60. doi: 10.1037/0033-3204.44.3.354.</citation>
    <PMID>22122261</PMID>
  </reference>
  <reference>
    <citation>Hubsch C, Baumann C, Hingray C, Gospodaru N, Vignal JP, Vespignani H, Maillard L. Clinical classification of psychogenic non-epileptic seizures based on video-EEG analysis and automatic clustering. J Neurol Neurosurg Psychiatry. 2011 Sep;82(9):955-60. doi: 10.1136/jnnp.2010.235424. Epub 2011 May 10.</citation>
    <PMID>21561887</PMID>
  </reference>
  <reference>
    <citation>Jirsch JD, Ahmed SN, Maximova K, Gross DW. Recognition of psychogenic nonepileptic seizures diminishes acute care utilization. Epilepsy Behav. 2011 Oct;22(2):304-7. doi: 10.1016/j.yebeh.2011.06.031. Epub 2011 Aug 2.</citation>
    <PMID>21813334</PMID>
  </reference>
  <reference>
    <citation>Josien E. Crises non épileptiques. EMC neurologie. 2005 ;1-9.</citation>
  </reference>
  <reference>
    <citation>LaFrance WC Jr, Keitner GI, Papandonatos GD, Blum AS, Machan JT, Ryan CE, Miller IW. Pilot pharmacologic randomized controlled trial for psychogenic nonepileptic seizures. Neurology. 2010 Sep 28;75(13):1166-73. doi: 10.1212/WNL.0b013e3181f4d5a9. Epub 2010 Aug 25.</citation>
    <PMID>20739647</PMID>
  </reference>
  <reference>
    <citation>Lesser RP. Psychogenic seizures. Neurology. 1996 Jun;46(6):1499-507. Review.</citation>
    <PMID>8649537</PMID>
  </reference>
  <reference>
    <citation>Martin RC, Gilliam FG, Kilgore M, Faught E, Kuzniecky R. Improved health care resource utilization following video-EEG-confirmed diagnosis of nonepileptic psychogenic seizures. Seizure. 1998 Oct;7(5):385-90.</citation>
    <PMID>9808114</PMID>
  </reference>
  <reference>
    <citation>Mayor R, Howlett S, Grünewald R, Reuber M. Long-term outcome of brief augmented psychodynamic interpersonal therapy for psychogenic nonepileptic seizures: seizure control and health care utilization. Epilepsia. 2010 Jul;51(7):1169-76. doi: 10.1111/j.1528-1167.2010.02656.x. Epub 2010 Jun 18.</citation>
    <PMID>20561022</PMID>
  </reference>
  <reference>
    <citation>Strutt AM, Hill SW, Scott BM, Uber-Zak L, Fogel TG. Motivation, psychopathology, locus of control, and quality of life in women with epileptic and nonepileptic seizures. Epilepsy Behav. 2011 Oct;22(2):279-84. doi: 10.1016/j.yebeh.2011.06.020. Epub 2011 Jul 23.</citation>
    <PMID>21788158</PMID>
  </reference>
  <reference>
    <citation>Worsley C, Whitehead K, Kandler R, Reuber M. Illness perceptions of health care workers in relation to epileptic and psychogenic nonepileptic seizures. Epilepsy Behav. 2011 Apr;20(4):668-73. doi: 10.1016/j.yebeh.2011.01.029. Epub 2011 Mar 25. Erratum in: Epilepsy Behav. 2011 Aug;21(4):495. Worsely, Caroline [corrected to Worsley, Caroline].</citation>
    <PMID>21440511</PMID>
  </reference>
  <results_reference>
    <citation>Abubakr A, Kablinger A, Caldito G. Psychogenic seizures: clinical features and psychological analysis. Epilepsy Behav. 2003 Jun;4(3):241-5.</citation>
    <PMID>12791325</PMID>
  </results_reference>
  <results_reference>
    <citation>Al Marzooqi SM, Baker GA, Reilly J, Salmon P. The perceived health status of people with psychologically derived non-epileptic attack disorder and epilepsy: a comparative study. Seizure. 2004 Mar;13(2):71-5.</citation>
    <PMID>15129833</PMID>
  </results_reference>
  <results_reference>
    <citation>Benbadis SR. How many patients with pseudoseizures receive antiepileptic drugs prior to diagnosis? Eur Neurol. 1999;41(2):114-5.</citation>
    <PMID>10023117</PMID>
  </results_reference>
  <results_reference>
    <citation>Benbadis SR. A spell in the epilepsy clinic and a history of &quot;chronic pain&quot; or &quot;fibromyalgia&quot; independently predict a diagnosis of psychogenic seizures. Epilepsy Behav. 2005 Mar;6(2):264-5.</citation>
    <PMID>15710315</PMID>
  </results_reference>
  <results_reference>
    <citation>Bodde NM, Brooks JL, Baker GA, Boon PA, Hendriksen JG, Aldenkamp AP. Psychogenic non-epileptic seizures--diagnostic issues: a critical review. Clin Neurol Neurosurg. 2009 Jan;111(1):1-9. doi: 10.1016/j.clineuro.2008.09.028. Epub 2008 Nov 18. Review.</citation>
    <PMID>19019531</PMID>
  </results_reference>
  <results_reference>
    <citation>Bodde NM, Brooks JL, Baker GA, Boon PA, Hendriksen JG, Mulder OG, Aldenkamp AP. Psychogenic non-epileptic seizures--definition, etiology, treatment and prognostic issues: a critical review. Seizure. 2009 Oct;18(8):543-53. doi: 10.1016/j.seizure.2009.06.006. Epub 2009 Aug 13. Review.</citation>
    <PMID>19682927</PMID>
  </results_reference>
  <results_reference>
    <citation>Carton S, Thompson PJ, Duncan JS. Non-epileptic seizures: patients' understanding and reaction to the diagnosis and impact on outcome. Seizure. 2003 Jul;12(5):287-94.</citation>
    <PMID>12810341</PMID>
  </results_reference>
  <results_reference>
    <citation>Cuthill FM, Espie CA. Sensitivity and specificity of procedures for the differential diagnosis of epileptic and non-epileptic seizures: a systematic review. Seizure. 2005 Jul;14(5):293-303. Review.</citation>
    <PMID>15878291</PMID>
  </results_reference>
  <results_reference>
    <citation>Duncan R, Oto M. Psychogenic nonepileptic seizures in patients with learning disability: comparison with patients with no learning disability. Epilepsy Behav. 2008 Jan;12(1):183-6.</citation>
    <PMID>18086462</PMID>
  </results_reference>
  <results_reference>
    <citation>Fiszman A, Alves-Leon SV, Nunes RG, D'Andrea I, Figueira I. Traumatic events and posttraumatic stress disorder in patients with psychogenic nonepileptic seizures: a critical review. Epilepsy Behav. 2004 Dec;5(6):818-25. Review.</citation>
    <PMID>15582828</PMID>
  </results_reference>
  <results_reference>
    <citation>Goldstein LH, Deale AC, Mitchell-O'Malley SJ, Toone BK, Mellers JD. An evaluation of cognitive behavioral therapy as a treatment for dissociative seizures: a pilot study. Cogn Behav Neurol. 2004 Mar;17(1):41-9.</citation>
    <PMID>15209224</PMID>
  </results_reference>
  <results_reference>
    <citation>Guillemin F. Primer: the fallacy of subgroup analysis. Nat Clin Pract Rheumatol. 2007 Jul;3(7):407-13. Review.</citation>
    <PMID>17599075</PMID>
  </results_reference>
  <results_reference>
    <citation>Hall-Patch L, Brown R, House A, Howlett S, Kemp S, Lawton G, Mayor R, Smith P, Reuber M; NEST collaborators. Acceptability and effectiveness of a strategy for the communication of the diagnosis of psychogenic nonepileptic seizures. Epilepsia. 2010 Jan;51(1):70-8. doi: 10.1111/j.1528-1167.2009.02099.x. Epub 2009 Apr 27.</citation>
    <PMID>19453708</PMID>
  </results_reference>
  <results_reference>
    <citation>Iriarte J, Parra J, Urrestarazu E, Kuyk J. Controversies in the diagnosis and management of psychogenic pseudoseizures. Epilepsy Behav. 2003 Jun;4(3):354-9. Review.</citation>
    <PMID>12791342</PMID>
  </results_reference>
  <results_reference>
    <citation>LaFrance WC Jr, Barry JJ. Update on treatments of psychological nonepileptic seizures. Epilepsy Behav. 2005 Nov;7(3):364-74. Epub 2005 Sep 16. Review.</citation>
    <PMID>16150653</PMID>
  </results_reference>
  <results_reference>
    <citation>LaFrance WC Jr, Miller IW, Ryan CE, Blum AS, Solomon DA, Kelley JE, Keitner GI. Cognitive behavioral therapy for psychogenic nonepileptic seizures. Epilepsy Behav. 2009 Apr;14(4):591-6. doi: 10.1016/j.yebeh.2009.02.016. Epub 2009 Feb 20.</citation>
    <PMID>19233313</PMID>
  </results_reference>
  <results_reference>
    <citation>LaFrance WC Jr, Alper K, Babcock D, Barry JJ, Benbadis S, Caplan R, Gates J, Jacobs M, Kanner A, Martin R, Rundhaugen L, Stewart R, Vert C; NES Treatment Workshop participants. Nonepileptic seizures treatment workshop summary. Epilepsy Behav. 2006 May;8(3):451-61. Epub 2006 Mar 15.</citation>
    <PMID>16540377</PMID>
  </results_reference>
  <results_reference>
    <citation>LaFrance WC Jr, Syc S. Depression and symptoms affect quality of life in psychogenic nonepileptic seizures. Neurology. 2009 Aug 4;73(5):366-71. doi: 10.1212/WNL.0b013e3181b04c83.</citation>
    <PMID>19652140</PMID>
  </results_reference>
  <results_reference>
    <citation>LaFrance WC Jr, Blum AS, Miller IW, Ryan CE, Keitner GI. Methodological issues in conducting treatment trials for psychological nonepileptic seizures. J Neuropsychiatry Clin Neurosci. 2007 Fall;19(4):391-8.</citation>
    <PMID>18070841</PMID>
  </results_reference>
  <results_reference>
    <citation>LaFrance WC Jr, Devinsky O. The treatment of nonepileptic seizures: historical perspectives and future directions. Epilepsia. 2004;45 Suppl 2:15-21. Review.</citation>
    <PMID>15186340</PMID>
  </results_reference>
  <results_reference>
    <citation>Lawton G, Mayor RJ, Howlett S, Reuber M. Psychogenic nonepileptic seizures and health-related quality of life: the relationship with psychological distress and other physical symptoms. Epilepsy Behav. 2009 Jan;14(1):167-71. doi: 10.1016/j.yebeh.2008.09.029. Epub 2008 Nov 6.</citation>
    <PMID>18930164</PMID>
  </results_reference>
  <results_reference>
    <citation>Lesser RP. Treating psychogenic nonepileptic seizures: easier said than done. Ann Neurol. 2003 Mar;53(3):285-6.</citation>
    <PMID>12601694</PMID>
  </results_reference>
  <results_reference>
    <citation>Mökleby K, Blomhoff S, Malt UF, Dahlström A, Tauböll E, Gjerstad L. Psychiatric comorbidity and hostility in patients with psychogenic nonepileptic seizures compared with somatoform disorders and healthy controls. Epilepsia. 2002 Feb;43(2):193-8.</citation>
    <PMID>11903468</PMID>
  </results_reference>
  <results_reference>
    <citation>Mrabet H, Mrabet A, Zouari B, Ghachem R. Health-related quality of life of people with epilepsy compared with a general reference population: a Tunisian study. Epilepsia. 2004 Jul;45(7):838-43.</citation>
    <PMID>15230710</PMID>
  </results_reference>
  <results_reference>
    <citation>Oto M, Conway P, McGonigal A, Russell AJ, Duncan R. Gender differences in psychogenic non-epileptic seizures. Seizure. 2005 Jan;14(1):33-9.</citation>
    <PMID>15642498</PMID>
  </results_reference>
  <results_reference>
    <citation>Oxman AD, Guyatt GH. A consumer's guide to subgroup analyses. Ann Intern Med. 1992 Jan 1;116(1):78-84.</citation>
    <PMID>1530753</PMID>
  </results_reference>
  <results_reference>
    <citation>Patrick DL, Chiang YP. Measurement of health outcomes in treatment effectiveness evaluations: conceptual and methodological challenges. Med Care. 2000 Sep;38(9 Suppl):II14-25.</citation>
    <PMID>10982087</PMID>
  </results_reference>
  <results_reference>
    <citation>Patrick DL, Deyo RA. Generic and disease-specific measures in assessing health status and quality of life. Med Care. 1989 Mar;27(3 Suppl):S217-32. Review.</citation>
    <PMID>2646490</PMID>
  </results_reference>
  <results_reference>
    <citation>Picot MC, Crespel A, Daurès JP, Baldy-Moulinier M, El Hasnaoui A. Psychometric validation of the French version of the quality of life in epilepsy inventory (QOLIE-31): comparison with a generic health-related quality of life questionnaire. Epileptic Disord. 2004 Dec;6(4):275-85.</citation>
    <PMID>15634625</PMID>
  </results_reference>
  <results_reference>
    <citation>Racine AD, Alderman EM, Avner JR. Effect of telephone calls from primary care practices on follow-up visits after pediatric emergency department visits: evidence from the Pediatric Emergency Department Links to Primary Care (PEDLPC) randomized controlled trial. Arch Pediatr Adolesc Med. 2009 Jun;163(6):505-11. doi: 10.1001/archpediatrics.2009.45.</citation>
    <PMID>19487605</PMID>
  </results_reference>
  <results_reference>
    <citation>Ramachandran K, Husain N, Maikhuri R, Seth S, Vij A, Kumar M, Srivastava N, Prabhakaran D, Airan B, Reddy KS. Impact of a comprehensive telephone-based disease management programme on quality-of-life in patients with heart failure. Natl Med J India. 2007 Mar-Apr;20(2):67-73.</citation>
    <PMID>17802984</PMID>
  </results_reference>
  <results_reference>
    <citation>Reuber M, Fernández G, Bauer J, Helmstaedter C, Elger CE. Diagnostic delay in psychogenic nonepileptic seizures. Neurology. 2002 Feb 12;58(3):493-5.</citation>
    <PMID>11839862</PMID>
  </results_reference>
  <results_reference>
    <citation>Reuber M. Psychogenic nonepileptic seizures: answers and questions. Epilepsy Behav. 2008 May;12(4):622-35. doi: 10.1016/j.yebeh.2007.11.006. Epub 2007 Dec 27. Review.</citation>
    <PMID>18164250</PMID>
  </results_reference>
  <results_reference>
    <citation>Reuber M, Howlett S, Khan A, Grünewald RA. Non-epileptic seizures and other functional neurological symptoms: predisposing, precipitating, and perpetuating factors. Psychosomatics. 2007 May-Jun;48(3):230-8.</citation>
    <PMID>17478592</PMID>
  </results_reference>
  <results_reference>
    <citation>Reuber M, Mitchell AJ, Howlett S, Elger CE. Measuring outcome in psychogenic nonepileptic seizures: how relevant is seizure remission? Epilepsia. 2005 Nov;46(11):1788-95.</citation>
    <PMID>16302859</PMID>
  </results_reference>
  <results_reference>
    <citation>Reuber M, Pukrop R, Mitchell AJ, Bauer J, Elger CE. Clinical significance of recurrent psychogenic nonepileptic seizure status. J Neurol. 2003 Nov;250(11):1355-62.</citation>
    <PMID>14648153</PMID>
  </results_reference>
  <results_reference>
    <citation>Rusch MD, Morris GL, Allen L, Lathrop L. Psychological Treatment of Nonepileptic Events. Epilepsy Behav. 2001 Jun;2(3):277-283.</citation>
    <PMID>12609370</PMID>
  </results_reference>
  <results_reference>
    <citation>Salonen P, Tarkka MT, Kellokumpu-Lehtinen PL, Astedt-Kurki P, Luukkaala T, Kaunonen M. Telephone intervention and quality of life in patients with breast cancer. Cancer Nurs. 2009 May-Jun;32(3):177-90; quiz 191-2. doi: 10.1097/NCC.0b013e31819b5b65.</citation>
    <PMID>19295417</PMID>
  </results_reference>
  <results_reference>
    <citation>Sharpe D, Faye C. Non-epileptic seizures and child sexual abuse: a critical review of the literature. Clin Psychol Rev. 2006 Dec;26(8):1020-40. Epub 2006 Feb 10. Review.</citation>
    <PMID>16472897</PMID>
  </results_reference>
  <results_reference>
    <citation>Sigurdardottir KR, Olafsson E. Incidence of psychogenic seizures in adults: a population-based study in Iceland. Epilepsia. 1998 Jul;39(7):749-52.</citation>
    <PMID>9670904</PMID>
  </results_reference>
  <results_reference>
    <citation>Szaflarski JP, Hughes C, Szaflarski M, Ficker DM, Cahill WT, Li M, Privitera MD. Quality of life in psychogenic nonepileptic seizures. Epilepsia. 2003 Feb;44(2):236-42.</citation>
    <PMID>12558580</PMID>
  </results_reference>
  <results_reference>
    <citation>Szaflarski JP, Szaflarski M, Hughes C, Ficker DM, Cahill WT, Privitera MD. Psychopathology and quality of life: psychogenic non-epileptic seizures versus epilepsy. Med Sci Monit. 2003 Apr;9(4):CR113-8.</citation>
    <PMID>12709668</PMID>
  </results_reference>
  <results_reference>
    <citation>Testa MA, Simonson DC. Assesment of quality-of-life outcomes. N Engl J Med. 1996 Mar 28;334(13):835-40.</citation>
    <PMID>8596551</PMID>
  </results_reference>
  <results_reference>
    <citation>Testa SM, Schefft BK, Szaflarski JP, Yeh HS, Privitera MD. Mood, personality, and health-related quality of life in epileptic and psychogenic seizure disorders. Epilepsia. 2007 May;48(5):973-82. Epub 2007 Feb 5.</citation>
    <PMID>17284298</PMID>
  </results_reference>
  <results_reference>
    <citation>Vaiva G, Vaiva G, Ducrocq F, Meyer P, Mathieu D, Philippe A, Libersa C, Goudemand M. Effect of telephone contact on further suicide attempts in patients discharged from an emergency department: randomised controlled study. BMJ. 2006 May 27;332(7552):1241-5.</citation>
    <PMID>16735333</PMID>
  </results_reference>
  <results_reference>
    <citation>Wagner AK, Gandek B, Aaronson NK, Acquadro C, Alonso J, Apolone G, Bullinger M, Bjorner J, Fukuhara S, Kaasa S, Leplège A, Sullivan M, Wood-Dauphinee S, Ware JE Jr. Cross-cultural comparisons of the content of SF-36 translations across 10 countries: results from the IQOLA Project. International Quality of Life Assessment. J Clin Epidemiol. 1998 Nov;51(11):925-32.</citation>
    <PMID>9817109</PMID>
  </results_reference>
  <results_reference>
    <citation>Ware JE Jr, Gandek B. Overview of the SF-36 Health Survey and the International Quality of Life Assessment (IQOLA) Project. J Clin Epidemiol. 1998 Nov;51(11):903-12.</citation>
    <PMID>9817107</PMID>
  </results_reference>
  <results_reference>
    <citation>Witgert ME, Wheless JW, Breier JI. Frequency of panic symptoms in psychogenic nonepileptic seizures. Epilepsy Behav. 2005 Mar;6(2):174-8.</citation>
    <PMID>15710300</PMID>
  </results_reference>
  <results_reference>
    <citation>Zaroff CM, Myers L, Barr WB, Luciano D, Devinsky O. Group psychoeducation as treatment for psychological nonepileptic seizures. Epilepsy Behav. 2004 Aug;5(4):587-92.</citation>
    <PMID>15256198</PMID>
  </results_reference>
  <results_reference>
    <citation>The World Health Organization Quality of Life assessment (WHOQOL): position paper from the World Health Organization. Soc Sci Med. 1995 Nov;41(10):1403-9.</citation>
    <PMID>8560308</PMID>
  </results_reference>
  <verification_date>December 2014</verification_date>
  <lastchanged_date>December 5, 2014</lastchanged_date>
  <firstreceived_date>October 28, 2014</firstreceived_date>
  <responsible_party>
    <responsible_party_type>Sponsor</responsible_party_type>
  </responsible_party>
  <keyword>Quality of life, PNES, Epilepsy,</keyword>
  <is_fda_regulated>No</is_fda_regulated>
  <has_expanded_access>No</has_expanded_access>
  <condition_browse>
    <!-- CAUTION:  The following MeSH terms are assigned with an imperfect algorithm  -->
    <mesh_term>Seizures</mesh_term>
  </condition_browse>
  <!-- Results have not yet been posted for this study                                -->
</clinical_study>
