<?xml version="1.0" encoding="UTF-8"?>
<clinical_study rank="59">
  <!-- This xml conforms to an XML Schema at:
    https://clinicaltrials.gov/ct2/html/images/info/public.xsd
 and an XML DTD at:
    https://clinicaltrials.gov/ct2/html/images/info/public.dtd -->
  <required_header>
    <download_date>ClinicalTrials.gov processed this data on November 27, 2015</download_date>
    <link_text>Link to the current ClinicalTrials.gov record.</link_text>
    <url>https://clinicaltrials.gov/show/NCT01748708</url>
  </required_header>
  <id_info>
    <org_study_id>080-2012</org_study_id>
    <nct_id>NCT01748708</nct_id>
  </id_info>
  <brief_title>Evaluating the Efficacy of Magnetic Seizure Therapy in Treatment Resistant Depression.</brief_title>
  <official_title>Evaluating the Efficacy of Magnetic Seizure Therapy in Treatment Resistant Depression.</official_title>
  <sponsors>
    <lead_sponsor>
      <agency>Centre for Addiction and Mental Health</agency>
      <agency_class>Other</agency_class>
    </lead_sponsor>
    <collaborator>
      <agency>Canadian Institutes of Health Research (CIHR)</agency>
      <agency_class>Other</agency_class>
    </collaborator>
  </sponsors>
  <source>Centre for Addiction and Mental Health</source>
  <oversight_info>
    <authority>Canada: Health Canada</authority>
    <has_dmc>No</has_dmc>
  </oversight_info>
  <brief_summary>
    <textblock>
      Electroconvulsive therapy (ECT) has unparalleled efficacy in treating severe depression that
      is resistant to common modalities of treatment, such as antidepressant medication. Although
      treatment with ECT has benefited many individuals with treatment resistant depression (rates
      as high as 50-75%), its more widespread use is hindered by the social stigma associated with
      the treatment, as well as by its significant cognitive side effects. Moreover, ECT cannot be
      precisely targeted, since it produces a widespread activation of the brain surface, in turn,
      affecting many different functional areas. Magnetic seizure therapy (MST) is currently being
      investigated as an alternative to ECT, as it is more focused to one area of the brain.
      Rather than applying electrical stimuli to induce a seizure, as is done in ECT, MST uses
      repetitive magnetic stimulation to produce the seizure. Preliminary research suggests that
      MST can result in therapeutic effects comparable to those produced by ECT, but without the
      negative side effects on cognition. The proposed study is a randomized, controlled trial, in
      which the efficacy and side effect profile of MST will be compared to those of ECT. If
      successful, the results of this study may lead to increased treatment availability and
      accessibility, as well as lessen the substantial health care costs associated with treatment
      resistant depression.
    </textblock>
  </brief_summary>
  <overall_status>Not yet recruiting</overall_status>
  <start_date>December 2015</start_date>
  <completion_date type="Anticipated">September 2018</completion_date>
  <primary_completion_date type="Anticipated">September 2018</primary_completion_date>
  <phase>N/A</phase>
  <study_type>Interventional</study_type>
  <study_design>Allocation: Randomized, Endpoint Classification: Safety/Efficacy Study, Intervention Model: Parallel Assignment, Masking: Double Blind (Subject, Outcomes Assessor), Primary Purpose: Treatment</study_design>
  <primary_outcome>
    <measure>Hamilton Rating Scale for Depression, 24-item (HRSD-24)</measure>
    <time_frame>Change from baseline in HRSD-24 score at date of symptom remission or date of the 15th treatment, whichever comes first, assessed up to 6 months.</time_frame>
    <safety_issue>No</safety_issue>
    <description>The HRSD-24 is a semi-structured, clinician-administered scale used to assessed the severity of depressive symptoms.</description>
  </primary_outcome>
  <number_of_arms>2</number_of_arms>
  <enrollment type="Anticipated">200</enrollment>
  <condition>Depressive Disorder</condition>
  <arm_group>
    <arm_group_label>Magnetic seizure therapy</arm_group_label>
    <arm_group_type>Experimental</arm_group_type>
  </arm_group>
  <arm_group>
    <arm_group_label>Electroconvulsive therapy</arm_group_label>
    <arm_group_type>Active Comparator</arm_group_type>
  </arm_group>
  <intervention>
    <intervention_type>Device</intervention_type>
    <intervention_name>Magnetic seizure therapy</intervention_name>
    <description>100% machine output at 100 Hz, with coil directed over frontal brain regions, until adequate seizure achieved. Treatments will be administered 3 times per week, up to a maximum of 15 treatments. If subjects fail to achieve the pre-defined criteria of remission at that point, they will be considered non-remitters and will exit the study.</description>
    <arm_group_label>Magnetic seizure therapy</arm_group_label>
    <other_name>MagPro MST (Tonica Elektronik A/S, Denmark)</other_name>
  </intervention>
  <intervention>
    <intervention_type>Device</intervention_type>
    <intervention_name>Electroconvulsive therapy</intervention_name>
    <description>ECT treatments will be administered 3 times per week using the MECTA spECTrum 5000Q. Subjects will be treated with an ultrabrief (0.3ms) pulse with a bilateral placement at 6 times the seizure threshold, up to a maximum of 15 treatments. If subjects fail to achieve the pre-defined criteria of remission at that point, they will be considered non-remitters and will exit the study.</description>
    <arm_group_label>Electroconvulsive therapy</arm_group_label>
    <other_name>MECTA spECTrum 5000Q</other_name>
  </intervention>
  <eligibility>
    <criteria>
      <textblock>
        Inclusion Criteria:

          -  inpatients or outpatients

          -  voluntary and competent to consent to treatment

          -  DSM-IV diagnosis of major depressive disorder, single or recurrent, without psychotic
             features

          -  have failed to achieve a clinical response to adequate treatment trials of at least
             two antidepressants (with adequacy established according to a predefined criterion on
             the Antidepressant Treatment History Form (ATHF)) or have been unable to tolerate at
             least two antidepressants

          -  have a baseline HRSD-24 score ≥ 21

          -  are considered to be appropriate to receive ECT as assessed by an ECT attending
             psychiatrist and an anaesthesiologist

          -  are agreeable to keeping their current antidepressant treatment constant through the
             duration of the study

          -  are able to adhere to the intervention schedule

          -  meet the MST safety criteria

          -  are on a medically acceptable form of birth control if a woman of child-bearing
             potential

          -  are a resident of Canada

        Exclusion Criteria:

          -  have a history of DSM-IV substance dependence or abuse within the past three months

          -  have a concomitant major unstable medical illness

          -  are acutely suicidal with imminent intent

          -  are pregnant or intend to get pregnant during the study

          -  have a DSM-IV confirmed diagnosis of bipolar disorder, any psychotic disorder,
             obsessive compulsive disorder, or post-traumatic stress disorder (current or within
             the last year)

          -  have a DSM-IV diagnosis of borderline personality disorder as assessed by a study
             investigator

          -  have possible or probable dementia

          -  have failed a course of ECT within the current depressive episode

          -  have any significant neurological disorder or condition likely to be associated with
             increased intracranial pressure or cognitive impairment (e.g., a space occupying
             brain lesion, a history of stroke, a cerebral aneurysm, a seizure disorder,
             Parkinson's disease, Huntington's chorea, multiple sclerosis, head trauma with loss
             of consciousness for greater than or equal to five minutes)

          -  present with a medical condition, a medication, or a laboratory abnormality that
             could cause a major depressive episode or significant cognitive impairment in the
             opinion of the investigator (e.g., hypothyroidism with low TSH, rheumatoid arthritis
             requiring high dose prednisone, or Cushing's disease)

          -  have an intracranial implant (e.g., aneurysm clips, shunts, stimulators, cochlear
             implants, or electrodes) or any other metal object within or near the head, excluding
             the mouth, that cannot be safely removed

          -  require a benzodiazepine with a dose equivalent to lorazepam 2 mg/day or higher or
             any anticonvulsant due to the potential of these medications to limit the efficacy of
             both MST and ECT

          -  have an inability to communicate in English fluently enough to complete the
             neuropsychological tests

          -  have a non-correctable clinically significant sensory impairment (i.e., cannot hear
             or see well enough to complete the neuropsychological tests)
      </textblock>
    </criteria>
    <gender>Both</gender>
    <minimum_age>18 Years</minimum_age>
    <maximum_age>80 Years</maximum_age>
    <healthy_volunteers>No</healthy_volunteers>
  </eligibility>
  <overall_official>
    <last_name>Z. Jeffrey Daskalakis, MD, PhD.</last_name>
    <role>Principal Investigator</role>
    <affiliation>Centre for Addiction and Mental Health</affiliation>
  </overall_official>
  <overall_contact>
    <last_name>Jennifer Bennie, MEd</last_name>
    <phone>416-535-8501</phone>
    <phone_ext>30148</phone_ext>
    <email>jennifer.bennie@camh.ca</email>
  </overall_contact>
  <overall_contact_backup>
    <last_name>Jeff Daskalakis, MD, PhD.</last_name>
    <phone>416-535-8501</phone>
    <phone_ext>34319</phone_ext>
    <email>jeff.daskalakis@camh.ca</email>
  </overall_contact_backup>
  <location>
    <facility>
      <name>Centre for Addiction and Mental Health</name>
      <address>
        <city>Toronto</city>
        <state>Ontario</state>
        <zip>M6J 1H4</zip>
        <country>Canada</country>
      </address>
    </facility>
    <status>Not yet recruiting</status>
    <contact>
      <last_name>Jennifer Bennie, MEd</last_name>
      <phone>416-535-8501</phone>
      <phone_ext>30148</phone_ext>
      <email>jennifer.bennie@camh.ca</email>
    </contact>
    <contact_backup>
      <last_name>Jeff Daskalakis, MD, PhD.</last_name>
      <phone>416-535-8501</phone>
      <phone_ext>34319</phone_ext>
      <email>jeff.daskalakis@camh.ca</email>
    </contact_backup>
    <investigator>
      <last_name>Z. Jeffrey Daskalakis, MD, PhD.</last_name>
      <role>Principal Investigator</role>
    </investigator>
  </location>
  <location_countries>
    <country>Canada</country>
  </location_countries>
  <link>
    <url>http://www.camh.ca/en/research/Pages/research.aspx</url>
    <description>Information about research at the Centre for Addiction and Mental Health, Canada's largest mental health and addiction teaching hospital, fully affiliated with the University of Toronto, and a PAHO/WHO Collaborating Centre</description>
  </link>
  <verification_date>July 2015</verification_date>
  <lastchanged_date>July 31, 2015</lastchanged_date>
  <firstreceived_date>December 11, 2012</firstreceived_date>
  <responsible_party>
    <responsible_party_type>Principal Investigator</responsible_party_type>
    <investigator_affiliation>Centre for Addiction and Mental Health</investigator_affiliation>
    <investigator_full_name>Z. J. Daskalakis</investigator_full_name>
    <investigator_title>Chair, Temerty Centre for Therapeutic Brain Intervention</investigator_title>
  </responsible_party>
  <keyword>Magnetic seizure therapy</keyword>
  <keyword>Electroconvulsive therapy</keyword>
  <keyword>Treatment resistant depression</keyword>
  <keyword>Treatment resistance</keyword>
  <keyword>Randomized controlled trial</keyword>
  <is_fda_regulated>No</is_fda_regulated>
  <has_expanded_access>No</has_expanded_access>
  <condition_browse>
    <!-- CAUTION:  The following MeSH terms are assigned with an imperfect algorithm  -->
    <mesh_term>Depression</mesh_term>
    <mesh_term>Depressive Disorder</mesh_term>
    <mesh_term>Depressive Disorder, Treatment-Resistant</mesh_term>
  </condition_browse>
  <!-- Results have not yet been posted for this study                                -->
</clinical_study>
