<?xml version="1.0" encoding="UTF-8"?>
<clinical_study rank="51">
  <!-- This xml conforms to an XML Schema at:
    https://clinicaltrials.gov/ct2/html/images/info/public.xsd
 and an XML DTD at:
    https://clinicaltrials.gov/ct2/html/images/info/public.dtd -->
  <required_header>
    <download_date>ClinicalTrials.gov processed this data on December 01, 2015</download_date>
    <link_text>Link to the current ClinicalTrials.gov record.</link_text>
    <url>https://clinicaltrials.gov/show/NCT00297349</url>
  </required_header>
  <id_info>
    <org_study_id>CR003472</org_study_id>
    <nct_id>NCT00297349</nct_id>
  </id_info>
  <brief_title>A Study of the Safety of Topiramate Given in Combination With Other Medications in Adults and Children With Seizures</brief_title>
  <official_title>An Open-label Observation Study of Topiramate Administration as Adjuvant Therapy for Focal Epilepsy, Lennox-Gastaut Syndrome Epileptic Seizures and Generalized Tonoclonic Seizures in Adults and Children Aged 2 Years and Older</official_title>
  <sponsors>
    <lead_sponsor>
      <agency>Janssen Cilag Pharmaceutica S.A.C.I., Greece</agency>
      <agency_class>Industry</agency_class>
    </lead_sponsor>
  </sponsors>
  <source>Janssen Cilag Pharmaceutica S.A.C.I., Greece</source>
  <oversight_info>
    <authority>Greece: Hellenic Republic Ministry Of Health And Welfare National Organization For Medicines</authority>
  </oversight_info>
  <brief_summary>
    <textblock>
      The purpose of this observational study is to evaluate the safety of topiramate when used in
      combination with other medications for seizures in adults and children.
    </textblock>
  </brief_summary>
  <detailed_description>
    <textblock>
      Topiramate is a medication that is approved for the treatment of seizures. In accordance
      with International guidelines, studies are conducted after a drug is marketed to continue to
      evaluate and expand the knowledge regarding its safety. This is an open-label, multi-center
      observational safety study to collect safety information for oral topiramate given in
      addition to other medications for 3 types of seizures in adults and in children aged 2 years
      and older.The 3 seizures types are focal epilepsy, LENNOX-GASTAUT syndrome epileptic
      seizures and generalized tonic-clonic seizures. Patients whose previous treatment for
      seizures (one or more antiepileptic drugs) has been judged by their physician to be
      non-satisfactory will receive 6 months of treatment with topiramate in addition to other
      antiepileptic medication as prescribed by their physician. Topiramate will be given at low
      doses initially and gradually increased as necessary to control seizure activity in
      accordance with Summary of Product Characteristics (SmPC). Patients will be asked to keep a
      diary of adverse events and seizure activity. Safety evaluations (incidence of adverse
      events, physical examinations, vital signs and laboratory tests) will be performed
      throughout the study per investigators usual standard of care. At the end of the study, the
      treating physician may continue treatment with topiramate and other medication as
      appropriate. The study hypothesis is that topiramate given in combination with other
      antiepileptic medications will be effective in achieving and maintaining control of seizure
      activity and is well-tolerated. 225 adult patients and children aged 2 years or older will
      be enrolled in the study. Study participants should demonstrate focal epilepsy or epileptic
      seizures of the LENNOX-GASTAUT syndrome or generalized tonoclonic seizures, who have
      undergone treatment with one or more antiepileptic drugs and whose treatment should be
      judged by the investigator as non-satisfactory. Observational study - No investigational
      drug administered.
    </textblock>
  </detailed_description>
  <overall_status>Completed</overall_status>
  <start_date>November 2003</start_date>
  <completion_date type="Actual">June 2005</completion_date>
  <phase>N/A</phase>
  <study_type>Observational</study_type>
  <study_design>Time Perspective: Prospective</study_design>
  <primary_outcome>
    <measure>Evaluation of the safety of oral topiramate as adjuvant therapy for focal epilepsy, Lennox-Gastaut syndrome epileptic seizures and the generalized tonoclonic seizures in adults and children aged 2 years and older.</measure>
    <time_frame>At visit 3-8</time_frame>
    <safety_issue>No</safety_issue>
  </primary_outcome>
  <secondary_outcome>
    <measure>Safety &amp; tolerability evaluation will be performed by reporting AEs &amp; Clinical labs.</measure>
    <time_frame>Visits:3-8</time_frame>
    <safety_issue>No</safety_issue>
  </secondary_outcome>
  <secondary_outcome>
    <measure>Evaluation of efficacy will be performed with the aid of descriptive statistics.</measure>
    <time_frame>Visits:3-8</time_frame>
    <safety_issue>No</safety_issue>
  </secondary_outcome>
  <secondary_outcome>
    <measure>Overall assessments of the improvement in the seriousness of seizures will be performed.</measure>
    <time_frame>Visits:3-8</time_frame>
    <safety_issue>No</safety_issue>
  </secondary_outcome>
  <number_of_groups>1</number_of_groups>
  <enrollment type="Actual">153</enrollment>
  <condition>Seizures</condition>
  <condition>Epilepsy</condition>
  <arm_group>
    <arm_group_label>001</arm_group_label>
  </arm_group>
  <intervention>
    <intervention_type>Drug</intervention_type>
    <intervention_name>Topiramate</intervention_name>
    <description>Individualization of the treatment should begin from 25 mg for 1 week.</description>
    <arm_group_label>001</arm_group_label>
  </intervention>
  <eligibility>
    <study_pop>
      <textblock>
        225 adult patients and children aged 2 years or older will be enrolled in the study. Study
        participants should demonstrate focal epilepsy or epileptic seizures of the LENNOX-GASTAUT
        syndrome or generalized tonoclonic seizures, who should have undergone treatment with one
        or more antiepileptic drugs and whose treatment should be judged by the inverstigator as
        non-satisfactory.
      </textblock>
    </study_pop>
    <sampling_method>Probability Sample</sampling_method>
    <criteria>
      <textblock>
        Inclusion Criteria:

          -  Non-premenopausal female patients using a medically acceptable contraceptive method
             as discussed with their doctor

          -  History of the type of seizure during the period prior to inclusion in the study and
             sufficient medical records to document this. Prior treatment until inclusion in the
             study with one or more antiepileptic drug treatment judged non-satisfactory by the
             investigator

        Exclusion Criteria:

          -  Patients not suffering from epilepsy, whose seizures are due to other causes
             including disease, exposure to harmful substances, active infection or tumor

          -  Patients with a history of generalized status epilepticus (prolonged seizures) within
             the last three months

          -  Patients with progressive brain tumor or other progressive or degenerative disorders

          -  Patients with a history (within the previous six months) of mental or emotional
             disorders requiring shock treatment or major sedation, monoamine oxidase (MAO)
             inhibitors or medications which affect the central nervous system

          -  Patients with any medical or social condition that may affect their ability to take
             part in study or the safety of the study

          -  Patients who cannot take the drug or fill in the diary, either alone or with help. If
             help is needed, it should be permanently available throughout the study
      </textblock>
    </criteria>
    <gender>Both</gender>
    <minimum_age>2 Years</minimum_age>
    <maximum_age>N/A</maximum_age>
    <healthy_volunteers>No</healthy_volunteers>
  </eligibility>
  <overall_official>
    <last_name>Janssen-Cilag Pharmaceutica S.A.C.I. Clinical Trial</last_name>
    <role>Study Director</role>
    <affiliation>Janssen-Cilag Pharmaceutica S.A.C.I.</affiliation>
  </overall_official>
  <verification_date>April 2010</verification_date>
  <lastchanged_date>April 26, 2010</lastchanged_date>
  <firstreceived_date>February 24, 2006</firstreceived_date>
  <responsible_party>
    <name_title>Medical Affairs Director</name_title>
    <organization>Janssen Cilag Pharmaceutica S.A.C.I., Greece</organization>
  </responsible_party>
  <keyword>Seizures</keyword>
  <keyword>Epilepsy</keyword>
  <keyword>Tonic-clonic</keyword>
  <keyword>Lennox-Gastaut Syndrome</keyword>
  <keyword>Focal Epilepsy</keyword>
  <keyword>Topiramate</keyword>
  <keyword>Epilepsy in Children</keyword>
  <has_expanded_access>No</has_expanded_access>
  <condition_browse>
    <!-- CAUTION:  The following MeSH terms are assigned with an imperfect algorithm  -->
    <mesh_term>Epilepsy</mesh_term>
    <mesh_term>Seizures</mesh_term>
  </condition_browse>
  <intervention_browse>
    <!-- CAUTION:  The following MeSH terms are assigned with an imperfect algorithm  -->
    <mesh_term>Topiramate</mesh_term>
  </intervention_browse>
  <!-- Results have not yet been posted for this study                                -->
</clinical_study>
