<?xml version="1.0" encoding="UTF-8"?>
<clinical_study rank="19">
  <!-- This xml conforms to an XML Schema at:
    https://clinicaltrials.gov/ct2/html/images/info/public.xsd
 and an XML DTD at:
    https://clinicaltrials.gov/ct2/html/images/info/public.dtd -->
  <required_header>
    <download_date>ClinicalTrials.gov processed this data on November 27, 2015</download_date>
    <link_text>Link to the current ClinicalTrials.gov record.</link_text>
    <url>https://clinicaltrials.gov/show/NCT01262677</url>
  </required_header>
  <id_info>
    <org_study_id>A0081194</org_study_id>
    <nct_id>NCT01262677</nct_id>
  </id_info>
  <brief_title>Once-A-Day Pregabalin For Partial Seizures</brief_title>
  <official_title>A Randomized, Double-Blind, Placebo-Controlled, Parallel Group, Multi-Center Trial Of Pregabalin Controlled Release Formulation As Adjunctive Therapy In Adults With Partial Onset Seizures - Protocol A0081194</official_title>
  <sponsors>
    <lead_sponsor>
      <agency>Pfizer</agency>
      <agency_class>Industry</agency_class>
    </lead_sponsor>
  </sponsors>
  <source>Pfizer</source>
  <oversight_info>
    <authority>United States: Food and Drug Administration</authority>
    <has_dmc>Yes</has_dmc>
  </oversight_info>
  <brief_summary>
    <textblock>
      Approximately 30% percent of subjects with partial seizures are refractory to treatment with
      single or combination antiepileptic drugs. The present study will compare the efficacy of
      two different dosages of pregabalin CR dosed once daily as compared to placebo, when used as
      adjunctive therapy in subjects requiring adjunctive therapy for partial onset epilepsy,
      using a randomized, parallel group design.
    </textblock>
  </brief_summary>
  <overall_status>Completed</overall_status>
  <start_date>January 2011</start_date>
  <completion_date type="Actual">August 2012</completion_date>
  <primary_completion_date type="Actual">August 2012</primary_completion_date>
  <phase>Phase 3</phase>
  <study_type>Interventional</study_type>
  <study_design>Allocation: Randomized, Endpoint Classification: Safety/Efficacy Study, Intervention Model: Parallel Assignment, Masking: Double Blind (Subject, Caregiver, Investigator, Outcomes Assessor), Primary Purpose: Treatment</study_design>
  <primary_outcome>
    <measure>The primary endpoint will be the log transformed (loge) 28 day seizure rate for all partial onset seizures collected during the double blind treatment phase.</measure>
    <time_frame>Week 0 to week 14</time_frame>
    <safety_issue>No</safety_issue>
  </primary_outcome>
  <secondary_outcome>
    <measure>Evaluation for safety using adverse event data, medical history, PHQ 8, laboratory data, physical exams, vital signs, neurological exams, electrocardiograms, and suicidality assessment.</measure>
    <time_frame>Screening to Week 15</time_frame>
    <safety_issue>Yes</safety_issue>
  </secondary_outcome>
  <secondary_outcome>
    <measure>Responder rate (proportion of subjects who have a greater than or equal to 50% reduction in partial seizure rate from baseline during the double blind treatment phase compared to the 8 week baseline (screening) seizure phase).</measure>
    <time_frame>Screening to Week 15</time_frame>
    <safety_issue>No</safety_issue>
  </secondary_outcome>
  <secondary_outcome>
    <measure>The percentage change in 28 day partial seizure rates summarized by treatment group.</measure>
    <time_frame>Screening to Week 15</time_frame>
    <safety_issue>No</safety_issue>
  </secondary_outcome>
  <secondary_outcome>
    <measure>Frequency of secondary generalized tonic clonic seizures (SGTC).</measure>
    <time_frame>Screening to Week 15</time_frame>
    <safety_issue>No</safety_issue>
  </secondary_outcome>
  <secondary_outcome>
    <measure>Log-transformed 28 day SGTC rate for all SGTCs collected during the double blind treatment phase.</measure>
    <time_frame>Screening to Week 15</time_frame>
    <safety_issue>No</safety_issue>
  </secondary_outcome>
  <secondary_outcome>
    <measure>SGTC responder rate.</measure>
    <time_frame>Screening to Week 15</time_frame>
    <safety_issue>No</safety_issue>
  </secondary_outcome>
  <secondary_outcome>
    <measure>Changes from baseline in the anxiety and depression subscale scores of the Hospital Anxiety and Depression Scale (HADS) scores.</measure>
    <time_frame>Baseline to Week 14</time_frame>
    <safety_issue>No</safety_issue>
  </secondary_outcome>
  <secondary_outcome>
    <measure>Change from baseline in Medical Outcomes Study Sleep Scale (MOS Sleep Scale) subscale scores.</measure>
    <time_frame>Baseline to Week 14</time_frame>
    <safety_issue>No</safety_issue>
  </secondary_outcome>
  <secondary_outcome>
    <measure>Global scores on the patient rated Benefit, Satisfaction, and Willingness to Continue Measure (BSW).</measure>
    <time_frame>Baseline to Week 14</time_frame>
    <safety_issue>No</safety_issue>
  </secondary_outcome>
  <number_of_arms>3</number_of_arms>
  <enrollment type="Actual">334</enrollment>
  <condition>Partial Seizures</condition>
  <condition>Epilepsies, Partial</condition>
  <arm_group>
    <arm_group_label>pregabalin CR 330 mg</arm_group_label>
    <arm_group_type>Experimental</arm_group_type>
  </arm_group>
  <arm_group>
    <arm_group_label>pregabalin CR 165 mg</arm_group_label>
    <arm_group_type>Experimental</arm_group_type>
  </arm_group>
  <arm_group>
    <arm_group_label>Placebo</arm_group_label>
    <arm_group_type>Placebo Comparator</arm_group_type>
  </arm_group>
  <intervention>
    <intervention_type>Drug</intervention_type>
    <intervention_name>pregabalin</intervention_name>
    <description>Controlled Release Tablets, 82.5 mg, once per day (QD) for 3 days</description>
    <arm_group_label>pregabalin CR 330 mg</arm_group_label>
  </intervention>
  <intervention>
    <intervention_type>Drug</intervention_type>
    <intervention_name>pregabalin</intervention_name>
    <description>Controlled Release Tablets, 165 mg, once per day (QD) for 11 days</description>
    <arm_group_label>pregabalin CR 330 mg</arm_group_label>
  </intervention>
  <intervention>
    <intervention_type>Drug</intervention_type>
    <intervention_name>pregabalin</intervention_name>
    <description>Controlled Release Tablets, 330 mg, once per day (QD) for the remainder of the double-blind treatment phase (max is 12 weeks)</description>
    <arm_group_label>pregabalin CR 330 mg</arm_group_label>
  </intervention>
  <intervention>
    <intervention_type>Drug</intervention_type>
    <intervention_name>pregabalin</intervention_name>
    <description>Controlled Release Tablets, 165 mg, once per day (QD) for 7 days</description>
    <arm_group_label>pregabalin CR 330 mg</arm_group_label>
  </intervention>
  <intervention>
    <intervention_type>Drug</intervention_type>
    <intervention_name>pregabalin</intervention_name>
    <description>Controlled Release Tablets, 82.5 mg, once per day (QD) for 3 days</description>
    <arm_group_label>pregabalin CR 165 mg</arm_group_label>
  </intervention>
  <intervention>
    <intervention_type>Drug</intervention_type>
    <intervention_name>pregabalin</intervention_name>
    <description>Controlled Release Tablets, 165 mg, once per day (QD) for the remainder of the up-titration and double-blind treatment and taper phases (max 14.5 weeks)</description>
    <arm_group_label>pregabalin CR 165 mg</arm_group_label>
  </intervention>
  <intervention>
    <intervention_type>Drug</intervention_type>
    <intervention_name>placebo</intervention_name>
    <description>matched to the active drug</description>
    <arm_group_label>Placebo</arm_group_label>
  </intervention>
  <eligibility>
    <criteria>
      <textblock>
        Inclusion Criteria:

          -  Diagnosis of epilepsy with partial onset seizures (seizures may be simple or complex,
             with or without evolution into a bilateral, convulsive seizure)

          -  Currently taking 1 to 3 anit-epilepsy medicines (AEDs) at stable dosages, and who
             have taken at least 2 prior (or ongoing) AEDs

        Exclusion Criteria:

          -  Primary generalized seizures (for example, absence, myoclonic seizures or
             Lennox-Gastaut Syndrome)

          -  Status epilepticus within one year prior to screening
      </textblock>
    </criteria>
    <gender>Both</gender>
    <minimum_age>18 Years</minimum_age>
    <maximum_age>N/A</maximum_age>
    <healthy_volunteers>No</healthy_volunteers>
  </eligibility>
  <overall_official>
    <last_name>Pfizer CT.gov Call Center</last_name>
    <role>Study Director</role>
    <affiliation>Pfizer</affiliation>
  </overall_official>
  <location>
    <facility>
      <name>Neurology Clinic, PC</name>
      <address>
        <city>Northport</city>
        <state>Alabama</state>
        <zip>35476</zip>
        <country>United States</country>
      </address>
    </facility>
  </location>
  <location>
    <facility>
      <name>NEA Baptist Clinic</name>
      <address>
        <city>Jonesboro</city>
        <state>Arkansas</state>
        <zip>72401</zip>
        <country>United States</country>
      </address>
    </facility>
  </location>
  <location>
    <facility>
      <name>Clinical Trials, Inc.</name>
      <address>
        <city>Little Rock</city>
        <state>Arkansas</state>
        <zip>72205</zip>
        <country>United States</country>
      </address>
    </facility>
  </location>
  <location>
    <facility>
      <name>Collaborative Neuroscience Network, Inc.</name>
      <address>
        <city>Long Beach</city>
        <state>California</state>
        <zip>90806</zip>
        <country>United States</country>
      </address>
    </facility>
  </location>
  <location>
    <facility>
      <name>Viking Clinic Research Center</name>
      <address>
        <city>Murrieta</city>
        <state>California</state>
        <zip>92562</zip>
        <country>United States</country>
      </address>
    </facility>
  </location>
  <location>
    <facility>
      <name>Viking Clinical Research Center</name>
      <address>
        <city>Murrieta</city>
        <state>California</state>
        <zip>92562</zip>
        <country>United States</country>
      </address>
    </facility>
  </location>
  <location>
    <facility>
      <name>Neurological Research Institute</name>
      <address>
        <city>Santa Monica</city>
        <state>California</state>
        <zip>90404</zip>
        <country>United States</country>
      </address>
    </facility>
  </location>
  <location>
    <facility>
      <name>Viking Clinical Research Center</name>
      <address>
        <city>Temecula</city>
        <state>California</state>
        <zip>92591</zip>
        <country>United States</country>
      </address>
    </facility>
  </location>
  <location>
    <facility>
      <name>Sarkis Clinical Trials</name>
      <address>
        <city>Gainesville</city>
        <state>Florida</state>
        <zip>32607</zip>
        <country>United States</country>
      </address>
    </facility>
  </location>
  <location>
    <facility>
      <name>Optima Neurological Services, LLC</name>
      <address>
        <city>Gainsville</city>
        <state>Florida</state>
        <zip>32608</zip>
        <country>United States</country>
      </address>
    </facility>
  </location>
  <location>
    <facility>
      <name>Sleep Disorders Center of Georgia</name>
      <address>
        <city>Gainsville</city>
        <state>Georgia</state>
        <zip>30501</zip>
        <country>United States</country>
      </address>
    </facility>
  </location>
  <location>
    <facility>
      <name>Southern Illinois University School of Medicine</name>
      <address>
        <city>Springfield</city>
        <state>Illinois</state>
        <zip>62702</zip>
        <country>United States</country>
      </address>
    </facility>
  </location>
  <location>
    <facility>
      <name>VCMA Comprehensive Epilepsy Center</name>
      <address>
        <city>Wichita</city>
        <state>Kansas</state>
        <zip>67214</zip>
        <country>United States</country>
      </address>
    </facility>
  </location>
  <location>
    <facility>
      <name>Via Christi Research</name>
      <address>
        <city>Wichita</city>
        <state>Kansas</state>
        <zip>67214</zip>
        <country>United States</country>
      </address>
    </facility>
  </location>
  <location>
    <facility>
      <name>Associates in Neurology, PSC</name>
      <address>
        <city>Lexington</city>
        <state>Kentucky</state>
        <zip>40513</zip>
        <country>United States</country>
      </address>
    </facility>
  </location>
  <location>
    <facility>
      <name>Mid Atlantic Headache Institute</name>
      <address>
        <city>Pikesville</city>
        <state>Maryland</state>
        <zip>21208</zip>
        <country>United States</country>
      </address>
    </facility>
  </location>
  <location>
    <facility>
      <name>Asheville Neurology Specialists, PA</name>
      <address>
        <city>Asheville</city>
        <state>North Carolina</state>
        <zip>28806</zip>
        <country>United States</country>
      </address>
    </facility>
  </location>
  <location>
    <facility>
      <name>Angelique Barreto, MD</name>
      <address>
        <city>Oklahoma City</city>
        <state>Oklahoma</state>
        <zip>73135</zip>
        <country>United States</country>
      </address>
    </facility>
  </location>
  <location>
    <facility>
      <name>Lynn Health Science Institute</name>
      <address>
        <city>Oklahoma City</city>
        <state>Oklahoma</state>
        <zip>73112</zip>
        <country>United States</country>
      </address>
    </facility>
  </location>
  <location>
    <facility>
      <name>Mark A. Fisher, M.D.- Private Practice</name>
      <address>
        <city>Oklahoma City</city>
        <state>Oklahoma</state>
        <zip>73112</zip>
        <country>United States</country>
      </address>
    </facility>
  </location>
  <location>
    <facility>
      <name>Sooner Clinical Research</name>
      <address>
        <city>Oklahoma City</city>
        <state>Oklahoma</state>
        <zip>73112</zip>
        <country>United States</country>
      </address>
    </facility>
  </location>
  <location>
    <facility>
      <name>Veroniqe Sebastian, MD</name>
      <address>
        <city>Oklahoma</city>
        <state>Oklahoma</state>
        <zip>73120</zip>
        <country>United States</country>
      </address>
    </facility>
  </location>
  <location>
    <facility>
      <name>University of Pennsylvania</name>
      <address>
        <city>Philadelphia</city>
        <state>Pennsylvania</state>
        <zip>19104</zip>
        <country>United States</country>
      </address>
    </facility>
  </location>
  <location>
    <facility>
      <name>FutureSearch Trials of Neurology</name>
      <address>
        <city>Austin</city>
        <state>Texas</state>
        <zip>78731</zip>
        <country>United States</country>
      </address>
    </facility>
  </location>
  <location>
    <facility>
      <name>Scott &amp; White Healthcare</name>
      <address>
        <city>Temple</city>
        <state>Texas</state>
        <zip>76508</zip>
        <country>United States</country>
      </address>
    </facility>
  </location>
  <location>
    <facility>
      <name>Scott and White Healthcare-Office of Sponsored Research Administration</name>
      <address>
        <city>Temple</city>
        <state>Texas</state>
        <zip>76502</zip>
        <country>United States</country>
      </address>
    </facility>
  </location>
  <location>
    <facility>
      <name>Fundacion Argentina Contra las Enfermedades Neurologicas (FACENE)</name>
      <address>
        <city>Ciudad Autonoma de Buenos Aires</city>
        <zip>C1117ABE</zip>
        <country>Argentina</country>
      </address>
    </facility>
  </location>
  <location>
    <facility>
      <name>Clinic of Neurology,Clinical Centar University Sarajevo</name>
      <address>
        <city>Sarajevo</city>
        <zip>71000</zip>
        <country>Bosnia and Herzegovina</country>
      </address>
    </facility>
  </location>
  <location>
    <facility>
      <name>MBAL Puls AD, Nevrologichno otdelenie</name>
      <address>
        <city>Blagoevgrad</city>
        <zip>2700</zip>
        <country>Bulgaria</country>
      </address>
    </facility>
  </location>
  <location>
    <facility>
      <name>UMBAL Dr. Georgi Stranski, Vtora nevrologichna klinika</name>
      <address>
        <city>Pleven</city>
        <zip>5800</zip>
        <country>Bulgaria</country>
      </address>
    </facility>
  </location>
  <location>
    <facility>
      <name>DKTs Akta Medika, Konsultativen kabinet po Nevrologiya</name>
      <address>
        <city>Sevlievo</city>
        <zip>5400</zip>
        <country>Bulgaria</country>
      </address>
    </facility>
  </location>
  <location>
    <facility>
      <name>MBALNP Sveti Naum EAD, Klinika po nervni bolesti za paroksizmalnite sastoyaniya,</name>
      <address>
        <city>Sofia</city>
        <zip>1113</zip>
        <country>Bulgaria</country>
      </address>
    </facility>
  </location>
  <location>
    <facility>
      <name>Vtora Mnogoprofilna Bolnitsa za Aktivno Lechenie, Nevrologichno Otdelenie</name>
      <address>
        <city>Sofia</city>
        <zip>1202</zip>
        <country>Bulgaria</country>
      </address>
    </facility>
  </location>
  <location>
    <facility>
      <name>Litomyslská nemocnice, a.s.</name>
      <address>
        <city>Litomysl</city>
        <zip>570 14</zip>
        <country>Czech Republic</country>
      </address>
    </facility>
  </location>
  <location>
    <facility>
      <name>Fakultni Thomayerova nemocnice s poliklinikou,Neurologicka klinika IPVZ/FTNsP</name>
      <address>
        <city>Praha 4</city>
        <zip>140 59</zip>
        <country>Czech Republic</country>
      </address>
    </facility>
  </location>
  <location>
    <facility>
      <name>Neurologicka ambulance</name>
      <address>
        <city>Praha 6</city>
        <zip>160 00</zip>
        <country>Czech Republic</country>
      </address>
    </facility>
  </location>
  <location>
    <facility>
      <name>Epilepsie-Zentrum Bethel</name>
      <address>
        <city>Bielefeld</city>
        <zip>33617</zip>
        <country>Germany</country>
      </address>
    </facility>
  </location>
  <location>
    <facility>
      <name>Praxis fuer Neurologie und Psychiatrie, Psychotherapie</name>
      <address>
        <city>Bielefeld</city>
        <zip>33647</zip>
        <country>Germany</country>
      </address>
    </facility>
  </location>
  <location>
    <facility>
      <name>Klinik fuer Epileptologie, Universitaet Bonn</name>
      <address>
        <city>Bonn</city>
        <zip>53105</zip>
        <country>Germany</country>
      </address>
    </facility>
  </location>
  <location>
    <facility>
      <name>Neuro Consil GmbH</name>
      <address>
        <city>Duesseldorf</city>
        <zip>40212</zip>
        <country>Germany</country>
      </address>
    </facility>
  </location>
  <location>
    <facility>
      <name>Epilepsieklinik fuer Erwachsene Epilepsiezentrum Kork</name>
      <address>
        <city>Kehl-Kork</city>
        <zip>77694</zip>
        <country>Germany</country>
      </address>
    </facility>
  </location>
  <location>
    <facility>
      <name>Studienzentrum Dr. Stephan Arnold</name>
      <address>
        <city>Muenchen</city>
        <zip>80638</zip>
        <country>Germany</country>
      </address>
    </facility>
  </location>
  <location>
    <facility>
      <name>Pamela Youde Nethersole Eastern Hospital</name>
      <address>
        <city>Hong Kong</city>
        <country>Hong Kong</country>
      </address>
    </facility>
  </location>
  <location>
    <facility>
      <name>Department of Medicine, Queen Elizabeth Hospital</name>
      <address>
        <city>Kowloon</city>
        <zip>0</zip>
        <country>Hong Kong</country>
      </address>
    </facility>
  </location>
  <location>
    <facility>
      <name>Dr. Kennessey Albert Korhaz-Rendelointezet, Neurologiai Osztaly</name>
      <address>
        <city>Balassagyarmat</city>
        <zip>2660</zip>
        <country>Hungary</country>
      </address>
    </facility>
  </location>
  <location>
    <facility>
      <name>Fovarosi Onkormanyzat Uzsoki utcai Korhaza, Ideggyogyaszati Osztaly</name>
      <address>
        <city>Budapest</city>
        <zip>1145</zip>
        <country>Hungary</country>
      </address>
    </facility>
  </location>
  <location>
    <facility>
      <name>Synexus Magyarorszag Kft.</name>
      <address>
        <city>Budapest</city>
        <zip>1036</zip>
        <country>Hungary</country>
      </address>
    </facility>
  </location>
  <location>
    <facility>
      <name>Szent Pantaleon Korhaz Nonprofit Kft., Idegosztaly</name>
      <address>
        <city>Dunaujvaros</city>
        <zip>2400</zip>
        <country>Hungary</country>
      </address>
    </facility>
  </location>
  <location>
    <facility>
      <name>Lalitha Super Specialities Hospital (P) Ltd.</name>
      <address>
        <city>Guntur</city>
        <state>Andhra Pradesh</state>
        <zip>522 001</zip>
        <country>India</country>
      </address>
    </facility>
  </location>
  <location>
    <facility>
      <name>Jagadguru Sri Shivathreeshwara Medical College and Hospital,</name>
      <address>
        <city>Mysore</city>
        <state>Karnataka</state>
        <zip>570004</zip>
        <country>India</country>
      </address>
    </facility>
  </location>
  <location>
    <facility>
      <name>Deenanath Mangeshkar Hospital and Research Centre</name>
      <address>
        <city>Pune</city>
        <state>Maharashtra</state>
        <zip>411 004</zip>
        <country>India</country>
      </address>
    </facility>
  </location>
  <location>
    <facility>
      <name>KEM Hospital Research Centre</name>
      <address>
        <city>Pune</city>
        <state>Maharashtra</state>
        <zip>411 011</zip>
        <country>India</country>
      </address>
    </facility>
  </location>
  <location>
    <facility>
      <name>Poona Hospital and Research Centre Department of Neurology</name>
      <address>
        <city>Pune</city>
        <state>Maharashtra</state>
        <zip>411030</zip>
        <country>India</country>
      </address>
    </facility>
  </location>
  <location>
    <facility>
      <name>Sahyadri Clinical Research &amp; Development Center,</name>
      <address>
        <city>Pune</city>
        <state>Maharashtra</state>
        <zip>411 004</zip>
        <country>India</country>
      </address>
    </facility>
  </location>
  <location>
    <facility>
      <name>Sahyadri Speciality Hospital</name>
      <address>
        <city>Pune</city>
        <state>Maharashtra</state>
        <zip>411004</zip>
        <country>India</country>
      </address>
    </facility>
  </location>
  <location>
    <facility>
      <name>Vidyasagar Institute of Mental Health , Neuro&amp; Allied Sciences,</name>
      <address>
        <city>Nehru Nagar</city>
        <state>New Delhi</state>
        <zip>110 065</zip>
        <country>India</country>
      </address>
    </facility>
  </location>
  <location>
    <facility>
      <name>Pusat Pengajian Sains Perubatan, Universiti Sains Malaysia</name>
      <address>
        <city>Kubang Kerian</city>
        <state>Kelantan</state>
        <zip>16150</zip>
        <country>Malaysia</country>
      </address>
    </facility>
  </location>
  <location>
    <facility>
      <name>Hospital Kuala Lumpur</name>
      <address>
        <city>Kuala Lumpur</city>
        <zip>50586</zip>
        <country>Malaysia</country>
      </address>
    </facility>
  </location>
  <location>
    <facility>
      <name>Private Office 201</name>
      <address>
        <city>Delagación Cuauhtemoc</city>
        <state>DF</state>
        <zip>06700</zip>
        <country>Mexico</country>
      </address>
    </facility>
  </location>
  <location>
    <facility>
      <name>Hospital Civil de Guadalajara Fray Antonio Alcalde</name>
      <address>
        <city>Guadalajara</city>
        <state>Jalisco</state>
        <zip>44280</zip>
        <country>Mexico</country>
      </address>
    </facility>
  </location>
  <location>
    <facility>
      <name>Hospital Universitario Dr. Jose Eleuterio Gonzalez</name>
      <address>
        <city>Monterrey</city>
        <state>Nuevo Leon</state>
        <zip>CP 64460</zip>
        <country>Mexico</country>
      </address>
    </facility>
  </location>
  <location>
    <facility>
      <name>Hospital Angeles Culiacan</name>
      <address>
        <city>Culiacan</city>
        <state>Sinaloa</state>
        <zip>80020</zip>
        <country>Mexico</country>
      </address>
    </facility>
  </location>
  <location>
    <facility>
      <name>Instituto Biomedico de Investigacion A. C.</name>
      <address>
        <city>Aguascalientes</city>
        <zip>20127</zip>
        <country>Mexico</country>
      </address>
    </facility>
  </location>
  <location>
    <facility>
      <name>Indywidualna Specjalistyczna Praktyka Lekarska</name>
      <address>
        <city>Gdansk</city>
        <zip>80-266</zip>
        <country>Poland</country>
      </address>
    </facility>
  </location>
  <location>
    <facility>
      <name>Centrum Neurologii Klinicznej Sp. z o. o.</name>
      <address>
        <city>Krakow</city>
        <zip>31-505</zip>
        <country>Poland</country>
      </address>
    </facility>
  </location>
  <location>
    <facility>
      <name>Gabinet Lekarski A. Klimek</name>
      <address>
        <city>Lodz</city>
        <zip>90-148</zip>
        <country>Poland</country>
      </address>
    </facility>
  </location>
  <location>
    <facility>
      <name>Niepubliczny Zaklad Opieki Zdrowotnej IGNIS dr med. Alicja Lobinska</name>
      <address>
        <city>Swidnik</city>
        <zip>21-040</zip>
        <country>Poland</country>
      </address>
    </facility>
  </location>
  <location>
    <facility>
      <name>Epilepsy Control Institute</name>
      <address>
        <city>San Juan</city>
        <zip>00923</zip>
        <country>Puerto Rico</country>
      </address>
    </facility>
  </location>
  <location>
    <facility>
      <name>Spitalul Clinic de Urgenta &quot;Prof. Dr. Nicolae Oblu&quot;</name>
      <address>
        <city>Iasi</city>
        <state>Jud. Iasi</state>
        <zip>700309</zip>
        <country>Romania</country>
      </address>
    </facility>
  </location>
  <location>
    <facility>
      <name>Cabinet Medical Individual &quot; Dr. Adina Maria Roceanu&quot;</name>
      <address>
        <city>Bucuresti</city>
        <zip>010042</zip>
        <country>Romania</country>
      </address>
    </facility>
  </location>
  <location>
    <facility>
      <name>Municipal Healthcare Institution City Hospital #5, Neurology Department</name>
      <address>
        <city>Barnaul</city>
        <zip>656045</zip>
        <country>Russian Federation</country>
      </address>
    </facility>
  </location>
  <location>
    <facility>
      <name>State Medical Institution Republican Clinical Hospital</name>
      <address>
        <city>Kazan</city>
        <zip>420064</zip>
        <country>Russian Federation</country>
      </address>
    </facility>
  </location>
  <location>
    <facility>
      <name>Central Clinical Hospital #2 N.A. Semashko OAO RZD / Department of Rehabilitation</name>
      <address>
        <city>Moscow</city>
        <zip>107150</zip>
        <country>Russian Federation</country>
      </address>
    </facility>
  </location>
  <location>
    <facility>
      <name>Pyatigorsk City Hospital #2, Neurology Department,</name>
      <address>
        <city>Pyatigorsk</city>
        <zip>357538</zip>
        <country>Russian Federation</country>
      </address>
    </facility>
  </location>
  <location>
    <facility>
      <name>State Institution St. Petersburg Psychoneurological Research Institute V.M. Bekhterev of Roszdrav</name>
      <address>
        <city>Saint-Petersburg</city>
        <zip>192019</zip>
        <country>Russian Federation</country>
      </address>
    </facility>
  </location>
  <location>
    <facility>
      <name>Samara Regional Clinical Hospital M.I. Kalinin, Neurology and Neurosurgery Department</name>
      <address>
        <city>Samara</city>
        <zip>443095</zip>
        <country>Russian Federation</country>
      </address>
    </facility>
  </location>
  <location>
    <facility>
      <name>Institute for Mental Health</name>
      <address>
        <city>Belgrade</city>
        <zip>11 000</zip>
        <country>Serbia</country>
      </address>
    </facility>
  </location>
  <location>
    <facility>
      <name>National University Hospital</name>
      <address>
        <city>Singapore</city>
        <zip>119074</zip>
        <country>Singapore</country>
      </address>
    </facility>
  </location>
  <location>
    <facility>
      <name>Singapore General Hospital</name>
      <address>
        <city>Singapore</city>
        <zip>169608</zip>
        <country>Singapore</country>
      </address>
    </facility>
  </location>
  <location>
    <facility>
      <name>Khon Kaen University, Faculty of Medicine, Neurology Unit, Department of Medicine</name>
      <address>
        <city>Muang</city>
        <state>Khon Kaen</state>
        <zip>40002</zip>
        <country>Thailand</country>
      </address>
    </facility>
  </location>
  <location>
    <facility>
      <name>Neurology Division, Department of Medicine, Pramongkutklao College of Medicine</name>
      <address>
        <city>Bangkok</city>
        <zip>10400</zip>
        <country>Thailand</country>
      </address>
    </facility>
  </location>
  <location_countries>
    <country>Argentina</country>
    <country>Bosnia and Herzegovina</country>
    <country>Bulgaria</country>
    <country>Czech Republic</country>
    <country>Germany</country>
    <country>Hong Kong</country>
    <country>Hungary</country>
    <country>India</country>
    <country>Malaysia</country>
    <country>Mexico</country>
    <country>Poland</country>
    <country>Puerto Rico</country>
    <country>Romania</country>
    <country>Russian Federation</country>
    <country>Serbia</country>
    <country>Singapore</country>
    <country>Thailand</country>
    <country>United States</country>
  </location_countries>
  <removed_countries>
    <country>Croatia</country>
    <country>South Africa</country>
  </removed_countries>
  <link>
    <url>https://trialinfoemail.pfizer.com/pages/landing.aspx?StudyID=A0081194&amp;StudyName=Once-A-Day%20Pregabalin%20For%20Partial%20Seizures</url>
    <description>To obtain contact information for a study center near you, click here.</description>
  </link>
  <verification_date>September 2013</verification_date>
  <lastchanged_date>September 13, 2013</lastchanged_date>
  <firstreceived_date>December 16, 2010</firstreceived_date>
  <responsible_party>
    <responsible_party_type>Sponsor</responsible_party_type>
  </responsible_party>
  <keyword>Partial epilepsy</keyword>
  <keyword>partial seizures</keyword>
  <keyword>epilepsy</keyword>
  <keyword>seizures</keyword>
  <keyword>adjunctive therapy</keyword>
  <keyword>intervention</keyword>
  <keyword>controlled-release</keyword>
  <keyword>placebo-controlled</keyword>
  <keyword>seizure</keyword>
  <is_fda_regulated>Yes</is_fda_regulated>
  <is_section_801>Yes</is_section_801>
  <has_expanded_access>No</has_expanded_access>
  <condition_browse>
    <!-- CAUTION:  The following MeSH terms are assigned with an imperfect algorithm  -->
    <mesh_term>Epilepsies, Partial</mesh_term>
    <mesh_term>Seizures</mesh_term>
  </condition_browse>
  <intervention_browse>
    <!-- CAUTION:  The following MeSH terms are assigned with an imperfect algorithm  -->
    <mesh_term>Gamma-Aminobutyric Acid</mesh_term>
    <mesh_term>Pregabalin</mesh_term>
  </intervention_browse>
  <!-- Results have not yet been posted for this study                                -->
</clinical_study>
