<?xml version="1.0" encoding="UTF-8"?>
<clinical_study rank="160">
  <!-- This xml conforms to an XML Schema at:
    https://clinicaltrials.gov/ct2/html/images/info/public.xsd
 and an XML DTD at:
    https://clinicaltrials.gov/ct2/html/images/info/public.dtd -->
  <required_header>
    <download_date>ClinicalTrials.gov processed this data on November 27, 2015</download_date>
    <link_text>Link to the current ClinicalTrials.gov record.</link_text>
    <url>https://clinicaltrials.gov/show/NCT00500994</url>
  </required_header>
  <id_info>
    <org_study_id>070190</org_study_id>
    <secondary_id>07-N-0190</secondary_id>
    <nct_id>NCT00500994</nct_id>
  </id_info>
  <brief_title>Neurobiology of Psychogenic Movement Disorder and Non-Epileptic Seizures</brief_title>
  <official_title>Neurobiological Studies of Psychogenic Movement Disorders and Non-Epileptic Seizures</official_title>
  <sponsors>
    <lead_sponsor>
      <agency>National Institute of Neurological Disorders and Stroke (NINDS)</agency>
      <agency_class>NIH</agency_class>
    </lead_sponsor>
  </sponsors>
  <source>National Institutes of Health Clinical Center (CC)</source>
  <oversight_info>
    <authority>United States: Federal Government</authority>
  </oversight_info>
  <brief_summary>
    <textblock>
      This study is part of a series of studies that will explore how the mind and the brain work
      to cause episodes of uncontrollable shaking in people who have no known underlying brain or
      medical disorder. The study is conducted at NIH and at the Brown University Rhode Island
      Hospital.

      Healthy volunteers and people with psychogenic movement disorders (PMD) or non-epileptic
      seizures (NES) who are 18 years of age or older may be eligible for this study.

      Patients with NES have 3 teaspoons of blood drawn. The blood is tested for two genes that
      are normally found in healthy individuals to see if they are found more frequently in
      patients with uncontrolled shaking.

      Patients with PMD have blood drawn for testing and also undergo functional magnetic
      resonance imaging (fMRI) to look at how the brain functions while the subject performs a
      specific task. MRI uses a strong magnetic field and radio waves to obtain images of body
      organs and tissues. During the scan, the subject lies on a table that can slide in and out
      of the scanner, a metal cylinder. The scan lasts about 60 to 90 minutes, during which the
      subject may be asked to lie still for up to 10 minutes at a time and to perform tasks, such
      as identifying the gender of faces shown on a screen.

      Healthy volunteers may have blood drawn for genetic testing or fMRI or both.
    </textblock>
  </brief_summary>
  <detailed_description>
    <textblock>
      Objectives:

      The study investigates the neurobiological correlates of conversion disorder (CD). The
      primary objectives are to investigate in CD patients:

        -  The role of emotional valence in an implicit emotional processing task (COMPLETE)

        -  The frequency of the 5HTTLPR S/S genotype

        -  Structural differences in grey matter of the brain as detected by voxel-based
           morphometry (VBM)

      Exploratory objectives are to investigate in CD patients:

        -  The frequency of several gene polymorphisms that are implicated in stress and affective
           disorder, including 5HTTLPR S/S (serotonin receptor), COMT
           (catechol-o-methyltransferase enzyme), Val/Met BDNF (brain-derived neurotrophic factor)
           and FKBP5 rs1360780 genotypes, as well as other polymorphisms or mutations to be
           determined later.

        -  The levels of salivary cortisol as a measure of stress.

        -  The heart rate variability, as a measure of autonomic nervous system function.
           [COMPLETE]

        -  Structural differences in white matter of the brain as detected by diffusion tensor
           imaging (DTI)

        -  The resting state BOLD fMRI signal

        -  The impact of the caregiver's attitude on the patients' symptoms

      Study population:

      We intend to study adult patients with diagnoses of psychogenic movement disorders (PMD)
      seen by the Human Motor Control Section clinic (HMCS), patients with diagnoses of
      psychogenic non-epileptic seizures (PNES) seen by the Epilepsy clinic and healthy
      volunteers. The PNES patient group will include patients seen at Rhode Island Hospital.
      Additionally, we would like to study caregivers of patient's with PMD who are enrolled un
      protocol 07-N-0190.

      Design:

      An assessment for psychiatric diagnoses and measurement scales will be administered to the
      PMD and PNES patients, healthy volunteer controls and caregivers.

        -  Functional MRI (fMRI): emotional processing will be studied using a gender
           identification task with differing emotional valences. (COMPLETE) Resting state BOLD
           fMRI signal will also be obtained.

        -  Anatomical MRI: VBM and DTI will be performed using anatomical MRI sequences collected
           during the fMRI scanning or subsequent dedicated anatomical MRI sessions

        -  Genetics: blood will be collected for testing.

        -  Stress biomarkers: saliva will be collected for testing. [EVALUATION IN HEALTHY
           VOLUNTEERS COMPLETE]

        -  Autonomic nervous system function: electrocardiogram (EKG) will be obtained to
           determine heart rate variability. [COMPLETE]

      Outcome measures:

        -  fMRI study: blood oxygenation level dependent (BOLD) signal in the regions of interest
           during a gender identification task (primary) [COMPLETE] as well as resting state BOLD
           signal (exploratory)

        -  Anatomical MRI: VBM (primary) and DTI (exploratory)

        -  Genetics: (a) S/S genotype of the serotonin transporter promoter region polymorphism.
           (primary) (b) Polymorphism frequency of several genes related to affective disorders
           and/or stress (exploratory)

        -  Stress biomarkers: salivary cortisol levels (exploratory). [EVALUATION IN HEALTHY
           VOLUNTEERS COMPLETE]

        -  Autonomic nervous system function: heart rate variability as measured by EKG
           (exploratory). [COMPLETE]

        -  Psychological profile scales: scores exploratory
    </textblock>
  </detailed_description>
  <overall_status>Recruiting</overall_status>
  <start_date>July 2007</start_date>
  <phase>N/A</phase>
  <study_type>Observational</study_type>
  <study_design>Time Perspective: Prospective</study_design>
  <enrollment type="Anticipated">305</enrollment>
  <condition>Psycogenic Movement Disorders</condition>
  <condition>Non-epileptic Seizures</condition>
  <eligibility>
    <criteria>
      <textblock>
        -  INCLUSION CRITERIA:

        General Inclusion Criteria for PMD patients:

          -  Diagnosis of clinically definite PMD utilizing Fahn and Williams criteria. The
             diagnosis must be made by a neurologist

          -  Able to give informed consent

          -  Age 18 or older

        General Inclusion Criteria for Caregivers:

          -  Age 18 or older

          -  Able to give informed consent

          -  Takes care of a patient with PMD patient enrolled in protocol 07-N-0190 for 10 or
             more weekly hours.

        General Inclusion Criteria for PNES patients:

          -  Diagnosis of PNES based on recording of patient s typical episode during 24 h
             video-EEG without concomitant EEG changes. The diagnosis must be made by a
             neurologist.

          -  Able to give informed consent

          -  Age 18 or older

        General Inclusion Criteria for Healthy Volunteers:

          -  Able to give informed consent

          -  Age 18 or older

        EXCLUSION CRITERIA:

        General exclusion criteria for PMD patients:

          -  Significant neurological disorders (primary or comorbid) such as neurodegenerative
             disorders, stroke, movement disorders or epilepsy

          -  Inflammatory disorders or autoimmune disorders active within the last 6 months

          -  Patients with psychotic disorders or manic depression or active substance abuse
             within the last 6 months

          -  Current suicidal ideation

          -  Disease severity requiring inpatient treatment

        Additional exclusion criteria for PMD patients for MRI:

          -  Patients with movement symptoms at rest that may substantially inhibit resolution,
             comfort, or safety of MRI

          -  Previous history of or MRI findings consistent with brain tumors, strokes, trauma or
             arterial venous malformations

          -  History of traumatic brain injury with loss of consciousness or amnesia lasting
             greater than a few seconds

          -  Contraindication to MRI

          -  Pregnancy

          -  Significant medical illness

          -  Patients with current post-traumatic stress disorder, panic disorder or obsessive
             compulsive disorder

          -  Patients on tricyclic antidepressants or antiepileptic medications 2 weeks prior to
             testing

        &lt; TAB&gt;

        General exclusion criteria for PNES patients:

          -  Significant neurological disorders (primary or comorbid) such as neurodegenerative
             disorders, stroke, movement disorders or epilepsy

          -  Inflammatory disorders or autoimmune disorders active within the last 6 months

          -  Patients with psychotic disorders or active substance abuse within the last 6 months

          -  Current suicidal ideation

          -  Disease severity requiring inpatient treatment

        General exclusion criteria for healthy volunteers:

          -  Significant neurological disorders (primary or comorbid) such as neurodegenerative
             disorders, stroke, movement disorders or epilepsy

          -  History of DSM IV-defined schizophrenia, schizoaffective disorder, bipolar disorder
             or major depression with psychosis

          -  History of psychotic disorders or manic depression or active substance abuse within
             the last 6 months

          -  Subjects with post-traumatic stress disorder, obsessive compulsive disorder or panic
             disorder

          -  Subjects on antidepressants or antiepileptic medications

          -  Inflammatory disorders or autoimmune disorders active within the last 6 months

        Additional exclusion criteria for healthy volunteers for MRI:

          -  Previous history of or MRI findings consistent with brain tumors, strokes, trauma or
             arterial venous malformations

          -  Contraindication to MRI

          -  Pregnancy

          -  Significant medical illness

        General Exclusion Criteria for Caregivers:

          -  History of DSM-IV defined Schizophrenia, Schizoaffective Disorder, Bipolar Disorder,
             Major depression with psychotic features (by interview).

          -  Active substance abuse within the past 6 months (by interview).
      </textblock>
    </criteria>
    <gender>Both</gender>
    <minimum_age>18 Years</minimum_age>
    <maximum_age>90 Years</maximum_age>
    <healthy_volunteers>Accepts Healthy Volunteers</healthy_volunteers>
  </eligibility>
  <overall_official>
    <last_name>Carine W Maurer, M.D.</last_name>
    <role>Principal Investigator</role>
    <affiliation>National Institute of Neurological Disorders and Stroke (NINDS)</affiliation>
  </overall_official>
  <overall_contact>
    <last_name>Elaine P Considine, R.N.</last_name>
    <phone>(301) 435-8518</phone>
    <email>considinee@ninds.nih.gov</email>
  </overall_contact>
  <overall_contact_backup>
    <last_name>Carine W Maurer, M.D.</last_name>
    <phone>(301) 496-9526</phone>
    <email>carine.maurer@nih.gov</email>
  </overall_contact_backup>
  <location>
    <facility>
      <name>National Institutes of Health Clinical Center, 9000 Rockville Pike</name>
      <address>
        <city>Bethesda</city>
        <state>Maryland</state>
        <zip>20892</zip>
        <country>United States</country>
      </address>
    </facility>
    <status>Recruiting</status>
    <contact>
      <last_name>For more information at the NIH Clinical Center contact Patient Recruitment and Public Liaison Office (PRPL)</last_name>
      <phone>800-411-1222</phone>
      <phone_ext>TTY8664111010</phone_ext>
      <email>prpl@mail.cc.nih.gov</email>
    </contact>
  </location>
  <location>
    <facility>
      <name>Brown University - Rhode Island Hospital</name>
      <address>
        <city>Providence</city>
        <state>Rhode Island</state>
        <zip>02903</zip>
        <country>United States</country>
      </address>
    </facility>
    <status>Recruiting</status>
  </location>
  <location_countries>
    <country>United States</country>
  </location_countries>
  <link>
    <url>http://clinicalstudies.info.nih.gov/cgi/detail.cgi?A_2007-N-0190.html</url>
    <description>NIH Clinical Center Detailed Web Page</description>
  </link>
  <reference>
    <citation>Williams DT, Ford B, Fahn S. Phenomenology and psychopathology related to psychogenic movement disorders. Adv Neurol. 1995;65:231-57. Review.</citation>
    <PMID>7872143</PMID>
  </reference>
  <reference>
    <citation>Carson AJ, Ringbauer B, Stone J, McKenzie L, Warlow C, Sharpe M. Do medically unexplained symptoms matter? A prospective cohort study of 300 new referrals to neurology outpatient clinics. J Neurol Neurosurg Psychiatry. 2000 Feb;68(2):207-10.</citation>
    <PMID>10644789</PMID>
  </reference>
  <reference>
    <citation>Feinstein A, Stergiopoulos V, Fine J, Lang AE. Psychiatric outcome in patients with a psychogenic movement disorder: a prospective study. Neuropsychiatry Neuropsychol Behav Neurol. 2001 Jul-Sep;14(3):169-76.</citation>
    <PMID>11513100</PMID>
  </reference>
  <verification_date>January 2015</verification_date>
  <lastchanged_date>May 28, 2015</lastchanged_date>
  <firstreceived_date>July 12, 2007</firstreceived_date>
  <responsible_party>
    <responsible_party_type>Sponsor</responsible_party_type>
  </responsible_party>
  <keyword>Conversion Disorder</keyword>
  <keyword>Psychogenic Movement Disorders</keyword>
  <keyword>Non-Epileptic Seizure</keyword>
  <keyword>Functional Magnetic Resonance Imaging (fMRI)</keyword>
  <keyword>Genetic Polymorphisms</keyword>
  <keyword>Psychogenic Movement Disorder</keyword>
  <keyword>PMD</keyword>
  <keyword>NES</keyword>
  <keyword>Healthy Volunteer</keyword>
  <keyword>HV</keyword>
  <is_fda_regulated>No</is_fda_regulated>
  <has_expanded_access>No</has_expanded_access>
  <condition_browse>
    <!-- CAUTION:  The following MeSH terms are assigned with an imperfect algorithm  -->
    <mesh_term>Disease</mesh_term>
    <mesh_term>Movement Disorders</mesh_term>
    <mesh_term>Seizures</mesh_term>
  </condition_browse>
  <!-- Results have not yet been posted for this study                                -->
</clinical_study>
