<?xml version="1.0" encoding="UTF-8"?>
<clinical_study rank="92">
  <!-- This xml conforms to an XML Schema at:
    https://clinicaltrials.gov/ct2/html/images/info/public.xsd
 and an XML DTD at:
    https://clinicaltrials.gov/ct2/html/images/info/public.dtd -->
  <required_header>
    <download_date>ClinicalTrials.gov processed this data on December 01, 2015</download_date>
    <link_text>Link to the current ClinicalTrials.gov record.</link_text>
    <url>https://clinicaltrials.gov/show/NCT00461409</url>
  </required_header>
  <id_info>
    <org_study_id>NeoLev 1</org_study_id>
    <nct_id>NCT00461409</nct_id>
  </id_info>
  <brief_title>IV Levetiracetam for the Treatment of Neonatal Seizures: a Pharmacokinetic and Preliminary Efficacy and Safety Study</brief_title>
  <official_title>Phase I/II Study of IV Levetiracetam as an add-on Drug for Seizures in Term Neonates Assessing Pharmacokinetics, Safety and Efficacy.</official_title>
  <sponsors>
    <lead_sponsor>
      <agency>Richard H. Haas</agency>
      <agency_class>Other</agency_class>
    </lead_sponsor>
    <collaborator>
      <agency>Pediatric Pharmacology Research Units Network</agency>
      <agency_class>Other</agency_class>
    </collaborator>
    <collaborator>
      <agency>Thrasher Research Fund</agency>
      <agency_class>Other</agency_class>
    </collaborator>
  </sponsors>
  <source>University of California, San Diego</source>
  <oversight_info>
    <authority>United States: Institutional Review Board</authority>
    <authority>United States: Food and Drug Administration</authority>
    <has_dmc>Yes</has_dmc>
  </oversight_info>
  <brief_summary>
    <textblock>
      The purpose of this study is to determine the correct dosing for intravenous levetiracetam
      in term new born babies with seizures. In addition information on safety and efficacy will
      be collected. This new anticonvulsant drug is a promising treatment for seizures in
      newborns.
    </textblock>
  </brief_summary>
  <detailed_description>
    <textblock>
      There is a pressing need to improve the treatment of seizures in the neonatal period. The
      anticonvulsant agents currently in use may damage the developing brain and are quite
      ineffective at controlling seizures in neonates. Newborn seizures are common (1 in 300
      newborns) and are associated with very poor outcomes. 20-30% of infants with neonatal
      seizures die, 20-30% develop epilepsy outside the neonatal period and 20-40% develop
      cerebral palsy and/or mental retardation. Better treatments for neonatal seizures could
      improve these outcomes.

      An intravenous form of the anti-seizure medication levetiracetam has been released for use
      in adults with epilepsy. Experience with oral levetiracetam has shown it to be a very safe
      medication, with good efficacy in stopping seizures in other age groups. The intravenous
      preparation could allow its use in neonates with seizures. Drug handling by the body is very
      different in neonates to adults. Before we can use levetiracetam in this age group we need
      to determine the correct dose and frequency by studying its absorption and distribution in
      the body (pharmacokinetic profile).

      This study is an add-on open label pharmacokinetic and preliminary safety study. Twenty-four
      patients with neonatal seizures, who still experience clinical or electroencephalographic
      seizures after treatment with Phenobarbital will be treated with intravenous levetiracetam,
      and serial determinations of serum levetiracetam levels will be made to allow calculation of
      pharmacokinetic parameters. We will also collect preliminary safety data. We will
      specifically monitor for abnormalities of heart rate, respiratory rate and blood pressure,
      unexpected death, the occurrence of hypotonia, sedation, poor feeding, irritability or
      infection. Blood tests monitoring blood, liver and kidney function will be checked at
      baseline, 48 hours and at completion of 7 days of treatment. We will also collect
      preliminary descriptive data on the efficacy of levetiracetam in stopping neonatal seizures.
    </textblock>
  </detailed_description>
  <overall_status>Completed</overall_status>
  <start_date>April 2007</start_date>
  <completion_date type="Actual">March 2011</completion_date>
  <primary_completion_date type="Actual">March 2011</primary_completion_date>
  <phase>Phase 1/Phase 2</phase>
  <study_type>Interventional</study_type>
  <study_design>Endpoint Classification: Pharmacokinetics Study, Intervention Model: Single Group Assignment, Masking: Open Label, Primary Purpose: Treatment</study_design>
  <primary_outcome>
    <measure>Pharmacokinetic data on intravenous levetiracetam administered to term neonates over 7 days.</measure>
    <time_frame>Study completion</time_frame>
    <safety_issue>No</safety_issue>
  </primary_outcome>
  <secondary_outcome>
    <measure>Preliminary safety data and efficacy data will be collected.</measure>
    <time_frame>Study completion</time_frame>
    <safety_issue>Yes</safety_issue>
  </secondary_outcome>
  <number_of_arms>1</number_of_arms>
  <enrollment type="Actual">18</enrollment>
  <condition>Seizures</condition>
  <condition>Term Neonates</condition>
  <arm_group>
    <arm_group_label>Open Lable Treatment with Levetiracetam</arm_group_label>
    <arm_group_type>Experimental</arm_group_type>
    <description>IV loading for persistent neonatal seizure after phenobarbital with levetiracetam 20 or 40 mg/kg bolus followed by 5-10 mg/kg/d</description>
  </arm_group>
  <intervention>
    <intervention_type>Drug</intervention_type>
    <intervention_name>Intravenous levetiracetam</intervention_name>
    <description>IV levetiracetam escalating to 40mg/kg load and daily 10mg/kg maintenance</description>
    <arm_group_label>Open Lable Treatment with Levetiracetam</arm_group_label>
    <other_name>Keppra</other_name>
  </intervention>
  <eligibility>
    <criteria>
      <textblock>
        Inclusion Criteria:

          -  Newborns admitted with seizures to the UCSD, Children's Hospital or Sharp Mary Birch
             NICUs in San Diego, CA, USA as well as Auckland City Hospital, Grafton,Auckland NZ :

          -  Term infants (gestational age greater than or equal to 37 weeks &gt; 2460 grams (max
             blood for study 6mL =3%)

          -  Postnatal age &lt; 14 days.

          -  Received loading dose of phenobarbital 20mg/kg and/or phenytoin.

          -  Ongoing clinical or electroencephalographic seizures despite this therapy.

          -  For whom parental consent to participate in the study is obtained.

        Exclusion Criteria:

          -  Serum creatinine greater than 1.2 at enrollment or greater than 2.0 at any time.

          -  Biochemical abnormality - hypoglycemia, hypocalcemia- that when treated result in
             seizure cessation.

          -  Severe hypoxic ischemic injury likely to result in imminent death
      </textblock>
    </criteria>
    <gender>Both</gender>
    <minimum_age>37 Weeks</minimum_age>
    <maximum_age>42 Weeks</maximum_age>
    <healthy_volunteers>No</healthy_volunteers>
  </eligibility>
  <overall_official>
    <last_name>Richard Haas, MBBChir</last_name>
    <role>Principal Investigator</role>
    <affiliation>University of California, San Diego</affiliation>
  </overall_official>
  <location>
    <facility>
      <name>Sharpe Mary Birch Hospital</name>
      <address>
        <city>San Diego</city>
        <state>California</state>
        <zip>92123</zip>
        <country>United States</country>
      </address>
    </facility>
  </location>
  <location>
    <facility>
      <name>UCSD Hillcrest Medical Center</name>
      <address>
        <city>San Diego</city>
        <state>California</state>
        <zip>92103</zip>
        <country>United States</country>
      </address>
    </facility>
  </location>
  <location>
    <facility>
      <name>Auckland City Hospital</name>
      <address>
        <city>Auckland</city>
        <country>New Zealand</country>
      </address>
    </facility>
  </location>
  <location_countries>
    <country>New Zealand</country>
    <country>United States</country>
  </location_countries>
  <results_reference>
    <citation>Sharpe CM, Capparelli EV, Mower A, Farrell MJ, Soldin SJ, Haas RH. A seven-day study of the pharmacokinetics of intravenous levetiracetam in neonates: marked changes in pharmacokinetics occur during the first week of life. Pediatr Res. 2012 Jul;72(1):43-9. doi: 10.1038/pr.2012.51. Epub 2012 Apr 11.</citation>
    <PMID>22495532</PMID>
  </results_reference>
  <verification_date>October 2015</verification_date>
  <lastchanged_date>October 7, 2015</lastchanged_date>
  <firstreceived_date>April 16, 2007</firstreceived_date>
  <responsible_party>
    <responsible_party_type>Sponsor-Investigator</responsible_party_type>
    <investigator_affiliation>University of California, San Diego</investigator_affiliation>
    <investigator_full_name>Richard H. Haas</investigator_full_name>
    <investigator_title>Professor of Neurosciences and Pediatrics</investigator_title>
  </responsible_party>
  <keyword>Neonatal Seizures</keyword>
  <keyword>Treatment</keyword>
  <keyword>Anticonvulsant</keyword>
  <keyword>Levetiracetam</keyword>
  <is_fda_regulated>Yes</is_fda_regulated>
  <is_section_801>Yes</is_section_801>
  <has_expanded_access>No</has_expanded_access>
  <condition_browse>
    <!-- CAUTION:  The following MeSH terms are assigned with an imperfect algorithm  -->
    <mesh_term>Seizures</mesh_term>
  </condition_browse>
  <intervention_browse>
    <!-- CAUTION:  The following MeSH terms are assigned with an imperfect algorithm  -->
    <mesh_term>Etiracetam</mesh_term>
    <mesh_term>Piracetam</mesh_term>
  </intervention_browse>
  <!-- Results have not yet been posted for this study                                -->
</clinical_study>
