<?xml version="1.0" encoding="UTF-8"?>
<clinical_study rank="427">
  <!-- This xml conforms to an XML Schema at:
    https://clinicaltrials.gov/ct2/html/images/info/public.xsd
 and an XML DTD at:
    https://clinicaltrials.gov/ct2/html/images/info/public.dtd -->
  <required_header>
    <download_date>ClinicalTrials.gov processed this data on November 27, 2015</download_date>
    <link_text>Link to the current ClinicalTrials.gov record.</link_text>
    <url>https://clinicaltrials.gov/show/NCT01281280</url>
  </required_header>
  <id_info>
    <org_study_id>Epilepsy (E)-101</org_study_id>
    <secondary_id>E-101 PuLsE 2</secondary_id>
    <nct_id>NCT01281280</nct_id>
  </id_info>
  <brief_title>PuLsE 2-Observational Long-Term Effectiveness Follow-Up Study of PuLsE 1</brief_title>
  <acronym>PuLsE 2</acronym>
  <official_title>A Post-Market, Open Observational Long-term Effectiveness Follow-up Study of Participants With Drug-resistant Epilepsy With Partial-onset Seizures Previously Enrolled in a Randomized Controlled Trial (E-100: PuLsE) Comparing Best Medical Practice With or w/o Adjunctive Vagus Nerve Stimulation Therapy</official_title>
  <sponsors>
    <lead_sponsor>
      <agency>Cyberonics, Inc.</agency>
      <agency_class>Industry</agency_class>
    </lead_sponsor>
  </sponsors>
  <source>Cyberonics, Inc.</source>
  <oversight_info>
    <authority>Belgium: Institutional Review Board</authority>
    <has_dmc>No</has_dmc>
  </oversight_info>
  <brief_summary>
    <textblock>
      This is a post-market, open observational long-term effectiveness follow-up study of
      participants with drug-resistant epilepsy with partial-onset seizures previously enrolled in
      a randomized controlled trial (PuLsE) comparing Best Medical Practice with or without
      adjunctive Vagus Nerve Stimulation Therapy.
    </textblock>
  </brief_summary>
  <detailed_description>
    <textblock>
      In 2005 Cyberonics, Inc. initiated PuLsE: an open, prospective, randomized, parallel group
      study directly comparing Best Medical Practice with and without adjunctive VNS Therapy.

      In July 2008, the decision was made to discontinue this study due to lower than expected
      enrolment, impairing the possibility to meet the primary objective with appropriate
      statistical power. However, the relatively large number of participants (n=121) randomized
      in the original PuLsE study offers the possibility to generate scientifically valuable and
      original findings if additional follow-up data can be gathered. After consultation with the
      PuLsE Investigators, Cyberonics decided to implement an observational long-term follow-up of
      the participants enrolled in the original PuLsE study.
    </textblock>
  </detailed_description>
  <overall_status>Completed</overall_status>
  <start_date>March 2011</start_date>
  <completion_date type="Actual">April 2014</completion_date>
  <primary_completion_date type="Actual">October 2013</primary_completion_date>
  <phase>N/A</phase>
  <study_type>Observational</study_type>
  <study_design>Observational Model: Cohort, Time Perspective: Prospective</study_design>
  <primary_outcome>
    <measure>Exploratory evaluations</measure>
    <time_frame>5 years</time_frame>
    <safety_issue>No</safety_issue>
    <description>The objective of this post-market study is to perform exploratory evaluations to identify clinically and statistically significant predictors of response at all follow-up visits in participants with drug-resistant epilepsy with partial-onset seizures treated with Best Medical Practice with or without adjunctive VNS Therapy. This will be accomplished through regression modeling of the response variates (including change in baseline quality of life score and percent reduction in seizure frequency).</description>
  </primary_outcome>
  <secondary_outcome>
    <measure>Change from baseline at all follow-up visits of Best Medical Practice with adjunctive VNS Therapy compared to Best Medical Practice</measure>
    <time_frame>5 years</time_frame>
    <safety_issue>No</safety_issue>
  </secondary_outcome>
  <secondary_outcome>
    <measure>Change from baseline at all follow-up visits across all health outcome measurements</measure>
    <time_frame>5 years</time_frame>
    <safety_issue>No</safety_issue>
  </secondary_outcome>
  <secondary_outcome>
    <measure>Evaluation of safety and tolerability</measure>
    <time_frame>5 Years</time_frame>
    <safety_issue>No</safety_issue>
  </secondary_outcome>
  <secondary_outcome>
    <measure>Evaluation of change from baseline at all follow-up visits of Best Medical Practice with and without adjunctive VNS Therapy on health outcome measurements and quality of life (QOL)</measure>
    <time_frame>5 Years</time_frame>
    <safety_issue>No</safety_issue>
  </secondary_outcome>
  <secondary_outcome>
    <measure>Sub-analysis to evaluate the change from baseline on quality of life</measure>
    <time_frame>5 Years</time_frame>
    <safety_issue>No</safety_issue>
  </secondary_outcome>
  <number_of_groups>2</number_of_groups>
  <enrollment type="Actual">81</enrollment>
  <condition>Epilepsy</condition>
  <arm_group>
    <arm_group_label>VNS Therapy</arm_group_label>
  </arm_group>
  <arm_group>
    <arm_group_label>Best Medical Practice</arm_group_label>
  </arm_group>
  <eligibility>
    <study_pop>
      <textblock>
        The study population will consist of participants previously enrolled in the original
        PuLsE study diagnosed with drug-resistant epilepsy with partial-onset seizures. All
        patients will be analyzed according to the treatment that they have actually received and
        followed in this new study regardless of what treatment groups they were randomized in the
        previous study.
      </textblock>
    </study_pop>
    <sampling_method>Probability Sample</sampling_method>
    <criteria>
      <textblock>
        Inclusion Criteria:

        To be eligible for the study, the participant must meet all the following criteria:

          1. Participant must have been randomized in the original PuLsE study.

          2. Participant must have baseline data from the original PuLsE study.

          3. Participant is able to give accurate seizure counts, health outcomes information, and
             complete study instruments with minimal assistance.

          4. Participant or legal guardian understands study procedures and has voluntarily signed
             an informed consent for PuLsE 2 in accordance with institutional and local regulatory
             policies.

        Exclusion Criteria:

        The presence of any of the following will exclude a participant from the study:

          1. Participant has a history of non-compliance with the completion of a seizure diary.

          2. Participant currently uses, or is expected to use during the study, short-wave
             diathermy, microwave diathermy, or therapeutic ultrasound diathermy.

          3. Participant is expected to require full body magnetic resonance imaging during the
             clinical study.
      </textblock>
    </criteria>
    <gender>Both</gender>
    <minimum_age>16 Years</minimum_age>
    <maximum_age>N/A</maximum_age>
    <healthy_volunteers>No</healthy_volunteers>
  </eligibility>
  <overall_official>
    <last_name>Philippe Ryvlin, MD</last_name>
    <role>Principal Investigator</role>
    <affiliation>Unité d'épileptologie</affiliation>
  </overall_official>
  <location>
    <facility>
      <name>ULB Hopital Erasme</name>
      <address>
        <city>Brussels</city>
        <country>Belgium</country>
      </address>
    </facility>
  </location>
  <location>
    <facility>
      <name>UZ Gent</name>
      <address>
        <city>Gent</city>
        <country>Belgium</country>
      </address>
    </facility>
  </location>
  <location>
    <facility>
      <name>QE2 Health Sciences Centre Department of Neurology</name>
      <address>
        <city>Halifax</city>
        <country>Canada</country>
      </address>
    </facility>
  </location>
  <location>
    <facility>
      <name>Hopital Notre Dame</name>
      <address>
        <city>Montreal</city>
        <country>Canada</country>
      </address>
    </facility>
  </location>
  <location>
    <facility>
      <name>CHU Grenoble</name>
      <address>
        <city>Grenoble</city>
        <country>France</country>
      </address>
    </facility>
  </location>
  <location>
    <facility>
      <name>Hopital Roger Salengro Service de Neurologie</name>
      <address>
        <city>Lille Cedex</city>
        <country>France</country>
      </address>
    </facility>
  </location>
  <location>
    <facility>
      <name>Hopital Neurologique Unite d' epileptologie</name>
      <address>
        <city>Lyon</city>
        <country>France</country>
      </address>
    </facility>
  </location>
  <location>
    <facility>
      <name>Hopital Gui De Chauliac</name>
      <address>
        <city>Montpellier</city>
        <country>France</country>
      </address>
    </facility>
  </location>
  <location>
    <facility>
      <name>Universitatskliniken Bonn</name>
      <address>
        <city>Bonn</city>
        <country>Germany</country>
      </address>
    </facility>
  </location>
  <location>
    <facility>
      <name>Universitatsklinl Erlangen Zentrum fur Epilepsie</name>
      <address>
        <city>Erlangen</city>
        <country>Germany</country>
      </address>
    </facility>
  </location>
  <location>
    <facility>
      <name>Azienda Ospedaliero Universitaria</name>
      <address>
        <city>Ancona</city>
        <country>Italy</country>
      </address>
    </facility>
  </location>
  <location>
    <facility>
      <name>Universita di Bologna</name>
      <address>
        <city>Bologna</city>
        <country>Italy</country>
      </address>
    </facility>
  </location>
  <location>
    <facility>
      <name>Universita di Pisa</name>
      <address>
        <city>Pisa</city>
        <country>Italy</country>
      </address>
    </facility>
  </location>
  <location>
    <facility>
      <name>Azienda Ospedialiera &quot;Bianchi Melacrino Morelli&quot;</name>
      <address>
        <city>Reggio Calabria</city>
        <country>Italy</country>
      </address>
    </facility>
  </location>
  <location>
    <facility>
      <name>Unisersita Cattolica Del Sacro Cuore</name>
      <address>
        <city>Rome</city>
        <country>Italy</country>
      </address>
    </facility>
  </location>
  <location>
    <facility>
      <name>Centro Epilessia</name>
      <address>
        <city>Torino</city>
        <country>Italy</country>
      </address>
    </facility>
  </location>
  <location>
    <facility>
      <name>Hans Berger kliniek Neurology</name>
      <address>
        <city>Oosterhout</city>
        <country>Netherlands</country>
      </address>
    </facility>
  </location>
  <location>
    <facility>
      <name>The National Hospital for Neurology and Neurosurgery</name>
      <address>
        <city>London</city>
        <country>United Kingdom</country>
      </address>
    </facility>
  </location>
  <location_countries>
    <country>Belgium</country>
    <country>Canada</country>
    <country>France</country>
    <country>Germany</country>
    <country>Italy</country>
    <country>Netherlands</country>
    <country>United Kingdom</country>
  </location_countries>
  <verification_date>October 2014</verification_date>
  <lastchanged_date>October 14, 2014</lastchanged_date>
  <firstreceived_date>January 19, 2011</firstreceived_date>
  <responsible_party>
    <responsible_party_type>Sponsor</responsible_party_type>
  </responsible_party>
  <keyword>PuLsE 2, Drug-resistant Epilepsy Partial-onset Seizures</keyword>
  <is_fda_regulated>Yes</is_fda_regulated>
  <is_section_801>Yes</is_section_801>
  <has_expanded_access>No</has_expanded_access>
  <condition_browse>
    <!-- CAUTION:  The following MeSH terms are assigned with an imperfect algorithm  -->
    <mesh_term>Epilepsy</mesh_term>
  </condition_browse>
  <!-- Results have not yet been posted for this study                                -->
</clinical_study>
