<?xml version="1.0" encoding="UTF-8"?>
<clinical_study rank="83">
  <!-- This xml conforms to an XML Schema at:
    https://clinicaltrials.gov/ct2/html/images/info/public.xsd
 and an XML DTD at:
    https://clinicaltrials.gov/ct2/html/images/info/public.dtd -->
  <required_header>
    <download_date>ClinicalTrials.gov processed this data on November 27, 2015</download_date>
    <link_text>Link to the current ClinicalTrials.gov record.</link_text>
    <url>https://clinicaltrials.gov/show/NCT02519439</url>
  </required_header>
  <id_info>
    <org_study_id>1042-0604</org_study_id>
    <nct_id>NCT02519439</nct_id>
  </id_info>
  <brief_title>A Second Year Open-label Extension Study of Ganaxolone in Patients With Drug-resistant Partial-onset Seizures</brief_title>
  <official_title>A follow-on, Second Year Open-label Extension Study of Ganaxolone as add-on Therapy in Adult Patients With Drug-resistant Partial-onset Seizures</official_title>
  <sponsors>
    <lead_sponsor>
      <agency>Marinus Pharmaceuticals</agency>
      <agency_class>Industry</agency_class>
    </lead_sponsor>
  </sponsors>
  <source>Marinus Pharmaceuticals</source>
  <oversight_info>
    <authority>United States: Food and Drug Administration</authority>
    <has_dmc>No</has_dmc>
  </oversight_info>
  <brief_summary>
    <textblock>
      A follow-on, second year open-label extension study of ganaxolone as add-on therapy in adult
      patients with drug-resistant partial-onset seizures.
    </textblock>
  </brief_summary>
  <detailed_description>
    <textblock>
      This study is a 1-year, open-label continuation for those patients benefiting from
      ganaxolone treatment after completing Protocol 1042-0603.
    </textblock>
  </detailed_description>
  <overall_status>Enrolling by invitation</overall_status>
  <start_date>February 2015</start_date>
  <completion_date type="Anticipated">November 2017</completion_date>
  <primary_completion_date type="Anticipated">November 2017</primary_completion_date>
  <phase>Phase 3</phase>
  <study_type>Interventional</study_type>
  <study_design>Endpoint Classification: Safety/Efficacy Study, Intervention Model: Single Group Assignment, Masking: Open Label, Primary Purpose: Treatment</study_design>
  <primary_outcome>
    <measure>Evaluation of safety and tolerability of open-label ganaxolone based on reports of adverse event and other clinical safety assessments.</measure>
    <time_frame>52 Weeks</time_frame>
    <safety_issue>Yes</safety_issue>
  </primary_outcome>
  <secondary_outcome>
    <measure>Evaluation of efficacy of open-label ganaxolone based on daily seizure diaries.</measure>
    <time_frame>52 Weeks</time_frame>
    <safety_issue>No</safety_issue>
  </secondary_outcome>
  <number_of_arms>1</number_of_arms>
  <enrollment type="Anticipated">170</enrollment>
  <condition>Drug Resistant Partial Onset Seizure</condition>
  <arm_group>
    <arm_group_label>ganaxolone</arm_group_label>
    <arm_group_type>Experimental</arm_group_type>
    <description>Up to a maximum of 1800 mg/day</description>
  </arm_group>
  <intervention>
    <intervention_type>Drug</intervention_type>
    <intervention_name>ganaxolone</intervention_name>
    <description>225 mg capsules 450 mg to 900 mg 2x/day</description>
    <arm_group_label>ganaxolone</arm_group_label>
    <other_name>CCD 1042</other_name>
  </intervention>
  <eligibility>
    <criteria>
      <textblock>
        Inclusion Criteria:

          -  Subjects who have completed all scheduled clinical study visits in the previous
             protocol 1042-0603 and have shown a minimum 35% improvement in mean seizure frequency
             per 28 days vs. baseline over the three 28 day periods preceding study entry.

          -  Subjects whose daily study drug compliance in Study 1042-0603 was 90% or greater, and
             for whom the investigator feels that the subject was compliant with the full dose as
             prescribed.

          -  Able to give informed consent in writing, or have a legally authorized representative
             able to do so, after being properly informed of the nature and risks of the study and
             prior to engaging in any study-related procedures.

          -  Currently being treated and maintained with a stable regimen of 1, 2, or 3
             anti-epileptic drugs (AED) at a consistent dose for one month prior to study entry.

          -  Implanted Vagus Nerve Stimulator (VNS) is permitted and will not count towards the
             number of concomitant AEDs.

          -  Able and willing to maintain an accurate and complete daily written seizure calendar
             or has a caregiver who is able and willing to maintain an accurate and complete daily
             written seizure calendar.

          -  Able and willing to take drug with food twice daily. Ganaxolone must be administered
             with food.

          -  Sexually active women of childbearing potential (WCBP) must be using a medically
             acceptable method of birth control and have a negative pregnancy test at Visit 1 and
             at subsequent visits.

        Exclusion Criteria:

          -  Have any medical condition that, in the investigator's judgment, is considered to be
             clinically significant and could potentially affect subject safety or study outcome

          -  Experienced a Serious Adverse Event or a moderate or severe medically important
             adverse event judged probably or definitely related to open-label ganaxolone in the
             previous study, 1042-0603

          -  Have Alanine transferase (ALT; SGPT) or Aspartate transferase (AST; SGOT) levels &gt; 3
             times upper limits of normal (ULN), or total bilirubin &gt;1.5 time ULN during Study
             1042-0603.

          -  Have a history of malignancy within the past 2 years, with the exception of basal
             cell carcinoma.

          -  Seizures secondary to illicit drug or alcohol use, infection, neoplasm, demyelinating
             disease, degenerative neurological disease, or central nervous system (CNS) disease
             deemed progressive, metabolic illness, or progressive degenerative disease.

          -  Have active suicidal plan/intent, or have had active suicidal thoughts in the past 6
             months. Have a history of an actual suicide attempt in the last 5 years or more than
             1 lifetime actual suicide attempt as classified by the Columbia-Suicide Severity
             Rating Scale (C-SSRS).

          -  Have a history of drug or alcohol abuse within the past 5 years. As with other AEDs,
             the use of alcohol is not advised.

          -  Are currently following or planning to follow a ketogenic diet.

          -  Current use of vigabatrin or ezogabine (retigabine; Potiga; Trobalt) is not
             permitted.

          -  Females who are pregnant, currently breastfeeding or planning to become pregnant
             during the study.

          -  Inability/unwillingness to withhold grapefruit and grapefruit juice from diet during
             the entire clinical trial.
      </textblock>
    </criteria>
    <gender>Both</gender>
    <minimum_age>18 Years</minimum_age>
    <maximum_age>N/A</maximum_age>
    <healthy_volunteers>No</healthy_volunteers>
  </eligibility>
  <overall_official>
    <last_name>Albena Patroneva, M.D.</last_name>
    <role>Study Director</role>
    <affiliation>Marinus Pharmaceuticals</affiliation>
  </overall_official>
  <location>
    <facility>
      <name>Neurological Research Institute</name>
      <address>
        <city>Santa Monica</city>
        <state>California</state>
        <zip>90404</zip>
        <country>United States</country>
      </address>
    </facility>
  </location>
  <location>
    <facility>
      <name>Bluegrass Epilepsy Research, LLC</name>
      <address>
        <city>Lexington</city>
        <state>Kentucky</state>
        <zip>40504</zip>
        <country>United States</country>
      </address>
    </facility>
  </location>
  <location>
    <facility>
      <name>Minneapolis Clinic of Neurology</name>
      <address>
        <city>Golden Valley</city>
        <state>Minnesota</state>
        <zip>55422</zip>
        <country>United States</country>
      </address>
    </facility>
  </location>
  <location>
    <facility>
      <name>Northeast Regional Epilepsy Group</name>
      <address>
        <city>Hackensack</city>
        <state>New Jersey</state>
        <zip>07601</zip>
        <country>United States</country>
      </address>
    </facility>
  </location>
  <location>
    <facility>
      <name>Texas Epilepsy Group</name>
      <address>
        <city>Dallas</city>
        <state>Texas</state>
        <zip>75251</zip>
        <country>United States</country>
      </address>
    </facility>
  </location>
  <location_countries>
    <country>United States</country>
  </location_countries>
  <verification_date>August 2015</verification_date>
  <lastchanged_date>August 9, 2015</lastchanged_date>
  <firstreceived_date>June 4, 2015</firstreceived_date>
  <responsible_party>
    <responsible_party_type>Sponsor</responsible_party_type>
  </responsible_party>
  <keyword>Partial Onset Seizures</keyword>
  <keyword>complex partial seizures</keyword>
  <keyword>simple partial seizures</keyword>
  <keyword>anticonvulsant</keyword>
  <keyword>ganaxolone</keyword>
  <keyword>neurosteroid</keyword>
  <keyword>Marinus</keyword>
  <keyword>epilepsy</keyword>
  <is_fda_regulated>Yes</is_fda_regulated>
  <is_section_801>Yes</is_section_801>
  <has_expanded_access>No</has_expanded_access>
  <condition_browse>
    <!-- CAUTION:  The following MeSH terms are assigned with an imperfect algorithm  -->
    <mesh_term>Seizures</mesh_term>
  </condition_browse>
  <!-- Results have not yet been posted for this study                                -->
</clinical_study>
