<?xml version="1.0" encoding="UTF-8"?>
<clinical_study rank="77">
  <!-- This xml conforms to an XML Schema at:
    https://clinicaltrials.gov/ct2/html/images/info/public.xsd
 and an XML DTD at:
    https://clinicaltrials.gov/ct2/html/images/info/public.dtd -->
  <required_header>
    <download_date>ClinicalTrials.gov processed this data on November 27, 2015</download_date>
    <link_text>Link to the current ClinicalTrials.gov record.</link_text>
    <url>https://clinicaltrials.gov/show/NCT00102713</url>
  </required_header>
  <id_info>
    <org_study_id>M04-714</org_study_id>
    <nct_id>NCT00102713</nct_id>
  </id_info>
  <brief_title>A Study for Treatment of Partial Seizures in Children</brief_title>
  <official_title>An Open Label Study for Treatment of Partial Seizures in Children</official_title>
  <sponsors>
    <lead_sponsor>
      <agency>Abbott</agency>
      <agency_class>Industry</agency_class>
    </lead_sponsor>
  </sponsors>
  <source>Abbott</source>
  <oversight_info>
    <authority>United States: Food and Drug Administration</authority>
  </oversight_info>
  <brief_summary>
    <textblock>
      The purpose of the study is to assess the safety profile of the investigational medication,
      Depakote Sprinkle Capsules, in the treatment of partial seizures in children ages 3-10.
    </textblock>
  </brief_summary>
  <overall_status>Completed</overall_status>
  <start_date>February 2005</start_date>
  <phase>Phase 3</phase>
  <study_type>Interventional</study_type>
  <study_design>Allocation: Non-Randomized, Endpoint Classification: Safety Study, Intervention Model: Single Group Assignment, Masking: Open Label, Primary Purpose: Treatment</study_design>
  <primary_outcome>
    <measure>Partial Seizure Rate at Week 4</measure>
  </primary_outcome>
  <secondary_outcome>
    <measure>Adverse Events</measure>
  </secondary_outcome>
  <secondary_outcome>
    <measure>WASI</measure>
  </secondary_outcome>
  <secondary_outcome>
    <measure>WPPSI-III</measure>
  </secondary_outcome>
  <secondary_outcome>
    <measure>BASC</measure>
  </secondary_outcome>
  <secondary_outcome>
    <measure>UKU-Neurologic Assessment</measure>
  </secondary_outcome>
  <secondary_outcome>
    <measure>Vital Signs</measure>
  </secondary_outcome>
  <secondary_outcome>
    <measure>Clinical Laboratory Assessments</measure>
  </secondary_outcome>
  <secondary_outcome>
    <measure>ECG</measure>
  </secondary_outcome>
  <secondary_outcome>
    <measure>PK analysis</measure>
  </secondary_outcome>
  <enrollment>50</enrollment>
  <condition>Partial Seizures</condition>
  <intervention>
    <intervention_type>Drug</intervention_type>
    <intervention_name>Divalproex Sodium (Depakote Sprinkle Capsules)</intervention_name>
  </intervention>
  <eligibility>
    <criteria>
      <textblock>
        Inclusion Criteria:

        Subject has diagnosis of partial seizures with/without secondary generalization, supported
        by:

          -  Observed ictal events consistent with partial seizures with/without secondary
             generalization; Documented by reliable observers

          -  1 of following 3:

               -  EEG at some time in past demonstrating focal abnormalities consistent with
                  partial seizures

               -  If the EEG is inconclusive or does not support partial seizures, then an MRI/CT
                  will be done

               -  If the MRI/CT fails to support a diagnosis of partial seizures, the subject may
                  still qualify based on the principal Investigator's clinical diagnosis

          -  Subject weighs at least 15 kg (33 lbs).

          -  Parent/caregiver is able to keep an accurate seizure diary.

        Exclusion Criteria:

          -  Has had status epilepticus in the past 3 months prior to Screening

          -  Has a history of any of: Cardiac (including clinically important abnormality on ECG);
             Renal; Psychiatric (including psychosurgery); Oncologic; Endocrine; Metabolic;
             Pancreatic; Hepatic disease (including clinical/serological history of hepatitis);
             Urea cycle disorder

          -  Has: Expanding CNS neoplasm; Active CNS infection; Demyelinating disease;
             Degenerative neurological disease; Progressive encephalopathy; or any Progressive CNS
             disease

          -  Has platelet count less than or equal to 100,000/mcL

          -  Has blood chemistry ALT/AST value(s) greater than or equal to 2 times upper limit of
             normal at screening

          -  Requires anticoagulant drug therapy

          -  Receiving systemic chemotherapy

          -  Requires treatment with aspirin

          -  Subject is pregnant

          -  Has been on ketogenic diet within 30 days prior to screening

          -  Considered by investigator to be non-responder to valproate for treatment of epilepsy
             (e.g., Despite adequate trial with serum concentrations of 60 mcg/mL or greater,
             subject continues to have inadequate seizure control)
      </textblock>
    </criteria>
    <gender>Both</gender>
    <minimum_age>3 Years</minimum_age>
    <maximum_age>10 Years</maximum_age>
    <healthy_volunteers>No</healthy_volunteers>
  </eligibility>
  <overall_official>
    <last_name>Global Medical Information 800-633-9110</last_name>
    <role>Study Director</role>
    <affiliation>Abbott</affiliation>
  </overall_official>
  <location>
    <facility>
      <name>Neurology Clinic, P.C.</name>
      <address>
        <city>Northport</city>
        <state>Alabama</state>
        <country>United States</country>
      </address>
    </facility>
  </location>
  <location>
    <facility>
      <name>St. Joseph's Hospital and Medical Center</name>
      <address>
        <city>Phoenix</city>
        <state>Arizona</state>
        <zip>85013</zip>
        <country>United States</country>
      </address>
    </facility>
  </location>
  <location>
    <facility>
      <name>Pediatric Epilepsy and Neurology Specialists</name>
      <address>
        <city>Tampa</city>
        <state>Florida</state>
        <country>United States</country>
      </address>
    </facility>
  </location>
  <location>
    <facility>
      <name>Child Neurology Associates, P.C.</name>
      <address>
        <city>Atlanta</city>
        <state>Georgia</state>
        <country>United States</country>
      </address>
    </facility>
  </location>
  <location>
    <facility>
      <name>Akron Children’s Hospital</name>
      <address>
        <city>Akron</city>
        <state>Ohio</state>
        <zip>44308 1062</zip>
        <country>United States</country>
      </address>
    </facility>
  </location>
  <location>
    <facility>
      <name>University Hospitals of Cleveland</name>
      <address>
        <city>Cleveland</city>
        <state>Ohio</state>
        <zip>44106</zip>
        <country>United States</country>
      </address>
    </facility>
  </location>
  <location>
    <facility>
      <name>Texas Association of Pediatric Neurology, P.A.</name>
      <address>
        <city>San Antonio</city>
        <state>Texas</state>
        <country>United States</country>
      </address>
    </facility>
  </location>
  <location>
    <facility>
      <name>Monarch Medical Research</name>
      <address>
        <city>Norfolk</city>
        <state>Virginia</state>
        <zip>23510</zip>
        <country>United States</country>
      </address>
    </facility>
  </location>
  <location>
    <facility>
      <name>Virginia Commonwealth University Medical Center</name>
      <address>
        <city>Richmond</city>
        <state>Virginia</state>
        <zip>23298-0211</zip>
        <country>United States</country>
      </address>
    </facility>
  </location>
  <location>
    <facility>
      <name>Richard V. Colan, M.D., S.C.</name>
      <address>
        <city>Milwaukee</city>
        <state>Wisconsin</state>
        <zip>53226</zip>
        <country>United States</country>
      </address>
    </facility>
  </location>
  <location_countries>
    <country>United States</country>
  </location_countries>
  <verification_date>May 2007</verification_date>
  <lastchanged_date>May 17, 2007</lastchanged_date>
  <firstreceived_date>February 1, 2005</firstreceived_date>
  <keyword>Partial Seizures</keyword>
  <condition_browse>
    <!-- CAUTION:  The following MeSH terms are assigned with an imperfect algorithm  -->
    <mesh_term>Seizures</mesh_term>
  </condition_browse>
  <intervention_browse>
    <!-- CAUTION:  The following MeSH terms are assigned with an imperfect algorithm  -->
    <mesh_term>Valproic Acid</mesh_term>
  </intervention_browse>
  <!-- Results have not yet been posted for this study                                -->
</clinical_study>
