<?xml version="1.0" encoding="UTF-8"?>
<clinical_study rank="486">
  <!-- This xml conforms to an XML Schema at:
    https://clinicaltrials.gov/ct2/html/images/info/public.xsd
 and an XML DTD at:
    https://clinicaltrials.gov/ct2/html/images/info/public.dtd -->
  <required_header>
    <download_date>ClinicalTrials.gov processed this data on December 01, 2015</download_date>
    <link_text>Link to the current ClinicalTrials.gov record.</link_text>
    <url>https://clinicaltrials.gov/show/NCT00355082</url>
  </required_header>
  <id_info>
    <org_study_id>LAM30055</org_study_id>
    <nct_id>NCT00355082</nct_id>
  </id_info>
  <brief_title>Conversion To Monotherapy With Lamictal Extended Release Tablets For Treatment Of Partial Epilepsy</brief_title>
  <official_title>A Multicenter, Double-Blind, Randomized Conversion to Monotherapy Comparison of Two Doses of Lamotrigine for the Treatment of Partial Seizures</official_title>
  <sponsors>
    <lead_sponsor>
      <agency>GlaxoSmithKline</agency>
      <agency_class>Industry</agency_class>
    </lead_sponsor>
  </sponsors>
  <source>GlaxoSmithKline</source>
  <oversight_info>
    <authority>Russia: Ministry of Health of the Russian Federation</authority>
    <authority>United States: Food and Drug Administration</authority>
    <has_dmc>No</has_dmc>
  </oversight_info>
  <brief_summary>
    <textblock>
      This study is being conducted to determine the effectiveness of a lower monotherapy dose of
      lamotrigine than that currently approved.
    </textblock>
  </brief_summary>
  <detailed_description>
    <textblock>
      The study consists of a Treatment phase, where efficacy is determined and a Continuation
      phase for extended safety information. The Continuation phase is open to all Treatment phase
      participants and those who did not qualify for treatment because of an insufficient number
      of seizures during the Baseline phase.
    </textblock>
  </detailed_description>
  <overall_status>Completed</overall_status>
  <start_date>May 2006</start_date>
  <completion_date type="Actual">November 2008</completion_date>
  <primary_completion_date type="Actual">November 2008</primary_completion_date>
  <phase>Phase 3</phase>
  <study_type>Interventional</study_type>
  <study_design>Allocation: Randomized, Endpoint Classification: Safety/Efficacy Study, Intervention Model: Parallel Assignment, Masking: Double Blind (Subject, Investigator), Primary Purpose: Treatment</study_design>
  <primary_outcome>
    <measure>The Percentage of Participants in the 300 mg/Day Dose Group Who Prematurely Discontinued the Study Between Study Visit 5 (Approximately Week 7) and Visit 9 (End of the Treatment Phase)</measure>
    <time_frame>From Study Visit 5 through Visit 9 of the Treatment Phase (approximately Week 7 through Week 23)</time_frame>
    <safety_issue>No</safety_issue>
    <description>The percentage of participants prematurely discontinuing the study was calculated as the number of participants who discontinued the study divided by the number who reached Visit 5 minus major protocol violators. The Control group is composed of data from other similar studies and is not part of this study.</description>
  </primary_outcome>
  <secondary_outcome>
    <measure>The Percentage of Participants in the 250 mg/Day Dose Group Who Prematurely Discontinued the Study Between Study Visit 5 (Approximately Week 7) and Visit 9 (End of the Treatment Phase)</measure>
    <time_frame>From Study Visit 5 through Visit 9 of the Treatment phase (approximately Week 7 through Week 23)</time_frame>
    <safety_issue>No</safety_issue>
    <description>The percentage of participants prematurely discontinuing the study was calculated as the number of participants who discontinued the study divided by the number who had reached Visit 5 minus major protocol violators. The Control group was composed of data from other similar studies and is not part of this study.</description>
  </secondary_outcome>
  <secondary_outcome>
    <measure>Time to Discontinuation in the Treatment Phase</measure>
    <time_frame>From Study Visit 5 through Visit 9 of the Treatment phase (approximately Week 7 through Week 23)</time_frame>
    <safety_issue>No</safety_issue>
    <description>Time (days) until the participant discontinued the study</description>
  </secondary_outcome>
  <secondary_outcome>
    <measure>Percentage of Participants Meeting Escape Criteria in the Treatment Phase</measure>
    <time_frame>Study Visit 5 through Visit 9 of the Treatment phase (approximately Week 7 through Week 23)</time_frame>
    <safety_issue>No</safety_issue>
    <description>The percentage of participants meeting Escape Criteria was calculated as the number of participants who met an Escape Criterion divided by the number who had reached Visit 5 minus major protocol violators. Escape Criteria are: (1) doubling of average monthly seizure frequency; (2) doubling of the highest consecutive 2-day seizure total; (3) occurrence of a new, more severe seizure type; or (4) worsening of generalized tonic-clonic seizures.</description>
  </secondary_outcome>
  <secondary_outcome>
    <measure>Percent Change From Baseline in Weekly Seizure Frequency Between Study Visits 3 (Start of Dosing) and 9 (End of the Treatment Phase)</measure>
    <time_frame>Baseline and Study Visit 3 through Visit 9 of the Treatment phase (Treatment Week 0 through Week 23)</time_frame>
    <safety_issue>No</safety_issue>
    <description>Change from Baseline was measured as the number of seizures at Visits 3 through 9 minus the number of seizures at Baseline. The number of partial seizures during treatment divided by the number of weeks of treatment was compared to the weekly seizure frequency during Baseline. A positive number equals a reduction in seizure frequency.</description>
  </secondary_outcome>
  <secondary_outcome>
    <measure>Number of Seizure-free Participants During the Last 12 Weeks of Treatment of the Treatment Phase</measure>
    <time_frame>The last 12 weeks of treatment of the Treatment phase (Monotherapy phase - approximately Week 11 through Week 23)</time_frame>
    <safety_issue>No</safety_issue>
    <description>The number of participants who had no seizures during the treatment period was calculated. The last 12 weeks of treatment were either Weeks 11-22 or 12-23 depending on which background AED was being withdrawn</description>
  </secondary_outcome>
  <secondary_outcome>
    <measure>Percent Change From Baseline in the Average Seizure Frequency Measured at the End of Participation in the Continuation Phase</measure>
    <time_frame>Baseline and start of Continuation phase through Week 24 or end of participation in the Continuation phase</time_frame>
    <safety_issue>No</safety_issue>
    <description>Change from baseline was calculated as the average seizure frequency at the end of the Continuation Phase minus the average seizure frequency at Baseline. The number of seizures during the Continuation phase divided by the number of weeks was compared to the number of seizures at Baseline. A positive number indicates a reduction in seizure frequency.</description>
  </secondary_outcome>
  <secondary_outcome>
    <measure>The Number of Participants With at Least the Specified Change in Seizure Frequency, Compared to Baseline, at the End of Participation in the Continuation Phase (Maximum of 24 Weeks)</measure>
    <time_frame>Baseline and entire Continuation phase (24 Weeks)</time_frame>
    <safety_issue>No</safety_issue>
    <description>Change in seizure frequency was calculated as the average seizure frequency during the Continuation Phase minus the seizure frequency at Baseline.</description>
  </secondary_outcome>
  <number_of_arms>2</number_of_arms>
  <enrollment type="Actual">226</enrollment>
  <condition>Epilepsy, Partial</condition>
  <arm_group>
    <arm_group_label>lamotrigine 300</arm_group_label>
    <arm_group_type>Experimental</arm_group_type>
    <description>300 mg/day treatment</description>
  </arm_group>
  <arm_group>
    <arm_group_label>lamotrigine 250</arm_group_label>
    <arm_group_type>Experimental</arm_group_type>
    <description>250 mg/day treatment</description>
  </arm_group>
  <intervention>
    <intervention_type>Drug</intervention_type>
    <intervention_name>lamotrigine, 300 mg/day</intervention_name>
    <description>300 mg/day</description>
    <arm_group_label>lamotrigine 300</arm_group_label>
    <other_name>lamotrigine</other_name>
  </intervention>
  <intervention>
    <intervention_type>Drug</intervention_type>
    <intervention_name>lamotrigine, 250 mg/day</intervention_name>
    <description>250 mg/day</description>
    <arm_group_label>lamotrigine 250</arm_group_label>
  </intervention>
  <eligibility>
    <criteria>
      <textblock>
        Inclusion criteria:

          -  Male or Female ≥13 years of age

          -  Have a confident diagnosis of epilepsy with partial seizures for at least 24 weeks
             prior to the Baseline Phase

          -  Have a documented history of partial seizures such that the investigator must judge
             that the subject is likely to have at least 4 partial seizures during the 8-week
             Baseline Phase.

          -  Have experienced at least 4 partial seizures (i.e., simple or complex partial
             seizures with or without secondary generalization) during an 8-week (i.e., 56 days)
             prospective Baseline Phase with at least one partial seizure occurring during each
             4-week (i.e., 28-day) period.

          -  NOTE: With prior authorization from GlaxoSmithKline (GSK), retrospective data may
             take the place of up to the first 4 weeks (i.e., first 28 days) of the Baseline Phase
             for subjects providing reliable documentation of the following:

               1. A complete daily seizure diary that includes the number, and type (i.e., simple
                  or complex partial seizures with or without secondary generalization), of
                  seizures experienced each day for up to 28 consecutive days immediately prior to
                  the prospective Baseline Phase

               2. Stability of prescribed dosages of background antiepileptic drug (AED)

               3. Compliance with background AED

        All subjects permitted to use retrospective baseline data must complete a minimum of four
        weeks (i.e., 28 days) of the prospective Baseline Phase. The retrospective plus the
        prospective Baseline Phases must equal the 56 consecutive days prior to the start of
        dosing with study drug.

          -  be currently receiving AED monotherapy treatment with a stable regimen of a
             non-enzyme inducing AED for at least four weeks prior to starting the Baseline Phase.

          -  be able and willing to maintain an accurate, complete, written daily seizure diary,
             or has a parent/caregiver who is able and willing to maintain and accurate, complete,
             written daily seizure diary for the entire duration of the study.

          -  be able to comply with the dosing of study drugs, background AED, and all study
             procedures.

          -  understand and sign written informed consent, or will have a parent or a legally
             authorized representative who has done so, prior to the performance of any study
             assessments

          -  if female, and of childbearing potential be using an acceptable form of birth
             control, to include one of the following:

               1. Complete abstinence from intercourse for two weeks before exposure to the study
                  drug, throughout the clinical trial, and for a period after the trial to account
                  for elimination of the drug (a minimum of 2 weeks).

               2. Consistent and correct use of one of the following methods of birth control:

        Male partner who is sterile prior to the female subject's entry into the study and is the
        sole sexual partner for that female subject.

        Any intrauterine device (IUD) with a documented failure rate of less than 1% per year

        Double barrier method consisting of spermicide plus a mechanical barrier (e.g., spermicide
        plus a male condom or a female diaphragm).

        NOTE: Women who have had a hysterectomy, tubal ligation, or are post-menopausal are
        considered to be of non-childbearing potential.

        NOTE: A pharmacokinetic interaction has been observed between lamotrigine (LTG) and
        estrogen-based oral contraceptives. Therefore, the use of hormonal therapy (e.g., for
        contraception or hormone replacement therapy) is not allowed.

        Exclusion criteria:

          -  Exhibits any primary generalized seizures (e.g., absence, myoclonic primary
             generalized tonic-clonic seizures).

          -  Has had status epilepticus within the 24 weeks prior to, or during, the Baseline
             Phase.

          -  Is taking an enzyme-inducing AED (EIAED - e.g. carbamazepine, phenytoin,
             phenobarbital, primidone) or is taking more than 1 background AED.

          -  Is currently taking lamotrigine (LTG) or has previously had an adequate trial of LTG.

          -  Is currently taking felbamate

          -  Is using hormone therapy

          -  Is abusing alcohol and/or other substances

          -  Has taken an investigational drug within the previous 30 days or plans to take an
             investigational drug anytime during the study.

          -  Is receiving chronic treatment with any medication that could influence seizure
             control

          -  NOTE: Use of benzodiazepines is allowed as specified in Section 8.1.2

          -  Is currently following the ketogenic diet.

          -  Is using vagal nerve stimulation

          -  Is planning surgery to control seizures during the study.

          -  Is pregnant, breastfeeding, or planning to become pregnant during the study or within
             the three weeks after the last dose of study drug.

          -  Is suffering from acute or progressive neurological disease, severe psychiatric
             disease or severe mental abnormality that is likely to interfere with the objectives
             of the study.

          -  Has any clinically significant cardiac, renal, hepatic condition, or a condition that
             affects the absorption, distribution, metabolism or excretion of drugs.
      </textblock>
    </criteria>
    <gender>Both</gender>
    <minimum_age>13 Years</minimum_age>
    <maximum_age>N/A</maximum_age>
    <healthy_volunteers>No</healthy_volunteers>
  </eligibility>
  <overall_official>
    <last_name>GSK Clinical Trials</last_name>
    <role>Study Director</role>
    <affiliation>GlaxoSmithKline</affiliation>
  </overall_official>
  <location>
    <facility>
      <name>GSK Investigational Site</name>
      <address>
        <city>Alabaster</city>
        <state>Alabama</state>
        <zip>35007</zip>
        <country>United States</country>
      </address>
    </facility>
  </location>
  <location>
    <facility>
      <name>GSK Investigational Site</name>
      <address>
        <city>Litchfield Park</city>
        <state>Arizona</state>
        <zip>85340</zip>
        <country>United States</country>
      </address>
    </facility>
  </location>
  <location>
    <facility>
      <name>GSK Investigational Site</name>
      <address>
        <city>Mesa</city>
        <state>Arizona</state>
        <zip>85201</zip>
        <country>United States</country>
      </address>
    </facility>
  </location>
  <location>
    <facility>
      <name>GSK Investigational Site</name>
      <address>
        <city>Phoenix</city>
        <state>Arizona</state>
        <zip>85003</zip>
        <country>United States</country>
      </address>
    </facility>
  </location>
  <location>
    <facility>
      <name>GSK Investigational Site</name>
      <address>
        <city>Phoenix</city>
        <state>Arizona</state>
        <zip>85013</zip>
        <country>United States</country>
      </address>
    </facility>
  </location>
  <location>
    <facility>
      <name>GSK Investigational Site</name>
      <address>
        <city>Tucson</city>
        <state>Arizona</state>
        <zip>85724</zip>
        <country>United States</country>
      </address>
    </facility>
  </location>
  <location>
    <facility>
      <name>GSK Investigational Site</name>
      <address>
        <city>Tucson</city>
        <state>Arizona</state>
        <zip>85741</zip>
        <country>United States</country>
      </address>
    </facility>
  </location>
  <location>
    <facility>
      <name>GSK Investigational Site</name>
      <address>
        <city>Fayetteville</city>
        <state>Arkansas</state>
        <zip>72703</zip>
        <country>United States</country>
      </address>
    </facility>
  </location>
  <location>
    <facility>
      <name>GSK Investigational Site</name>
      <address>
        <city>Los Angeles</city>
        <state>California</state>
        <zip>90073</zip>
        <country>United States</country>
      </address>
    </facility>
  </location>
  <location>
    <facility>
      <name>GSK Investigational Site</name>
      <address>
        <city>Pasadena</city>
        <state>California</state>
        <zip>91105</zip>
        <country>United States</country>
      </address>
    </facility>
  </location>
  <location>
    <facility>
      <name>GSK Investigational Site</name>
      <address>
        <city>Santa Ana</city>
        <state>California</state>
        <zip>92705</zip>
        <country>United States</country>
      </address>
    </facility>
  </location>
  <location>
    <facility>
      <name>GSK Investigational Site</name>
      <address>
        <city>Santa Monica</city>
        <state>California</state>
        <zip>90404</zip>
        <country>United States</country>
      </address>
    </facility>
  </location>
  <location>
    <facility>
      <name>GSK Investigational Site</name>
      <address>
        <city>Danbury</city>
        <state>Connecticut</state>
        <zip>06810</zip>
        <country>United States</country>
      </address>
    </facility>
  </location>
  <location>
    <facility>
      <name>GSK Investigational Site</name>
      <address>
        <city>Fairfield</city>
        <state>Connecticut</state>
        <zip>06824</zip>
        <country>United States</country>
      </address>
    </facility>
  </location>
  <location>
    <facility>
      <name>GSK Investigational Site</name>
      <address>
        <city>Newark</city>
        <state>Delaware</state>
        <zip>19713</zip>
        <country>United States</country>
      </address>
    </facility>
  </location>
  <location>
    <facility>
      <name>GSK Investigational Site</name>
      <address>
        <city>Jacksonville</city>
        <state>Florida</state>
        <zip>32224</zip>
        <country>United States</country>
      </address>
    </facility>
  </location>
  <location>
    <facility>
      <name>GSK Investigational Site</name>
      <address>
        <city>Loxahatchee</city>
        <state>Florida</state>
        <zip>33470</zip>
        <country>United States</country>
      </address>
    </facility>
  </location>
  <location>
    <facility>
      <name>GSK Investigational Site</name>
      <address>
        <city>Sunrise</city>
        <state>Florida</state>
        <zip>33351</zip>
        <country>United States</country>
      </address>
    </facility>
  </location>
  <location>
    <facility>
      <name>GSK Investigational Site</name>
      <address>
        <city>Tampa</city>
        <state>Florida</state>
        <zip>33613</zip>
        <country>United States</country>
      </address>
    </facility>
  </location>
  <location>
    <facility>
      <name>GSK Investigational Site</name>
      <address>
        <city>Atlanta</city>
        <state>Georgia</state>
        <zip>30338</zip>
        <country>United States</country>
      </address>
    </facility>
  </location>
  <location>
    <facility>
      <name>GSK Investigational Site</name>
      <address>
        <city>Atlanta</city>
        <state>Georgia</state>
        <zip>30342</zip>
        <country>United States</country>
      </address>
    </facility>
  </location>
  <location>
    <facility>
      <name>GSK Investigational Site</name>
      <address>
        <city>Decatur</city>
        <state>Georgia</state>
        <zip>30033</zip>
        <country>United States</country>
      </address>
    </facility>
  </location>
  <location>
    <facility>
      <name>GSK Investigational Site</name>
      <address>
        <city>Boise</city>
        <state>Idaho</state>
        <zip>83702</zip>
        <country>United States</country>
      </address>
    </facility>
  </location>
  <location>
    <facility>
      <name>GSK Investigational Site</name>
      <address>
        <city>Chicago</city>
        <state>Illinois</state>
        <zip>60611</zip>
        <country>United States</country>
      </address>
    </facility>
  </location>
  <location>
    <facility>
      <name>GSK Investigational Site</name>
      <address>
        <city>Chicago</city>
        <state>Illinois</state>
        <zip>60637</zip>
        <country>United States</country>
      </address>
    </facility>
  </location>
  <location>
    <facility>
      <name>GSK Investigational Site</name>
      <address>
        <city>Flossmoor</city>
        <state>Illinois</state>
        <zip>60422</zip>
        <country>United States</country>
      </address>
    </facility>
  </location>
  <location>
    <facility>
      <name>GSK Investigational Site</name>
      <address>
        <city>Urbana</city>
        <state>Illinois</state>
        <zip>61801</zip>
        <country>United States</country>
      </address>
    </facility>
  </location>
  <location>
    <facility>
      <name>GSK Investigational Site</name>
      <address>
        <city>Des Moines</city>
        <state>Iowa</state>
        <zip>50309</zip>
        <country>United States</country>
      </address>
    </facility>
  </location>
  <location>
    <facility>
      <name>GSK Investigational Site</name>
      <address>
        <city>Lexington</city>
        <state>Kentucky</state>
        <zip>40513</zip>
        <country>United States</country>
      </address>
    </facility>
  </location>
  <location>
    <facility>
      <name>GSK Investigational Site</name>
      <address>
        <city>Lexington</city>
        <state>Kentucky</state>
        <zip>40536</zip>
        <country>United States</country>
      </address>
    </facility>
  </location>
  <location>
    <facility>
      <name>GSK Investigational Site</name>
      <address>
        <city>Louisville</city>
        <state>Kentucky</state>
        <zip>40202</zip>
        <country>United States</country>
      </address>
    </facility>
  </location>
  <location>
    <facility>
      <name>GSK Investigational Site</name>
      <address>
        <city>New Orleans</city>
        <state>Louisiana</state>
        <zip>70115</zip>
        <country>United States</country>
      </address>
    </facility>
  </location>
  <location>
    <facility>
      <name>GSK Investigational Site</name>
      <address>
        <city>Bethesda</city>
        <state>Maryland</state>
        <zip>20817</zip>
        <country>United States</country>
      </address>
    </facility>
  </location>
  <location>
    <facility>
      <name>GSK Investigational Site</name>
      <address>
        <city>Glen Burnie</city>
        <state>Maryland</state>
        <zip>21061</zip>
        <country>United States</country>
      </address>
    </facility>
  </location>
  <location>
    <facility>
      <name>GSK Investigational Site</name>
      <address>
        <city>Pikesville</city>
        <state>Maryland</state>
        <zip>21208</zip>
        <country>United States</country>
      </address>
    </facility>
  </location>
  <location>
    <facility>
      <name>GSK Investigational Site</name>
      <address>
        <city>Springfield</city>
        <state>Massachusetts</state>
        <zip>01104</zip>
        <country>United States</country>
      </address>
    </facility>
  </location>
  <location>
    <facility>
      <name>GSK Investigational Site</name>
      <address>
        <city>Detroit</city>
        <state>Michigan</state>
        <zip>48202</zip>
        <country>United States</country>
      </address>
    </facility>
  </location>
  <location>
    <facility>
      <name>GSK Investigational Site</name>
      <address>
        <city>Minneapolis</city>
        <state>Minnesota</state>
        <zip>55455</zip>
        <country>United States</country>
      </address>
    </facility>
  </location>
  <location>
    <facility>
      <name>GSK Investigational Site</name>
      <address>
        <city>St. Cloud</city>
        <state>Minnesota</state>
        <zip>56303</zip>
        <country>United States</country>
      </address>
    </facility>
  </location>
  <location>
    <facility>
      <name>GSK Investigational Site</name>
      <address>
        <city>Hattiesburg</city>
        <state>Mississippi</state>
        <zip>39401</zip>
        <country>United States</country>
      </address>
    </facility>
  </location>
  <location>
    <facility>
      <name>GSK Investigational Site</name>
      <address>
        <city>Kansas City</city>
        <state>Missouri</state>
        <zip>64111</zip>
        <country>United States</country>
      </address>
    </facility>
  </location>
  <location>
    <facility>
      <name>GSK Investigational Site</name>
      <address>
        <city>St. Louis</city>
        <state>Missouri</state>
        <zip>63104</zip>
        <country>United States</country>
      </address>
    </facility>
  </location>
  <location>
    <facility>
      <name>GSK Investigational Site</name>
      <address>
        <city>St. Louis</city>
        <state>Missouri</state>
        <zip>63110</zip>
        <country>United States</country>
      </address>
    </facility>
  </location>
  <location>
    <facility>
      <name>GSK Investigational Site</name>
      <address>
        <city>Henderson</city>
        <state>Nevada</state>
        <zip>89014</zip>
        <country>United States</country>
      </address>
    </facility>
  </location>
  <location>
    <facility>
      <name>GSK Investigational Site</name>
      <address>
        <city>Las Vegas</city>
        <state>Nevada</state>
        <zip>81902</zip>
        <country>United States</country>
      </address>
    </facility>
  </location>
  <location>
    <facility>
      <name>GSK Investigational Site</name>
      <address>
        <city>Las Vegas</city>
        <state>Nevada</state>
        <zip>89106</zip>
        <country>United States</country>
      </address>
    </facility>
  </location>
  <location>
    <facility>
      <name>GSK Investigational Site</name>
      <address>
        <city>Edison</city>
        <state>New Jersey</state>
        <zip>08818</zip>
        <country>United States</country>
      </address>
    </facility>
  </location>
  <location>
    <facility>
      <name>GSK Investigational Site</name>
      <address>
        <city>Vorhees</city>
        <state>New Jersey</state>
        <zip>08043</zip>
        <country>United States</country>
      </address>
    </facility>
  </location>
  <location>
    <facility>
      <name>GSK Investigational Site</name>
      <address>
        <city>Lawrence</city>
        <state>New York</state>
        <zip>11559</zip>
        <country>United States</country>
      </address>
    </facility>
  </location>
  <location>
    <facility>
      <name>GSK Investigational Site</name>
      <address>
        <city>Plainview</city>
        <state>New York</state>
        <zip>11803</zip>
        <country>United States</country>
      </address>
    </facility>
  </location>
  <location>
    <facility>
      <name>GSK Investigational Site</name>
      <address>
        <city>Syracuse</city>
        <state>New York</state>
        <zip>13210</zip>
        <country>United States</country>
      </address>
    </facility>
  </location>
  <location>
    <facility>
      <name>GSK Investigational Site</name>
      <address>
        <city>Asheville</city>
        <state>North Carolina</state>
        <zip>28803</zip>
        <country>United States</country>
      </address>
    </facility>
  </location>
  <location>
    <facility>
      <name>GSK Investigational Site</name>
      <address>
        <city>Columbus</city>
        <state>Ohio</state>
        <zip>43210-1296</zip>
        <country>United States</country>
      </address>
    </facility>
  </location>
  <location>
    <facility>
      <name>GSK Investigational Site</name>
      <address>
        <city>Oklahoma City</city>
        <state>Oklahoma</state>
        <zip>73112</zip>
        <country>United States</country>
      </address>
    </facility>
  </location>
  <location>
    <facility>
      <name>GSK Investigational Site</name>
      <address>
        <city>Philadelphia</city>
        <state>Pennsylvania</state>
        <zip>19107</zip>
        <country>United States</country>
      </address>
    </facility>
  </location>
  <location>
    <facility>
      <name>GSK Investigational Site</name>
      <address>
        <city>Sellersville</city>
        <state>Pennsylvania</state>
        <zip>18960</zip>
        <country>United States</country>
      </address>
    </facility>
  </location>
  <location>
    <facility>
      <name>GSK Investigational Site</name>
      <address>
        <city>Dallas</city>
        <state>Texas</state>
        <zip>75230</zip>
        <country>United States</country>
      </address>
    </facility>
  </location>
  <location>
    <facility>
      <name>GSK Investigational Site</name>
      <address>
        <city>Houston</city>
        <state>Texas</state>
        <zip>77025</zip>
        <country>United States</country>
      </address>
    </facility>
  </location>
  <location>
    <facility>
      <name>GSK Investigational Site</name>
      <address>
        <city>San Antonio</city>
        <state>Texas</state>
        <zip>78229</zip>
        <country>United States</country>
      </address>
    </facility>
  </location>
  <location>
    <facility>
      <name>GSK Investigational Site</name>
      <address>
        <city>San Antonio</city>
        <state>Texas</state>
        <zip>78258</zip>
        <country>United States</country>
      </address>
    </facility>
  </location>
  <location>
    <facility>
      <name>GSK Investigational Site</name>
      <address>
        <city>Temple</city>
        <state>Texas</state>
        <zip>76502</zip>
        <country>United States</country>
      </address>
    </facility>
  </location>
  <location>
    <facility>
      <name>GSK Investigational Site</name>
      <address>
        <city>Midvale</city>
        <state>Utah</state>
        <zip>84047</zip>
        <country>United States</country>
      </address>
    </facility>
  </location>
  <location>
    <facility>
      <name>GSK Investigational Site</name>
      <address>
        <city>Renton</city>
        <state>Washington</state>
        <zip>98055</zip>
        <country>United States</country>
      </address>
    </facility>
  </location>
  <location>
    <facility>
      <name>GSK Investigational Site</name>
      <address>
        <city>Charleston</city>
        <state>West Virginia</state>
        <zip>25301</zip>
        <country>United States</country>
      </address>
    </facility>
  </location>
  <location>
    <facility>
      <name>GSK Investigational Site</name>
      <address>
        <city>Morgantown</city>
        <state>West Virginia</state>
        <zip>26506</zip>
        <country>United States</country>
      </address>
    </facility>
  </location>
  <location>
    <facility>
      <name>GSK Investigational Site</name>
      <address>
        <city>Madison</city>
        <state>Wisconsin</state>
        <zip>53715</zip>
        <country>United States</country>
      </address>
    </facility>
  </location>
  <location>
    <facility>
      <name>GSK Investigational Site</name>
      <address>
        <city>Milwaukee</city>
        <state>Wisconsin</state>
        <zip>53215</zip>
        <country>United States</country>
      </address>
    </facility>
  </location>
  <location>
    <facility>
      <name>GSK Investigational Site</name>
      <address>
        <city>Capital Federal</city>
        <state>Buenos Aires</state>
        <zip>1181</zip>
        <country>Argentina</country>
      </address>
    </facility>
  </location>
  <location>
    <facility>
      <name>GSK Investigational Site</name>
      <address>
        <city>Capital Fefderal</city>
        <state>Buenos Aires</state>
        <country>Argentina</country>
      </address>
    </facility>
  </location>
  <location>
    <facility>
      <name>GSK Investigational Site</name>
      <address>
        <city>Ciudad Autonoma de Buenos Aires</city>
        <country>Argentina</country>
      </address>
    </facility>
  </location>
  <location>
    <facility>
      <name>GSK Investigational Site</name>
      <address>
        <city>Ciudad Autónoma de Buenos Aires</city>
        <zip>1425</zip>
        <country>Argentina</country>
      </address>
    </facility>
  </location>
  <location>
    <facility>
      <name>GSK Investigational Site</name>
      <address>
        <city>Providencia / Santiago</city>
        <state>Región Metro De Santiago</state>
        <zip>7500710</zip>
        <country>Chile</country>
      </address>
    </facility>
  </location>
  <location>
    <facility>
      <name>GSK Investigational Site</name>
      <address>
        <city>Santiago</city>
        <state>Región Metro De Santiago</state>
        <country>Chile</country>
      </address>
    </facility>
  </location>
  <location>
    <facility>
      <name>GSK Investigational Site</name>
      <address>
        <city>Santiago</city>
        <state>Región Metro De Santiago</state>
        <zip>7560356</zip>
        <country>Chile</country>
      </address>
    </facility>
  </location>
  <location>
    <facility>
      <name>GSK Investigational Site</name>
      <address>
        <city>San Jose</city>
        <country>Costa Rica</country>
      </address>
    </facility>
  </location>
  <location>
    <facility>
      <name>GSK Investigational Site</name>
      <address>
        <city>Busan</city>
        <zip>614-735</zip>
        <country>Korea, Republic of</country>
      </address>
    </facility>
  </location>
  <location>
    <facility>
      <name>GSK Investigational Site</name>
      <address>
        <city>Daegu</city>
        <zip>700-712</zip>
        <country>Korea, Republic of</country>
      </address>
    </facility>
  </location>
  <location>
    <facility>
      <name>GSK Investigational Site</name>
      <address>
        <city>Daejeon</city>
        <zip>301-721</zip>
        <country>Korea, Republic of</country>
      </address>
    </facility>
  </location>
  <location>
    <facility>
      <name>GSK Investigational Site</name>
      <address>
        <city>Seoul</city>
        <zip>110-744</zip>
        <country>Korea, Republic of</country>
      </address>
    </facility>
  </location>
  <location>
    <facility>
      <name>GSK Investigational Site</name>
      <address>
        <city>Seoul</city>
        <zip>120-752</zip>
        <country>Korea, Republic of</country>
      </address>
    </facility>
  </location>
  <location>
    <facility>
      <name>GSK Investigational Site</name>
      <address>
        <city>Seoul</city>
        <zip>135-170</zip>
        <country>Korea, Republic of</country>
      </address>
    </facility>
  </location>
  <location>
    <facility>
      <name>GSK Investigational Site</name>
      <address>
        <city>Seoul</city>
        <zip>138-736</zip>
        <country>Korea, Republic of</country>
      </address>
    </facility>
  </location>
  <location>
    <facility>
      <name>GSK Investigational Site</name>
      <address>
        <city>San Juan</city>
        <zip>00918</zip>
        <country>Puerto Rico</country>
      </address>
    </facility>
  </location>
  <location>
    <facility>
      <name>GSK Investigational Site</name>
      <address>
        <city>San Juan</city>
        <zip>00936</zip>
        <country>Puerto Rico</country>
      </address>
    </facility>
  </location>
  <location>
    <facility>
      <name>GSK Investigational Site</name>
      <address>
        <city>Ekaterinburg</city>
        <zip>620102</zip>
        <country>Russian Federation</country>
      </address>
    </facility>
  </location>
  <location>
    <facility>
      <name>GSK Investigational Site</name>
      <address>
        <city>Moscow</city>
        <zip>105066</zip>
        <country>Russian Federation</country>
      </address>
    </facility>
  </location>
  <location>
    <facility>
      <name>GSK Investigational Site</name>
      <address>
        <city>Moscow</city>
        <zip>117049</zip>
        <country>Russian Federation</country>
      </address>
    </facility>
  </location>
  <location>
    <facility>
      <name>GSK Investigational Site</name>
      <address>
        <city>Moscow</city>
        <zip>125412</zip>
        <country>Russian Federation</country>
      </address>
    </facility>
  </location>
  <location>
    <facility>
      <name>GSK Investigational Site</name>
      <address>
        <city>Samara</city>
        <zip>443095</zip>
        <country>Russian Federation</country>
      </address>
    </facility>
  </location>
  <location>
    <facility>
      <name>GSK Investigational Site</name>
      <address>
        <city>St.-Petersburg</city>
        <zip>193019</zip>
        <country>Russian Federation</country>
      </address>
    </facility>
  </location>
  <location>
    <facility>
      <name>GSK Investigational Site</name>
      <address>
        <city>St.-Petersburg</city>
        <zip>194291</zip>
        <country>Russian Federation</country>
      </address>
    </facility>
  </location>
  <location>
    <facility>
      <name>GSK Investigational Site</name>
      <address>
        <city>St.Petersburg</city>
        <zip>193167</zip>
        <country>Russian Federation</country>
      </address>
    </facility>
  </location>
  <location>
    <facility>
      <name>GSK Investigational Site</name>
      <address>
        <city>Dnepropetrovsk</city>
        <zip>49005</zip>
        <country>Ukraine</country>
      </address>
    </facility>
  </location>
  <location>
    <facility>
      <name>GSK Investigational Site</name>
      <address>
        <city>Donetsk</city>
        <zip>83037</zip>
        <country>Ukraine</country>
      </address>
    </facility>
  </location>
  <location>
    <facility>
      <name>GSK Investigational Site</name>
      <address>
        <city>Kharkiv</city>
        <zip>61068</zip>
        <country>Ukraine</country>
      </address>
    </facility>
  </location>
  <location>
    <facility>
      <name>GSK Investigational Site</name>
      <address>
        <city>Kyiv</city>
        <country>Ukraine</country>
      </address>
    </facility>
  </location>
  <location>
    <facility>
      <name>GSK Investigational Site</name>
      <address>
        <city>Kyiv</city>
        <zip>02660</zip>
        <country>Ukraine</country>
      </address>
    </facility>
  </location>
  <location>
    <facility>
      <name>GSK Investigational Site</name>
      <address>
        <city>Lugansk</city>
        <zip>91045</zip>
        <country>Ukraine</country>
      </address>
    </facility>
  </location>
  <location>
    <facility>
      <name>GSK Investigational Site</name>
      <address>
        <city>Lviv</city>
        <zip>79021</zip>
        <country>Ukraine</country>
      </address>
    </facility>
  </location>
  <location>
    <facility>
      <name>GSK Investigational Site</name>
      <address>
        <city>Odesa</city>
        <zip>65006</zip>
        <country>Ukraine</country>
      </address>
    </facility>
  </location>
  <location>
    <facility>
      <name>GSK Investigational Site</name>
      <address>
        <city>Poltava</city>
        <country>Ukraine</country>
      </address>
    </facility>
  </location>
  <location>
    <facility>
      <name>GSK Investigational Site</name>
      <address>
        <city>Vinnitsa</city>
        <zip>21005</zip>
        <country>Ukraine</country>
      </address>
    </facility>
  </location>
  <location>
    <facility>
      <name>GSK Investigational Site</name>
      <address>
        <city>Zaporizhzhya</city>
        <zip>69057</zip>
        <country>Ukraine</country>
      </address>
    </facility>
  </location>
  <location_countries>
    <country>Argentina</country>
    <country>Chile</country>
    <country>Costa Rica</country>
    <country>Korea, Republic of</country>
    <country>Puerto Rico</country>
    <country>Russian Federation</country>
    <country>Ukraine</country>
    <country>United States</country>
  </location_countries>
  <reference>
    <citation>French JA, Temkin NR, Shneker BF, Hammer AE, Caldwell PT, Messenheimer JA. Lamotrigine XR conversion to monotherapy: first study using a historical control group. Neurotherapeutics. 2012 Jan;9(1):176-84. doi: 10.1007/s13311-011-0088-3. Review.</citation>
    <PMID>22139591</PMID>
  </reference>
  <reference>
    <citation>French JA, Hammer AE, Vuong A, Messenheimer JA. Analysis of three lamotrigine extended-release clinical trials: comparison of pragmatic ITT and LOCF methodologies. Epilepsy Res. 2012 Aug;101(1-2):141-7. doi: 10.1016/j.eplepsyres.2012.03.015. Epub 2012 Apr 10.</citation>
    <PMID>22497754</PMID>
  </reference>
  <verification_date>May 2013</verification_date>
  <lastchanged_date>October 30, 2014</lastchanged_date>
  <firstreceived_date>July 19, 2006</firstreceived_date>
  <firstreceived_results_date>September 8, 2009</firstreceived_results_date>
  <responsible_party>
    <responsible_party_type>Sponsor</responsible_party_type>
  </responsible_party>
  <keyword>epilepsy</keyword>
  <keyword>monotherapy</keyword>
  <keyword>Lamictal</keyword>
  <keyword>lamotrigine</keyword>
  <is_fda_regulated>Yes</is_fda_regulated>
  <is_section_801>Yes</is_section_801>
  <has_expanded_access>No</has_expanded_access>
  <condition_browse>
    <!-- CAUTION:  The following MeSH terms are assigned with an imperfect algorithm  -->
    <mesh_term>Epilepsies, Partial</mesh_term>
    <mesh_term>Epilepsy</mesh_term>
  </condition_browse>
  <intervention_browse>
    <!-- CAUTION:  The following MeSH terms are assigned with an imperfect algorithm  -->
    <mesh_term>Anticonvulsants</mesh_term>
    <mesh_term>Lamotrigine</mesh_term>
  </intervention_browse>

  <clinical_results>

    <participant_flow>
      <recruitment_details>All participants in the Treatment phase and all Baseline Failure participants are eligible to enter the Continuation phase. The Continuation phase is for long-term safety exposure to lamotrigine extended release (LTG XR) at 300 mg/day; it is not a cross-over phase.</recruitment_details>
      <pre_assignment_details>The number of participants (par.) starting the Continuation phase (CP) does not equal the number completing the Treatment phase (TP), as 1) the CP was optional, 2) not everyone from the TP was eligible to enter the CP, and 3) par. who failed to qualify for the TP (Baseline Failures) were allowed to enter the CP. All par. start the TP at 300 mg/day.</pre_assignment_details>
      <group_list>
        <group group_id="P1">
          <title>Lamotrigine Extended-release (LTG XR), 300 mg</title>
          <description>LTG XR, 300 mg/day. In the Continuation phase, Treatment phase participants received LTG XR, 300 mg/day.</description>
        </group>
        <group group_id="P2">
          <title>LTG XR, 250 mg</title>
          <description>LTG XR, 250 mg/day</description>
        </group>
        <group group_id="P3">
          <title>Baseline Failures</title>
          <description>Baseline failures that entered the Continuation Phase; LTG XR; 300 mg/day</description>
        </group>
      </group_list>
      <period_list>
        <period>
          <title>Double-Blind (DB) Treatment Phase</title>
          <milestone_list>
            <milestone>
              <title>STARTED</title>
              <participants_list>
                <participants group_id="P1" count="113">112 participants have baseline data; 1 participant did not receive study drug.</participants>
                <participants group_id="P2" count="113">111 participants have baseline data; 2 participants did not receive study drug.</participants>
                <participants group_id="P3" count="0"/>
              </participants_list>
            </milestone>
            <milestone>
              <title>COMPLETED</title>
              <participants_list>
                <participants group_id="P1" count="94"/>
                <participants group_id="P2" count="79"/>
                <participants group_id="P3" count="0"/>
              </participants_list>
            </milestone>
            <milestone>
              <title>NOT COMPLETED</title>
              <participants_list>
                <participants group_id="P1" count="19"/>
                <participants group_id="P2" count="34"/>
                <participants group_id="P3" count="0"/>
              </participants_list>
            </milestone>
          </milestone_list>
          <drop_withdraw_reason_list>
            <drop_withdraw_reason>
              <title>Adverse Event</title>
              <participants_list>
                <participants group_id="P1" count="4"/>
                <participants group_id="P2" count="10"/>
                <participants group_id="P3" count="0"/>
              </participants_list>
            </drop_withdraw_reason>
            <drop_withdraw_reason>
              <title>Withdrawal by Subject</title>
              <participants_list>
                <participants group_id="P1" count="9"/>
                <participants group_id="P2" count="8"/>
                <participants group_id="P3" count="0"/>
              </participants_list>
            </drop_withdraw_reason>
            <drop_withdraw_reason>
              <title>Lack of Efficacy</title>
              <participants_list>
                <participants group_id="P1" count="6"/>
                <participants group_id="P2" count="7"/>
                <participants group_id="P3" count="0"/>
              </participants_list>
            </drop_withdraw_reason>
            <drop_withdraw_reason>
              <title>Lost to Follow-up</title>
              <participants_list>
                <participants group_id="P1" count="0"/>
                <participants group_id="P2" count="4"/>
                <participants group_id="P3" count="0"/>
              </participants_list>
            </drop_withdraw_reason>
            <drop_withdraw_reason>
              <title>Protocol Violation</title>
              <participants_list>
                <participants group_id="P1" count="0"/>
                <participants group_id="P2" count="4"/>
                <participants group_id="P3" count="0"/>
              </participants_list>
            </drop_withdraw_reason>
            <drop_withdraw_reason>
              <title>Pregnancy</title>
              <participants_list>
                <participants group_id="P1" count="0"/>
                <participants group_id="P2" count="1"/>
                <participants group_id="P3" count="0"/>
              </participants_list>
            </drop_withdraw_reason>
          </drop_withdraw_reason_list>
        </period>
        <period>
          <title>Continuation Phase</title>
          <milestone_list>
            <milestone>
              <title>STARTED</title>
              <participants_list>
                <participants group_id="P1" count="184">83 and 101 participants from the 250 and 300 mg groups (DB Phase), respectively, entered the CP.</participants>
                <participants group_id="P2" count="0"/>
                <participants group_id="P3" count="11">See &quot;Pre-assign. Details&quot; for reasons why number starting CP does not equal number completing TP.</participants>
              </participants_list>
            </milestone>
            <milestone>
              <title>COMPLETED</title>
              <participants_list>
                <participants group_id="P1" count="160"/>
                <participants group_id="P2" count="0"/>
                <participants group_id="P3" count="8"/>
              </participants_list>
            </milestone>
            <milestone>
              <title>NOT COMPLETED</title>
              <participants_list>
                <participants group_id="P1" count="24"/>
                <participants group_id="P2" count="0"/>
                <participants group_id="P3" count="3"/>
              </participants_list>
            </milestone>
          </milestone_list>
          <drop_withdraw_reason_list>
            <drop_withdraw_reason>
              <title>Adverse Event</title>
              <participants_list>
                <participants group_id="P1" count="2"/>
                <participants group_id="P2" count="0"/>
                <participants group_id="P3" count="1"/>
              </participants_list>
            </drop_withdraw_reason>
            <drop_withdraw_reason>
              <title>Lost to Follow-up</title>
              <participants_list>
                <participants group_id="P1" count="2"/>
                <participants group_id="P2" count="0"/>
                <participants group_id="P3" count="1"/>
              </participants_list>
            </drop_withdraw_reason>
            <drop_withdraw_reason>
              <title>Protocol Violation</title>
              <participants_list>
                <participants group_id="P1" count="1"/>
                <participants group_id="P2" count="0"/>
                <participants group_id="P3" count="1"/>
              </participants_list>
            </drop_withdraw_reason>
            <drop_withdraw_reason>
              <title>Withdrawal by Subject</title>
              <participants_list>
                <participants group_id="P1" count="4"/>
                <participants group_id="P2" count="0"/>
                <participants group_id="P3" count="0"/>
              </participants_list>
            </drop_withdraw_reason>
            <drop_withdraw_reason>
              <title>Lack of Efficacy</title>
              <participants_list>
                <participants group_id="P1" count="5"/>
                <participants group_id="P2" count="0"/>
                <participants group_id="P3" count="0"/>
              </participants_list>
            </drop_withdraw_reason>
            <drop_withdraw_reason>
              <title>Site Closed by Sponsor</title>
              <participants_list>
                <participants group_id="P1" count="8"/>
                <participants group_id="P2" count="0"/>
                <participants group_id="P3" count="0"/>
              </participants_list>
            </drop_withdraw_reason>
            <drop_withdraw_reason>
              <title>Scheduling Error</title>
              <participants_list>
                <participants group_id="P1" count="1"/>
                <participants group_id="P2" count="0"/>
                <participants group_id="P3" count="0"/>
              </participants_list>
            </drop_withdraw_reason>
            <drop_withdraw_reason>
              <title>Ran Out of Drug Due to Travel</title>
              <participants_list>
                <participants group_id="P1" count="1"/>
                <participants group_id="P2" count="0"/>
                <participants group_id="P3" count="0"/>
              </participants_list>
            </drop_withdraw_reason>
          </drop_withdraw_reason_list>
        </period>
      </period_list>
    </participant_flow>

    <baseline>
      <group_list>
        <group group_id="B1">
          <title>Treatment Phase: LTG XR, 300 mg</title>
          <description>LTG XR, 300 mg/day in the Treatment phase</description>
        </group>
        <group group_id="B2">
          <title>Treatment Phase: LTG XR, 250 mg</title>
          <description>LTG XR, 250 mg/day in the Treatment phase</description>
        </group>
        <group group_id="B3">
          <title>Total</title>
          <description>Total of all reporting groups</description>
        </group>
      </group_list>
      <measure_list>
        <measure>
          <title>Number of Participants</title>
          <units>participants</units>
          <param>Number</param>
          <category_list>
            <category>
              <measurement_list>
                <measurement group_id="B1" value="112"/>
                <measurement group_id="B2" value="111"/>
                <measurement group_id="B3" value="223"/>
              </measurement_list>
            </category>
          </category_list>
        </measure>
        <measure>
          <title>Age</title>
          <units>years</units>
          <param>Mean</param>
          <dispersion>Standard Deviation</dispersion>
          <category_list>
            <category>
              <measurement_list>
                <measurement group_id="B1" value="33.8" spread="14.3"/>
                <measurement group_id="B2" value="32.9" spread="12.6"/>
                <measurement group_id="B3" value="33.4" spread="13.5"/>
              </measurement_list>
            </category>
          </category_list>
        </measure>
        <measure>
          <title>Gender</title>
          <units>participants</units>
          <param>Number</param>
          <category_list>
            <category>
              <sub_title>Female</sub_title>
              <measurement_list>
                <measurement group_id="B1" value="56"/>
                <measurement group_id="B2" value="66"/>
                <measurement group_id="B3" value="122"/>
              </measurement_list>
            </category>
            <category>
              <sub_title>Male</sub_title>
              <measurement_list>
                <measurement group_id="B1" value="56"/>
                <measurement group_id="B2" value="45"/>
                <measurement group_id="B3" value="101"/>
              </measurement_list>
            </category>
          </category_list>
        </measure>
        <measure>
          <title>Race/Ethnicity, Customized</title>
          <units>participants</units>
          <param>Number</param>
          <category_list>
            <category>
              <sub_title>African American</sub_title>
              <measurement_list>
                <measurement group_id="B1" value="5"/>
                <measurement group_id="B2" value="4"/>
                <measurement group_id="B3" value="9"/>
              </measurement_list>
            </category>
            <category>
              <sub_title>Asian</sub_title>
              <measurement_list>
                <measurement group_id="B1" value="11"/>
                <measurement group_id="B2" value="11"/>
                <measurement group_id="B3" value="22"/>
              </measurement_list>
            </category>
            <category>
              <sub_title>Arabic/North African</sub_title>
              <measurement_list>
                <measurement group_id="B1" value="0"/>
                <measurement group_id="B2" value="2"/>
                <measurement group_id="B3" value="2"/>
              </measurement_list>
            </category>
            <category>
              <sub_title>White</sub_title>
              <measurement_list>
                <measurement group_id="B1" value="96"/>
                <measurement group_id="B2" value="94"/>
                <measurement group_id="B3" value="190"/>
              </measurement_list>
            </category>
            <category>
              <sub_title>Asian - Central/South Asian</sub_title>
              <measurement_list>
                <measurement group_id="B1" value="0"/>
                <measurement group_id="B2" value="0"/>
                <measurement group_id="B3" value="0"/>
              </measurement_list>
            </category>
            <category>
              <sub_title>Asian - East Asian</sub_title>
              <measurement_list>
                <measurement group_id="B1" value="0"/>
                <measurement group_id="B2" value="0"/>
                <measurement group_id="B3" value="0"/>
              </measurement_list>
            </category>
          </category_list>
        </measure>
        <measure>
          <title>Number of participants taking indicated concurrent antiepileptic drug at study entry</title>
          <description>Antiepileptic drug (AED) being taken by participant at study entry; this characteristic is not applicable for the Continuation phase</description>
          <units>participants</units>
          <param>Number</param>
          <category_list>
            <category>
              <sub_title>Valproate</sub_title>
              <measurement_list>
                <measurement group_id="B1" value="73"/>
                <measurement group_id="B2" value="70"/>
                <measurement group_id="B3" value="143"/>
              </measurement_list>
            </category>
            <category>
              <sub_title>Levetiracetam</sub_title>
              <measurement_list>
                <measurement group_id="B1" value="11"/>
                <measurement group_id="B2" value="13"/>
                <measurement group_id="B3" value="24"/>
              </measurement_list>
            </category>
            <category>
              <sub_title>Oxcarbazepine</sub_title>
              <measurement_list>
                <measurement group_id="B1" value="12"/>
                <measurement group_id="B2" value="12"/>
                <measurement group_id="B3" value="24"/>
              </measurement_list>
            </category>
            <category>
              <sub_title>Topiramate</sub_title>
              <measurement_list>
                <measurement group_id="B1" value="12"/>
                <measurement group_id="B2" value="10"/>
                <measurement group_id="B3" value="22"/>
              </measurement_list>
            </category>
            <category>
              <sub_title>Zonisamide</sub_title>
              <measurement_list>
                <measurement group_id="B1" value="3"/>
                <measurement group_id="B2" value="5"/>
                <measurement group_id="B3" value="8"/>
              </measurement_list>
            </category>
            <category>
              <sub_title>Pregabalin</sub_title>
              <measurement_list>
                <measurement group_id="B1" value="1"/>
                <measurement group_id="B2" value="1"/>
                <measurement group_id="B3" value="2"/>
              </measurement_list>
            </category>
          </category_list>
        </measure>
      </measure_list>
    </baseline>

    <outcome_list>
      <outcome>
        <type>Primary</type>
        <title>The Percentage of Participants in the 300 mg/Day Dose Group Who Prematurely Discontinued the Study Between Study Visit 5 (Approximately Week 7) and Visit 9 (End of the Treatment Phase)</title>
        <description>The percentage of participants prematurely discontinuing the study was calculated as the number of participants who discontinued the study divided by the number who reached Visit 5 minus major protocol violators. The Control group is composed of data from other similar studies and is not part of this study.</description>
        <time_frame>From Study Visit 5 through Visit 9 of the Treatment Phase (approximately Week 7 through Week 23)</time_frame>
        <safety_issue>No</safety_issue>
        <population>All randomized participants in the 300 mg/day dose group who began withdrawal of background antiepileptic drug (AED) (Visit 5) minus any major protocol violators</population>
        <group_list>
          <group group_id="O1">
            <title>Lamotrigine Extended-release (LTG XR), 300 mg</title>
            <description>LTG XR, 300 mg/day</description>
          </group>
        </group_list>
        <measure_list>
          <measure>
            <title>Number of Participants</title>
            <units>participants</units>
            <param>Number</param>
            <category_list>
              <category>
                <measurement_list>
                  <measurement group_id="O1" value="93"/>
                </measurement_list>
              </category>
            </category_list>
          </measure>
          <measure>
            <title>The Percentage of Participants in the 300 mg/Day Dose Group Who Prematurely Discontinued the Study Between Study Visit 5 (Approximately Week 7) and Visit 9 (End of the Treatment Phase)</title>
            <description>The percentage of participants prematurely discontinuing the study was calculated as the number of participants who discontinued the study divided by the number who reached Visit 5 minus major protocol violators. The Control group is composed of data from other similar studies and is not part of this study.</description>
            <units>percentage of participants</units>
            <param>Number</param>
            <category_list>
              <category>
                <measurement_list>
                  <measurement group_id="O1" value="12"/>
                </measurement_list>
              </category>
            </category_list>
          </measure>
        </measure_list>
      </outcome>
      <outcome>
        <type>Secondary</type>
        <title>The Percentage of Participants in the 250 mg/Day Dose Group Who Prematurely Discontinued the Study Between Study Visit 5 (Approximately Week 7) and Visit 9 (End of the Treatment Phase)</title>
        <description>The percentage of participants prematurely discontinuing the study was calculated as the number of participants who discontinued the study divided by the number who had reached Visit 5 minus major protocol violators. The Control group was composed of data from other similar studies and is not part of this study.</description>
        <time_frame>From Study Visit 5 through Visit 9 of the Treatment phase (approximately Week 7 through Week 23)</time_frame>
        <safety_issue>No</safety_issue>
        <population>All randomized participants in the 250 mg/day dose group who began withdrawal of background AED (Visit 5) minus any major protocol violators</population>
        <group_list>
          <group group_id="O1">
            <title>LTG XR, 250 mg</title>
            <description>LTG XR, 250 mg/day</description>
          </group>
        </group_list>
        <measure_list>
          <measure>
            <title>Number of Participants</title>
            <units>participants</units>
            <param>Number</param>
            <category_list>
              <category>
                <measurement_list>
                  <measurement group_id="O1" value="81"/>
                </measurement_list>
              </category>
            </category_list>
          </measure>
          <measure>
            <title>The Percentage of Participants in the 250 mg/Day Dose Group Who Prematurely Discontinued the Study Between Study Visit 5 (Approximately Week 7) and Visit 9 (End of the Treatment Phase)</title>
            <description>The percentage of participants prematurely discontinuing the study was calculated as the number of participants who discontinued the study divided by the number who had reached Visit 5 minus major protocol violators. The Control group was composed of data from other similar studies and is not part of this study.</description>
            <units>percentage of participants</units>
            <param>Number</param>
            <category_list>
              <category>
                <measurement_list>
                  <measurement group_id="O1" value="16"/>
                </measurement_list>
              </category>
            </category_list>
          </measure>
        </measure_list>
      </outcome>
      <outcome>
        <type>Secondary</type>
        <title>Time to Discontinuation in the Treatment Phase</title>
        <description>Time (days) until the participant discontinued the study</description>
        <time_frame>From Study Visit 5 through Visit 9 of the Treatment phase (approximately Week 7 through Week 23)</time_frame>
        <safety_issue>No</safety_issue>
        <population>Intent-to-Treat (ITT) Population: All participants who were randomized and began dosing with study drug</population>
        <group_list>
          <group group_id="O1">
            <title>Lamotrigine Extended-release (LTG XR), 300 mg</title>
            <description>LTG XR, 300 mg/day</description>
          </group>
          <group group_id="O2">
            <title>LTG XR, 250 mg</title>
            <description>LTG XR, 250 mg/day</description>
          </group>
        </group_list>
        <measure_list>
          <measure>
            <title>Number of Participants</title>
            <units>participants</units>
            <param>Number</param>
            <category_list>
              <category>
                <measurement_list>
                  <measurement group_id="O1" value="112"/>
                  <measurement group_id="O2" value="111"/>
                </measurement_list>
              </category>
            </category_list>
          </measure>
          <measure>
            <title>Time to Discontinuation in the Treatment Phase</title>
            <description>Time (days) until the participant discontinued the study</description>
            <units>Days</units>
            <param>Mean</param>
            <dispersion>Standard Deviation</dispersion>
            <category_list>
              <category>
                <measurement_list>
                  <measurement group_id="O1" value="147.3" spread="31.5"/>
                  <measurement group_id="O2" value="133.2" spread="45.6"/>
                </measurement_list>
              </category>
            </category_list>
          </measure>
        </measure_list>
      </outcome>
      <outcome>
        <type>Secondary</type>
        <title>Percentage of Participants Meeting Escape Criteria in the Treatment Phase</title>
        <description>The percentage of participants meeting Escape Criteria was calculated as the number of participants who met an Escape Criterion divided by the number who had reached Visit 5 minus major protocol violators. Escape Criteria are: (1) doubling of average monthly seizure frequency; (2) doubling of the highest consecutive 2-day seizure total; (3) occurrence of a new, more severe seizure type; or (4) worsening of generalized tonic-clonic seizures.</description>
        <time_frame>Study Visit 5 through Visit 9 of the Treatment phase (approximately Week 7 through Week 23)</time_frame>
        <safety_issue>No</safety_issue>
        <population>All randomized participants who began withdrawal of background AED (Visit 5) minus any major protocol violators</population>
        <group_list>
          <group group_id="O1">
            <title>Lamotrigine Extended-release (LTG XR), 300 mg</title>
            <description>LTG XR, 300 mg/day</description>
          </group>
          <group group_id="O2">
            <title>LTG XR, 250 mg</title>
            <description>LTG XR, 250 mg/day</description>
          </group>
        </group_list>
        <measure_list>
          <measure>
            <title>Number of Participants</title>
            <units>participants</units>
            <param>Number</param>
            <category_list>
              <category>
                <measurement_list>
                  <measurement group_id="O1" value="93"/>
                  <measurement group_id="O2" value="81"/>
                </measurement_list>
              </category>
            </category_list>
          </measure>
          <measure>
            <title>Percentage of Participants Meeting Escape Criteria in the Treatment Phase</title>
            <description>The percentage of participants meeting Escape Criteria was calculated as the number of participants who met an Escape Criterion divided by the number who had reached Visit 5 minus major protocol violators. Escape Criteria are: (1) doubling of average monthly seizure frequency; (2) doubling of the highest consecutive 2-day seizure total; (3) occurrence of a new, more severe seizure type; or (4) worsening of generalized tonic-clonic seizures.</description>
            <units>percentage of participants</units>
            <param>Number</param>
            <category_list>
              <category>
                <measurement_list>
                  <measurement group_id="O1" value="4"/>
                  <measurement group_id="O2" value="6"/>
                </measurement_list>
              </category>
            </category_list>
          </measure>
        </measure_list>
      </outcome>
      <outcome>
        <type>Secondary</type>
        <title>Percent Change From Baseline in Weekly Seizure Frequency Between Study Visits 3 (Start of Dosing) and 9 (End of the Treatment Phase)</title>
        <description>Change from Baseline was measured as the number of seizures at Visits 3 through 9 minus the number of seizures at Baseline. The number of partial seizures during treatment divided by the number of weeks of treatment was compared to the weekly seizure frequency during Baseline. A positive number equals a reduction in seizure frequency.</description>
        <time_frame>Baseline and Study Visit 3 through Visit 9 of the Treatment phase (Treatment Week 0 through Week 23)</time_frame>
        <safety_issue>No</safety_issue>
        <population>All randomized participants who began withdrawal of background AED (Visit 5) minus any major protocol violators</population>
        <group_list>
          <group group_id="O1">
            <title>Lamotrigine Extended-release (LTG XR), 300 mg</title>
            <description>LTG XR, 300 mg/day</description>
          </group>
          <group group_id="O2">
            <title>LTG XR, 250 mg</title>
            <description>LTG XR, 250 mg/day</description>
          </group>
        </group_list>
        <measure_list>
          <measure>
            <title>Number of Participants</title>
            <units>participants</units>
            <param>Number</param>
            <category_list>
              <category>
                <measurement_list>
                  <measurement group_id="O1" value="93"/>
                  <measurement group_id="O2" value="81"/>
                </measurement_list>
              </category>
            </category_list>
          </measure>
          <measure>
            <title>Percent Change From Baseline in Weekly Seizure Frequency Between Study Visits 3 (Start of Dosing) and 9 (End of the Treatment Phase)</title>
            <description>Change from Baseline was measured as the number of seizures at Visits 3 through 9 minus the number of seizures at Baseline. The number of partial seizures during treatment divided by the number of weeks of treatment was compared to the weekly seizure frequency during Baseline. A positive number equals a reduction in seizure frequency.</description>
            <units>percent change in seizures</units>
            <param>Median</param>
            <dispersion>Full Range</dispersion>
            <category_list>
              <category>
                <measurement_list>
                  <measurement group_id="O1" value="54.8" lower_limit="-124.5" upper_limit="100.0"/>
                  <measurement group_id="O2" value="52.2" lower_limit="-221.3" upper_limit="100.0"/>
                </measurement_list>
              </category>
            </category_list>
          </measure>
        </measure_list>
      </outcome>
      <outcome>
        <type>Secondary</type>
        <title>Number of Seizure-free Participants During the Last 12 Weeks of Treatment of the Treatment Phase</title>
        <description>The number of participants who had no seizures during the treatment period was calculated. The last 12 weeks of treatment were either Weeks 11-22 or 12-23 depending on which background AED was being withdrawn</description>
        <time_frame>The last 12 weeks of treatment of the Treatment phase (Monotherapy phase - approximately Week 11 through Week 23)</time_frame>
        <safety_issue>No</safety_issue>
        <population>All randomized participants who began withdrawal of background AED (Visit 5) minus any major protocol violators</population>
        <group_list>
          <group group_id="O1">
            <title>Lamotrigine Extended-release (LTG XR), 300 mg</title>
            <description>LTG XR, 300 mg/day</description>
          </group>
          <group group_id="O2">
            <title>LTG XR, 250 mg</title>
            <description>LTG XR, 250 mg/day</description>
          </group>
        </group_list>
        <measure_list>
          <measure>
            <title>Number of Participants</title>
            <units>participants</units>
            <param>Number</param>
            <category_list>
              <category>
                <measurement_list>
                  <measurement group_id="O1" value="89"/>
                  <measurement group_id="O2" value="76"/>
                </measurement_list>
              </category>
            </category_list>
          </measure>
          <measure>
            <title>Number of Seizure-free Participants During the Last 12 Weeks of Treatment of the Treatment Phase</title>
            <description>The number of participants who had no seizures during the treatment period was calculated. The last 12 weeks of treatment were either Weeks 11-22 or 12-23 depending on which background AED was being withdrawn</description>
            <units>participants</units>
            <param>Number</param>
            <category_list>
              <category>
                <measurement_list>
                  <measurement group_id="O1" value="22"/>
                  <measurement group_id="O2" value="8"/>
                </measurement_list>
              </category>
            </category_list>
          </measure>
        </measure_list>
      </outcome>
      <outcome>
        <type>Secondary</type>
        <title>Percent Change From Baseline in the Average Seizure Frequency Measured at the End of Participation in the Continuation Phase</title>
        <description>Change from baseline was calculated as the average seizure frequency at the end of the Continuation Phase minus the average seizure frequency at Baseline. The number of seizures during the Continuation phase divided by the number of weeks was compared to the number of seizures at Baseline. A positive number indicates a reduction in seizure frequency.</description>
        <time_frame>Baseline and start of Continuation phase through Week 24 or end of participation in the Continuation phase</time_frame>
        <safety_issue>No</safety_issue>
        <population>All participants who began the Continuation Phase</population>
        <group_list>
          <group group_id="O1">
            <title>Lamotrigine Extended-release (LTG XR), 300 mg</title>
            <description>Treatment phase participants; LTG XR, 300 mg/day</description>
          </group>
          <group group_id="O2">
            <title>Baseline Failures</title>
            <description>Baseline failures that entered the Continuation Phase; LTG XR; 300 mg/day</description>
          </group>
        </group_list>
        <measure_list>
          <measure>
            <title>Number of Participants</title>
            <units>participants</units>
            <param>Number</param>
            <category_list>
              <category>
                <measurement_list>
                  <measurement group_id="O1" value="184"/>
                  <measurement group_id="O2" value="11"/>
                </measurement_list>
              </category>
            </category_list>
          </measure>
          <measure>
            <title>Percent Change From Baseline in the Average Seizure Frequency Measured at the End of Participation in the Continuation Phase</title>
            <description>Change from baseline was calculated as the average seizure frequency at the end of the Continuation Phase minus the average seizure frequency at Baseline. The number of seizures during the Continuation phase divided by the number of weeks was compared to the number of seizures at Baseline. A positive number indicates a reduction in seizure frequency.</description>
            <units>percent change in seizures</units>
            <param>Median</param>
            <dispersion>Full Range</dispersion>
            <category_list>
              <category>
                <measurement_list>
                  <measurement group_id="O1" value="72.2" lower_limit="-840.7" upper_limit="100.0"/>
                  <measurement group_id="O2" value="68.8" lower_limit="-111" upper_limit="100"/>
                </measurement_list>
              </category>
            </category_list>
          </measure>
        </measure_list>
      </outcome>
      <outcome>
        <type>Secondary</type>
        <title>The Number of Participants With at Least the Specified Change in Seizure Frequency, Compared to Baseline, at the End of Participation in the Continuation Phase (Maximum of 24 Weeks)</title>
        <description>Change in seizure frequency was calculated as the average seizure frequency during the Continuation Phase minus the seizure frequency at Baseline.</description>
        <time_frame>Baseline and entire Continuation phase (24 Weeks)</time_frame>
        <safety_issue>No</safety_issue>
        <population>All participants who entered the Continuation Phase</population>
        <group_list>
          <group group_id="O1">
            <title>Lamotrigine Extended-release (LTG XR), 300 mg</title>
            <description>Treatment phase participants; LTG XR, 300 mg/day</description>
          </group>
          <group group_id="O2">
            <title>Baseline Failures</title>
            <description>Baseline failures that entered the Continuation Phase; LTG XR; 300 mg/day</description>
          </group>
        </group_list>
        <measure_list>
          <measure>
            <title>Number of Participants</title>
            <units>participants</units>
            <param>Number</param>
            <category_list>
              <category>
                <measurement_list>
                  <measurement group_id="O1" value="184"/>
                  <measurement group_id="O2" value="11"/>
                </measurement_list>
              </category>
            </category_list>
          </measure>
          <measure>
            <title>The Number of Participants With at Least the Specified Change in Seizure Frequency, Compared to Baseline, at the End of Participation in the Continuation Phase (Maximum of 24 Weeks)</title>
            <description>Change in seizure frequency was calculated as the average seizure frequency during the Continuation Phase minus the seizure frequency at Baseline.</description>
            <units>participants</units>
            <param>Number</param>
            <category_list>
              <category>
                <sub_title>At least a 25% reduction in seizures</sub_title>
                <measurement_list>
                  <measurement group_id="O1" value="169"/>
                  <measurement group_id="O2" value="7"/>
                </measurement_list>
              </category>
              <category>
                <sub_title>At least a 50% reduction in seizures</sub_title>
                <measurement_list>
                  <measurement group_id="O1" value="137"/>
                  <measurement group_id="O2" value="6"/>
                </measurement_list>
              </category>
              <category>
                <sub_title>At least a 75% reduction in seizures</sub_title>
                <measurement_list>
                  <measurement group_id="O1" value="85"/>
                  <measurement group_id="O2" value="3"/>
                </measurement_list>
              </category>
              <category>
                <sub_title>100% reduction in seizures</sub_title>
                <measurement_list>
                  <measurement group_id="O1" value="38"/>
                  <measurement group_id="O2" value="2"/>
                </measurement_list>
              </category>
              <category>
                <sub_title>At least a 50% increase in seizures</sub_title>
                <measurement_list>
                  <measurement group_id="O1" value="6"/>
                  <measurement group_id="O2" value="3"/>
                </measurement_list>
              </category>
            </category_list>
          </measure>
        </measure_list>
      </outcome>
    </outcome_list>

    <reported_events>
      <desc>For the Treatment phase, a frequency threshold of 5% in either treatment group was used. Because there are only 11 participants in the Baseline Failure group, only adverse events occurring in at least 3 participants in the 300 mg/day group are listed (1.6%).</desc>
      <group_list>
        <group group_id="E1">
          <title>Treatment Phase: LTG XR, 300 mg</title>
          <description>LTG XR, 300 mg/day in the Treatment phase</description>
        </group>
        <group group_id="E2">
          <title>Treatment Phase: LTG XR, 250 mg</title>
          <description>LTG XR, 250 mg/day in the Treatment phase</description>
        </group>
        <group group_id="E3">
          <title>Continuation Phase: LTG XR, 300 mg</title>
          <description>Treatment phase participants; LTG XR, 300 mg/day</description>
        </group>
        <group group_id="E4">
          <title>Continuation Phase: Baseline Failures</title>
          <description>Baseline failures that entered the Continuation Phase; LTG XR; 300 mg/day</description>
        </group>
      </group_list>
      <serious_events>
        <default_vocab>MedDRA</default_vocab>
        <default_assessment>Systematic Assessment</default_assessment>
        <category_list>
          <category>
            <title>Total</title>
            <event_list>
              <event>
                <sub_title>Total, serious adverse events</sub_title>
                <counts group_id="E1" subjects_affected="3" subjects_at_risk="112"/>
                <counts group_id="E2" subjects_affected="5" subjects_at_risk="111"/>
                <counts group_id="E3" subjects_affected="3" subjects_at_risk="184"/>
                <counts group_id="E4" subjects_affected="1" subjects_at_risk="11"/>
              </event>
            </event_list>
          </category>
          <category>
            <title>Gastrointestinal disorders</title>
            <event_list>
              <event>
                <sub_title>Upper GI bleeding</sub_title>
                <counts group_id="E1" subjects_affected="0" subjects_at_risk="112"/>
                <counts group_id="E2" subjects_affected="1" subjects_at_risk="111"/>
                <counts group_id="E3" subjects_affected="0" subjects_at_risk="184"/>
                <counts group_id="E4" subjects_affected="0" subjects_at_risk="11"/>
              </event>
            </event_list>
          </category>
          <category>
            <title>General disorders</title>
            <event_list>
              <event>
                <sub_title>Fever</sub_title>
                <counts group_id="E1" subjects_affected="0" subjects_at_risk="112"/>
                <counts group_id="E2" subjects_affected="1" subjects_at_risk="111"/>
                <counts group_id="E3" subjects_affected="0" subjects_at_risk="184"/>
                <counts group_id="E4" subjects_affected="0" subjects_at_risk="11"/>
              </event>
            </event_list>
          </category>
          <category>
            <title>Injury, poisoning and procedural complications</title>
            <event_list>
              <event>
                <sub_title>Back injury</sub_title>
                <counts group_id="E1" subjects_affected="0" subjects_at_risk="112"/>
                <counts group_id="E2" subjects_affected="0" subjects_at_risk="111"/>
                <counts group_id="E3" subjects_affected="1" subjects_at_risk="184"/>
                <counts group_id="E4" subjects_affected="0" subjects_at_risk="11"/>
              </event>
              <event>
                <sub_title>Concussion</sub_title>
                <counts group_id="E1" subjects_affected="0" subjects_at_risk="112"/>
                <counts group_id="E2" subjects_affected="1" subjects_at_risk="111"/>
                <counts group_id="E3" subjects_affected="0" subjects_at_risk="184"/>
                <counts group_id="E4" subjects_affected="0" subjects_at_risk="11"/>
              </event>
              <event>
                <sub_title>Head Injury</sub_title>
                <counts group_id="E1" subjects_affected="1" subjects_at_risk="112"/>
                <counts group_id="E2" subjects_affected="0" subjects_at_risk="111"/>
                <counts group_id="E3" subjects_affected="1" subjects_at_risk="184"/>
                <counts group_id="E4" subjects_affected="0" subjects_at_risk="11"/>
              </event>
              <event>
                <sub_title>Joint sprain</sub_title>
                <counts group_id="E1" subjects_affected="0" subjects_at_risk="112"/>
                <counts group_id="E2" subjects_affected="0" subjects_at_risk="111"/>
                <counts group_id="E3" subjects_affected="1" subjects_at_risk="184"/>
                <counts group_id="E4" subjects_affected="0" subjects_at_risk="11"/>
              </event>
              <event>
                <sub_title>Periorbital hematoma</sub_title>
                <counts group_id="E1" subjects_affected="0" subjects_at_risk="112"/>
                <counts group_id="E2" subjects_affected="0" subjects_at_risk="111"/>
                <counts group_id="E3" subjects_affected="1" subjects_at_risk="184"/>
                <counts group_id="E4" subjects_affected="0" subjects_at_risk="11"/>
              </event>
            </event_list>
          </category>
          <category>
            <title>Neoplasms benign, malignant and unspecified (incl cysts and polyps)</title>
            <event_list>
              <event>
                <sub_title>Brain cancer</sub_title>
                <counts group_id="E1" subjects_affected="1" subjects_at_risk="112"/>
                <counts group_id="E2" subjects_affected="0" subjects_at_risk="111"/>
                <counts group_id="E3" subjects_affected="0" subjects_at_risk="184"/>
                <counts group_id="E4" subjects_affected="0" subjects_at_risk="11"/>
              </event>
              <event>
                <sub_title>Liver Cancer</sub_title>
                <counts group_id="E1" subjects_affected="0" subjects_at_risk="112"/>
                <counts group_id="E2" subjects_affected="1" subjects_at_risk="111"/>
                <counts group_id="E3" subjects_affected="0" subjects_at_risk="184"/>
                <counts group_id="E4" subjects_affected="0" subjects_at_risk="11"/>
              </event>
            </event_list>
          </category>
          <category>
            <title>Nervous system disorders</title>
            <event_list>
              <event>
                <sub_title>Generalized seizure</sub_title>
                <counts group_id="E1" subjects_affected="0" subjects_at_risk="112"/>
                <counts group_id="E2" subjects_affected="1" subjects_at_risk="111"/>
                <counts group_id="E3" subjects_affected="0" subjects_at_risk="184"/>
                <counts group_id="E4" subjects_affected="0" subjects_at_risk="11"/>
              </event>
              <event>
                <sub_title>Grand mal seizure</sub_title>
                <counts group_id="E1" subjects_affected="1" subjects_at_risk="112"/>
                <counts group_id="E2" subjects_affected="0" subjects_at_risk="111"/>
                <counts group_id="E3" subjects_affected="0" subjects_at_risk="184"/>
                <counts group_id="E4" subjects_affected="0" subjects_at_risk="11"/>
              </event>
              <event>
                <sub_title>Status epilepticus</sub_title>
                <counts group_id="E1" subjects_affected="0" subjects_at_risk="112"/>
                <counts group_id="E2" subjects_affected="0" subjects_at_risk="111"/>
                <counts group_id="E3" subjects_affected="0" subjects_at_risk="184"/>
                <counts group_id="E4" subjects_affected="1" subjects_at_risk="11"/>
              </event>
            </event_list>
          </category>
          <category>
            <title>Respiratory, thoracic and mediastinal disorders</title>
            <event_list>
              <event>
                <sub_title>Respiratory failure</sub_title>
                <counts group_id="E1" subjects_affected="1" subjects_at_risk="112"/>
                <counts group_id="E2" subjects_affected="0" subjects_at_risk="111"/>
                <counts group_id="E3" subjects_affected="0" subjects_at_risk="184"/>
                <counts group_id="E4" subjects_affected="0" subjects_at_risk="11"/>
              </event>
            </event_list>
          </category>
          <category>
            <title>Skin and subcutaneous tissue disorders</title>
            <event_list>
              <event>
                <sub_title>Rash</sub_title>
                <counts group_id="E1" subjects_affected="0" subjects_at_risk="112"/>
                <counts group_id="E2" subjects_affected="1" subjects_at_risk="111"/>
                <counts group_id="E3" subjects_affected="0" subjects_at_risk="184"/>
                <counts group_id="E4" subjects_affected="0" subjects_at_risk="11"/>
              </event>
            </event_list>
          </category>
        </category_list>
      </serious_events>
      <other_events>
        <frequency_threshold>5</frequency_threshold>
        <default_vocab>MedDRA</default_vocab>
        <default_assessment>Systematic Assessment</default_assessment>
        <category_list>
          <category>
            <title>Total</title>
            <event_list>
              <event>
                <sub_title>Total, other adverse events</sub_title>
                <counts group_id="E1" subjects_affected="44" subjects_at_risk="112"/>
                <counts group_id="E2" subjects_affected="52" subjects_at_risk="111"/>
                <counts group_id="E3" subjects_affected="47" subjects_at_risk="184"/>
                <counts group_id="E4" subjects_affected="4" subjects_at_risk="11"/>
              </event>
            </event_list>
          </category>
          <category>
            <title>Gastrointestinal disorders</title>
            <event_list>
              <event>
                <sub_title>Nausea</sub_title>
                <counts group_id="E1" subjects_affected="6" subjects_at_risk="112"/>
                <counts group_id="E2" subjects_affected="6" subjects_at_risk="111"/>
                <counts group_id="E3" subjects_affected="6" subjects_at_risk="184"/>
                <counts group_id="E4" subjects_affected="1" subjects_at_risk="11"/>
              </event>
            </event_list>
          </category>
          <category>
            <title>Infections and infestations</title>
            <event_list>
              <event>
                <sub_title>Nasalpharyngitis</sub_title>
                <counts group_id="E1" subjects_affected="7" subjects_at_risk="112"/>
                <counts group_id="E2" subjects_affected="7" subjects_at_risk="111"/>
                <counts group_id="E3" subjects_affected="5" subjects_at_risk="184"/>
                <counts group_id="E4" subjects_affected="0" subjects_at_risk="11"/>
              </event>
            </event_list>
          </category>
          <category>
            <title>Musculoskeletal and connective tissue disorders</title>
            <event_list>
              <event>
                <sub_title>Back pain</sub_title>
                <counts group_id="E1" subjects_affected="0" subjects_at_risk="112"/>
                <counts group_id="E2" subjects_affected="0" subjects_at_risk="111"/>
                <counts group_id="E3" subjects_affected="5" subjects_at_risk="184"/>
                <counts group_id="E4" subjects_affected="1" subjects_at_risk="11"/>
              </event>
            </event_list>
          </category>
          <category>
            <title>Nervous system disorders</title>
            <event_list>
              <event>
                <sub_title>Dizziness</sub_title>
                <counts group_id="E1" subjects_affected="12" subjects_at_risk="112"/>
                <counts group_id="E2" subjects_affected="10" subjects_at_risk="111"/>
                <counts group_id="E3" subjects_affected="11" subjects_at_risk="184"/>
                <counts group_id="E4" subjects_affected="2" subjects_at_risk="11"/>
              </event>
              <event>
                <sub_title>Headache</sub_title>
                <counts group_id="E1" subjects_affected="29" subjects_at_risk="112"/>
                <counts group_id="E2" subjects_affected="31" subjects_at_risk="111"/>
                <counts group_id="E3" subjects_affected="33" subjects_at_risk="184"/>
                <counts group_id="E4" subjects_affected="1" subjects_at_risk="11"/>
              </event>
              <event>
                <sub_title>Somnolence</sub_title>
                <counts group_id="E1" subjects_affected="5" subjects_at_risk="112"/>
                <counts group_id="E2" subjects_affected="6" subjects_at_risk="111"/>
                <counts group_id="E3" subjects_affected="5" subjects_at_risk="184"/>
                <counts group_id="E4" subjects_affected="1" subjects_at_risk="11"/>
              </event>
            </event_list>
          </category>
          <category>
            <title>Psychiatric disorders</title>
            <event_list>
              <event>
                <sub_title>Insomnia</sub_title>
                <counts group_id="E1" subjects_affected="0" subjects_at_risk="112"/>
                <counts group_id="E2" subjects_affected="5" subjects_at_risk="111"/>
                <counts group_id="E3" subjects_affected="0" subjects_at_risk="184"/>
                <counts group_id="E4" subjects_affected="0" subjects_at_risk="11"/>
              </event>
            </event_list>
          </category>
          <category>
            <title>Skin and subcutaneous tissue disorders</title>
            <event_list>
              <event>
                <sub_title>Rash</sub_title>
                <counts group_id="E1" subjects_affected="4" subjects_at_risk="112"/>
                <counts group_id="E2" subjects_affected="12" subjects_at_risk="111"/>
                <counts group_id="E3" subjects_affected="0" subjects_at_risk="184"/>
                <counts group_id="E4" subjects_affected="0" subjects_at_risk="11"/>
              </event>
            </event_list>
          </category>
        </category_list>
      </other_events>
    </reported_events>

    <certain_agreements>
      <pi_employee>Principal Investigators are NOT employed by the organization sponsoring the study.</pi_employee>
      <restrictive_agreement>GSK agreements may vary with individual investigators, but will not prohibit any investigator from publishing. GSK supports the publication of results from all centers of a multi-center trial but requests that reports based on single-site data not precede the primary publication of the entire clinical trial.</restrictive_agreement>
    </certain_agreements>
    <point_of_contact>
      <name_or_title>GSK Response Center</name_or_title>
      <organization>GlaxoSmithKline</organization>
      <phone>866-435-7343</phone>
    </point_of_contact>
  </clinical_results>
</clinical_study>
