<?xml version="1.0" encoding="UTF-8"?>
<clinical_study rank="138">
  <!-- This xml conforms to an XML Schema at:
    https://clinicaltrials.gov/ct2/html/images/info/public.xsd
 and an XML DTD at:
    https://clinicaltrials.gov/ct2/html/images/info/public.dtd -->
  <required_header>
    <download_date>ClinicalTrials.gov processed this data on December 01, 2015</download_date>
    <link_text>Link to the current ClinicalTrials.gov record.</link_text>
    <url>https://clinicaltrials.gov/show/NCT01118949</url>
  </required_header>
  <id_info>
    <org_study_id>SP0961</org_study_id>
    <secondary_id>2014-004379-22</secondary_id>
    <nct_id>NCT01118949</nct_id>
  </id_info>
  <brief_title>Open-Label Study to Assess Lacosamide Safety as Add-on Therapy for Primary Generalized Tonic-Clonic Seizures in Subjects With Epilepsy</brief_title>
  <official_title>An Open-Label Pilot Study to Assess the Safety of Oral Lacosamide as Adjunctive Therapy for Uncontrolled Primary Generalized Tonic-Clonic Seizures in Subjects With Idiopathic Generalized Epilepsy</official_title>
  <sponsors>
    <lead_sponsor>
      <agency>UCB BIOSCIENCES, Inc.</agency>
      <agency_class>Industry</agency_class>
    </lead_sponsor>
  </sponsors>
  <source>UCB Pharma</source>
  <oversight_info>
    <authority>United States: Food and Drug Administration</authority>
    <has_dmc>Yes</has_dmc>
  </oversight_info>
  <brief_summary>
    <textblock>
      The purpose is to assess the safety of Lacosamide in subjects with uncontrolled Primary
      Generalized Tonic-Clonic (PGTC) seizures with Idiopathic Generalized Epilepsy.
    </textblock>
  </brief_summary>
  <overall_status>Completed</overall_status>
  <start_date>May 2010</start_date>
  <completion_date type="Actual">August 2011</completion_date>
  <primary_completion_date type="Actual">August 2011</primary_completion_date>
  <phase>Phase 2</phase>
  <study_type>Interventional</study_type>
  <study_design>Endpoint Classification: Safety Study, Intervention Model: Single Group Assignment, Masking: Open Label, Primary Purpose: Treatment</study_design>
  <primary_outcome>
    <measure>Change in the Number of Seizure Days With Absence Seizures From the Baseline Phase to the Maintenance Phase</measure>
    <time_frame>From Baseline Phase (Weeks 0 to 4) to Maintenance Phase (Weeks 8 to 13)</time_frame>
    <safety_issue>No</safety_issue>
    <description>During the study subjects kept a diary to record daily seizure activity from Visit 1 until the end of study participation. The following information has been recorded:
Seizure type
Seizure frequency
A negative value in change of seizure days with absence seizures shows a decrease in seizure days with absence seizures.</description>
  </primary_outcome>
  <primary_outcome>
    <measure>Change in the Number of Seizure Days With Myoclonic Seizures From the Baseline Phase to the Maintenance Phase</measure>
    <time_frame>From Baseline Phase (Weeks 0 to 4) to Maintenance Phase (Weeks 8 to 13)</time_frame>
    <safety_issue>No</safety_issue>
    <description>During the study subjects kept a diary to record daily seizure activity from Visit 1 until the end of study participation. The following information has been recorded:
Seizure type
Seizure frequency
A negative value in change of seizure days with myoclonic seizures shows a decrease in seizure days with myoclonic seizures.</description>
  </primary_outcome>
  <secondary_outcome>
    <measure>Changes in Count of Generalized Spike-wave Discharges on 24-hour Ambulatory Electroencephalogram (EEG) From Visit 2 (Baseline Phase) to Visit 6 (Maintenance Phase)</measure>
    <time_frame>From Visit 2 (Week 4) to Visit 6 (Week 8)</time_frame>
    <safety_issue>No</safety_issue>
    <description>Subjects were asked to return to the clinic on the morning of the day prior to Visit 2 and Visit 6 to begin 24-hour ambulatory EEG recordings for evaluation of spike-wave discharges. Only subjects with an evaluable EEG measurement with &gt; 19 interpretable hours at Visit 2 and Visit 6 are included in this analysis. The general spike-wave discharges are calculated per interpretable hours.</description>
  </secondary_outcome>
  <secondary_outcome>
    <measure>Changes in Count of 3 Hertz (Hz) Spike-wave Discharges (During Waking Hours) on 24-hour Ambulatory Electroencephalogram (EEG) From Visit 2 (Baseline Phase) to Visit 6 (Maintenance Phase)</measure>
    <time_frame>From Visit 2 (Week 4) to Visit 6 (Week 8)</time_frame>
    <safety_issue>No</safety_issue>
    <description>Subjects were asked to return to the clinic on the morning of the day prior to Visit 2 and Visit 6 to begin 24-hour ambulatory EEG recordings for evaluation of spike-wave discharges. Only subjects with an evaluable EEG measurement with &gt; 19 interpretable hours at Visit 2 and Visit 6 are included in this analysis. The 3 Hertz (Hz) spike-wave discharges are calculated per awake hours.</description>
  </secondary_outcome>
  <secondary_outcome>
    <measure>Number of Subjects With Treatment Emergent Adverse Events (TEAEs) During the 10-week Treatment Period</measure>
    <time_frame>From Visit 2 (Week 4) to Visit 7 (Week 13)</time_frame>
    <safety_issue>No</safety_issue>
    <description>An Adverse Event (AE) is any untoward medical occurrence in a patient or clinical investigation subject administered a pharmaceutical product, which does not necessarily have a causal relationship with this treatment.</description>
  </secondary_outcome>
  <secondary_outcome>
    <measure>Number of Subjects Withdrawn From the Study Due to Treatment Emergent Adverse Events (TEAEs) During the 10-week Treatment Period</measure>
    <time_frame>From Visit 2 (Week 4) to Visit 7 (Week 13)</time_frame>
    <safety_issue>No</safety_issue>
    <description>An Adverse Event (AE) is any untoward medical occurrence in a patient or clinical investigation subject administered a pharmaceutical product, which does not necessarily have a causal relationship with this treatment.</description>
  </secondary_outcome>
  <number_of_arms>1</number_of_arms>
  <enrollment type="Actual">49</enrollment>
  <condition>Epilepsy</condition>
  <arm_group>
    <arm_group_label>Lacosamide</arm_group_label>
    <arm_group_type>Experimental</arm_group_type>
  </arm_group>
  <intervention>
    <intervention_type>Drug</intervention_type>
    <intervention_name>Lacosamide</intervention_name>
    <description>Lacosamide is supplied as 50 mg, 100 mg, 150 mg, and 200 mg tablets. Subjects will begin a Dose-Titration Phase of Lacosamide at 100 mg/day (50 mg bid, approx. 12 hours apart, once in the morning and once in the evening) for 1 week. Three (3) weekly increases will follow until the subject reaches a dosage of 200 mg/day, 300 mg/day, or 400 mg/day, as deemed clinically appropriate. The final titration will be followed by a 6-week Maintenance Phase. Subjects who complete the Maintenance Phase have the opportunity to enroll in an open-label extension study; those who do not enroll will begin a 3-week End-of-Study Phase when Lacosamide will be tapered off gradually at a recommended rate of 200 mg/day/week.</description>
    <arm_group_label>Lacosamide</arm_group_label>
    <other_name>Vimpat®</other_name>
  </intervention>
  <eligibility>
    <criteria>
      <textblock>
        Inclusion Criteria:

          -  Subject has a diagnosis of uncontrolled epilepsy with primary generalized
             tonic-clonic (PGTC) seizures and idiopathic generalized epilepsy. Diagnosis should
             have been established by an electroencephalogram (EEG) with generalized spike-wave
             discharges within 5 years of the screening visit

          -  Subject has ≥1 PGTC seizure within the 12 weeks prior to the screening visit

          -  Subject has a stable dose regimen of 1 to 3 marketed antiepileptic drug(s) (AEDs)
             with or without additional concurrent stable Vagus Nerve Stimulation (VNS). The VNS
             must have been in place for at least 6 months prior to study entry with constant
             settings for at least 28 days prior to the screening visit and during the Baseline
             Phase. Benzodiazepines will be counted as an AED

        Exclusion Criteria:

          -  Subject has a history of partial-onset seizures or EEG findings consistent with
             partial onset seizures

          -  Subject has a history of status epilepticus within the 5-year Period prior to Visit 1

          -  Subject has a current or previous diagnosis of pseudoseizures, conversion disorders,
             or other non-epileptic ictal events

          -  Subject has any medical or psychiatric condition

          -  Subject has any history of alcohol or drug abuse

          -  Subject is currently taking felbamate

          -  Subject has ever taken vigabatrin and has no visual fields examination report
             available or if results of the examination are abnormal

          -  Subject is on a ketogenic diet

          -  Subject has a known sodium channelopathy
      </textblock>
    </criteria>
    <gender>Both</gender>
    <minimum_age>16 Years</minimum_age>
    <maximum_age>65 Years</maximum_age>
    <healthy_volunteers>No</healthy_volunteers>
  </eligibility>
  <overall_official>
    <last_name>UCB Clinical Trial Call Center</last_name>
    <role>Study Director</role>
    <affiliation>+1 877 822 9493 (UCB)</affiliation>
  </overall_official>
  <location>
    <facility>
      <address>
        <city>Alabaster</city>
        <state>Alabama</state>
        <country>United States</country>
      </address>
    </facility>
  </location>
  <location>
    <facility>
      <address>
        <city>Phoenix</city>
        <state>Arizona</state>
        <country>United States</country>
      </address>
    </facility>
  </location>
  <location>
    <facility>
      <address>
        <city>Little Rock</city>
        <state>Arkansas</state>
        <country>United States</country>
      </address>
    </facility>
  </location>
  <location>
    <facility>
      <address>
        <city>San Francisco</city>
        <state>California</state>
        <country>United States</country>
      </address>
    </facility>
  </location>
  <location>
    <facility>
      <address>
        <city>Aurora</city>
        <state>Colorado</state>
        <country>United States</country>
      </address>
    </facility>
  </location>
  <location>
    <facility>
      <address>
        <city>Atlanta</city>
        <state>Georgia</state>
        <country>United States</country>
      </address>
    </facility>
  </location>
  <location>
    <facility>
      <address>
        <city>Rome</city>
        <state>Georgia</state>
        <country>United States</country>
      </address>
    </facility>
  </location>
  <location>
    <facility>
      <address>
        <city>Boise</city>
        <state>Idaho</state>
        <country>United States</country>
      </address>
    </facility>
  </location>
  <location>
    <facility>
      <address>
        <city>Fort Wayne</city>
        <state>Indiana</state>
        <country>United States</country>
      </address>
    </facility>
  </location>
  <location>
    <facility>
      <address>
        <city>Lexington</city>
        <state>Kentucky</state>
        <country>United States</country>
      </address>
    </facility>
  </location>
  <location>
    <facility>
      <address>
        <city>Louisville</city>
        <state>Kentucky</state>
        <country>United States</country>
      </address>
    </facility>
  </location>
  <location>
    <facility>
      <address>
        <city>Scarborough</city>
        <state>Maine</state>
        <country>United States</country>
      </address>
    </facility>
  </location>
  <location>
    <facility>
      <address>
        <city>Bethesda</city>
        <state>Maryland</state>
        <country>United States</country>
      </address>
    </facility>
  </location>
  <location>
    <facility>
      <address>
        <city>Chesterfield</city>
        <state>Missouri</state>
        <country>United States</country>
      </address>
    </facility>
  </location>
  <location>
    <facility>
      <address>
        <city>New York</city>
        <state>New York</state>
        <country>United States</country>
      </address>
    </facility>
  </location>
  <location>
    <facility>
      <address>
        <city>Columbus</city>
        <state>Ohio</state>
        <country>United States</country>
      </address>
    </facility>
  </location>
  <location>
    <facility>
      <address>
        <city>Hershey</city>
        <state>Pennsylvania</state>
        <country>United States</country>
      </address>
    </facility>
  </location>
  <location>
    <facility>
      <address>
        <city>Charleston</city>
        <state>South Carolina</state>
        <country>United States</country>
      </address>
    </facility>
  </location>
  <location>
    <facility>
      <address>
        <city>Nashville</city>
        <state>Tennessee</state>
        <country>United States</country>
      </address>
    </facility>
  </location>
  <location>
    <facility>
      <address>
        <city>Dallas</city>
        <state>Texas</state>
        <country>United States</country>
      </address>
    </facility>
  </location>
  <location>
    <facility>
      <address>
        <city>Houston</city>
        <state>Texas</state>
        <country>United States</country>
      </address>
    </facility>
  </location>
  <location>
    <facility>
      <address>
        <city>Charlottesville</city>
        <state>Virginia</state>
        <country>United States</country>
      </address>
    </facility>
  </location>
  <location>
    <facility>
      <address>
        <city>Norfolk</city>
        <state>Virginia</state>
        <country>United States</country>
      </address>
    </facility>
  </location>
  <location>
    <facility>
      <address>
        <city>Renton</city>
        <state>Washington</state>
        <country>United States</country>
      </address>
    </facility>
  </location>
  <location>
    <facility>
      <address>
        <city>Madison</city>
        <state>Wisconsin</state>
        <country>United States</country>
      </address>
    </facility>
  </location>
  <location_countries>
    <country>United States</country>
  </location_countries>
  <link>
    <url>http://www.vimpat.com/pdf/PI.pdf</url>
    <description>Product Information</description>
  </link>
  <link>
    <url>http://www.fda.gov/Safety/MedWatch/SafetyInformation/default.htm</url>
    <description>FDA Safety Alerts and Recalls</description>
  </link>
  <verification_date>March 2015</verification_date>
  <lastchanged_date>March 10, 2015</lastchanged_date>
  <firstreceived_date>May 5, 2010</firstreceived_date>
  <firstreceived_results_date>August 8, 2012</firstreceived_results_date>
  <responsible_party>
    <responsible_party_type>Sponsor</responsible_party_type>
  </responsible_party>
  <keyword>Primary Generalized Tonic-Clonic (PGTC) Seizures</keyword>
  <keyword>Absence Seizures</keyword>
  <keyword>Myoclonic Seizures</keyword>
  <keyword>Idiopathic Generalized Epilepsy (IGE)</keyword>
  <is_fda_regulated>Yes</is_fda_regulated>
  <is_section_801>Yes</is_section_801>
  <has_expanded_access>No</has_expanded_access>
  <condition_browse>
    <!-- CAUTION:  The following MeSH terms are assigned with an imperfect algorithm  -->
    <mesh_term>Epilepsy</mesh_term>
    <mesh_term>Epilepsy, Generalized</mesh_term>
    <mesh_term>Seizures</mesh_term>
  </condition_browse>
  <intervention_browse>
    <!-- CAUTION:  The following MeSH terms are assigned with an imperfect algorithm  -->
    <mesh_term>Lacosamide</mesh_term>
  </intervention_browse>

  <clinical_results>

    <participant_flow>
      <recruitment_details>Safety Set (SS) includes all enrolled subjects who took at least 1 dose of Lacosamide (LCM).</recruitment_details>
      <pre_assignment_details>Participant Flow and Baseline Characteristics refer to the Safety Set (SS).</pre_assignment_details>
      <group_list>
        <group group_id="P1">
          <title>Lacosamide</title>
          <description>Lacosamide is supplied as 50 mg, 100 mg, 150 mg, and 200 mg tablets. Subjects will begin a Dose-Titration Phase of Lacosamide at 100 mg/day (50 mg bid, approx. 12 hours apart, once in the morning and once in the evening) for 1 week. Three (3) weekly increases will follow until the subject reaches a dosage of 200 mg/day, 300 mg/day, or 400 mg/day, as deemed clinically appropriate. The final titration will be followed by a 6-week Maintenance Phase. Subjects who complete the Maintenance Phase have the opportunity to enroll in an open-label extension study; those who do not enroll will begin a 3-week End-of-Study Phase when Lacosamide will be tapered off gradually at a recommended rate of 200 mg/day/week.</description>
        </group>
      </group_list>
      <period_list>
        <period>
          <title>Overall Study</title>
          <milestone_list>
            <milestone>
              <title>STARTED</title>
              <participants_list>
                <participants group_id="P1" count="49"/>
              </participants_list>
            </milestone>
            <milestone>
              <title>COMPLETED</title>
              <participants_list>
                <participants group_id="P1" count="40"/>
              </participants_list>
            </milestone>
            <milestone>
              <title>NOT COMPLETED</title>
              <participants_list>
                <participants group_id="P1" count="9"/>
              </participants_list>
            </milestone>
          </milestone_list>
          <drop_withdraw_reason_list>
            <drop_withdraw_reason>
              <title>Adverse Event</title>
              <participants_list>
                <participants group_id="P1" count="5"/>
              </participants_list>
            </drop_withdraw_reason>
            <drop_withdraw_reason>
              <title>Withdrawal by Subject</title>
              <participants_list>
                <participants group_id="P1" count="4"/>
              </participants_list>
            </drop_withdraw_reason>
          </drop_withdraw_reason_list>
        </period>
      </period_list>
    </participant_flow>

    <baseline>
      <group_list>
        <group group_id="B1">
          <title>Lacosamide</title>
          <description>Lacosamide is supplied as 50 mg, 100 mg, 150 mg, and 200 mg tablets. Subjects will begin a Dose-Titration Phase of Lacosamide at 100 mg/day (50 mg bid, approx. 12 hours apart, once in the morning and once in the evening) for 1 week. Three (3) weekly increases will follow until the subject reaches a dosage of 200 mg/day, 300 mg/day, or 400 mg/day, as deemed clinically appropriate. The final titration will be followed by a 6-week Maintenance Phase. Subjects who complete the Maintenance Phase have the opportunity to enroll in an open-label extension study; those who do not enroll will begin a 3-week End-of-Study Phase when Lacosamide will be tapered off gradually at a recommended rate of 200 mg/day/week.</description>
        </group>
      </group_list>
      <measure_list>
        <measure>
          <title>Number of Participants</title>
          <units>participants</units>
          <param>Number</param>
          <category_list>
            <category>
              <measurement_list>
                <measurement group_id="B1" value="49"/>
              </measurement_list>
            </category>
          </category_list>
        </measure>
        <measure>
          <title>Age</title>
          <units>participants</units>
          <param>Number</param>
          <category_list>
            <category>
              <sub_title>&lt;=18 years</sub_title>
              <measurement_list>
                <measurement group_id="B1" value="3"/>
              </measurement_list>
            </category>
            <category>
              <sub_title>Between 18 and 65 years</sub_title>
              <measurement_list>
                <measurement group_id="B1" value="46"/>
              </measurement_list>
            </category>
            <category>
              <sub_title>&gt;=65 years</sub_title>
              <measurement_list>
                <measurement group_id="B1" value="0"/>
              </measurement_list>
            </category>
          </category_list>
        </measure>
        <measure>
          <title>Age</title>
          <units>years</units>
          <param>Mean</param>
          <dispersion>Standard Deviation</dispersion>
          <category_list>
            <category>
              <measurement_list>
                <measurement group_id="B1" value="29.7" spread="10.1"/>
              </measurement_list>
            </category>
          </category_list>
        </measure>
        <measure>
          <title>Gender</title>
          <units>participants</units>
          <param>Number</param>
          <category_list>
            <category>
              <sub_title>Female</sub_title>
              <measurement_list>
                <measurement group_id="B1" value="36"/>
              </measurement_list>
            </category>
            <category>
              <sub_title>Male</sub_title>
              <measurement_list>
                <measurement group_id="B1" value="13"/>
              </measurement_list>
            </category>
          </category_list>
        </measure>
        <measure>
          <title>Height</title>
          <units>centimeter (cm)</units>
          <param>Mean</param>
          <dispersion>Standard Deviation</dispersion>
          <category_list>
            <category>
              <measurement_list>
                <measurement group_id="B1" value="168.08" spread="9.32"/>
              </measurement_list>
            </category>
          </category_list>
        </measure>
        <measure>
          <title>Weight</title>
          <units>kilogram (kg)</units>
          <param>Mean</param>
          <dispersion>Standard Deviation</dispersion>
          <category_list>
            <category>
              <measurement_list>
                <measurement group_id="B1" value="77.90" spread="19.80"/>
              </measurement_list>
            </category>
          </category_list>
        </measure>
      </measure_list>
    </baseline>

    <outcome_list>
      <outcome>
        <type>Primary</type>
        <title>Change in the Number of Seizure Days With Absence Seizures From the Baseline Phase to the Maintenance Phase</title>
        <description>During the study subjects kept a diary to record daily seizure activity from Visit 1 until the end of study participation. The following information has been recorded:
Seizure type
Seizure frequency
A negative value in change of seizure days with absence seizures shows a decrease in seizure days with absence seizures.</description>
        <time_frame>From Baseline Phase (Weeks 0 to 4) to Maintenance Phase (Weeks 8 to 13)</time_frame>
        <safety_issue>No</safety_issue>
        <population>Of the 49 subjects in the Safety Set (SS), 44 are included in this analysis. Data not available for 5 subjects.</population>
        <group_list>
          <group group_id="O1">
            <title>Lacosamide</title>
            <description>Lacosamide is supplied as 50 mg, 100 mg, 150 mg, and 200 mg tablets. Subjects will begin a Dose-Titration Phase of Lacosamide at 100 mg/day (50 mg bid, approx. 12 hours apart, once in the morning and once in the evening) for 1 week. Three (3) weekly increases will follow until the subject reaches a dosage of 200 mg/day, 300 mg/day, or 400 mg/day, as deemed clinically appropriate. The final titration will be followed by a 6-week Maintenance Phase. Subjects who complete the Maintenance Phase have the opportunity to enroll in an open-label extension study; those who do not enroll will begin a 3-week End-of-Study Phase when Lacosamide will be tapered off gradually at a recommended rate of 200 mg/day/week.</description>
          </group>
        </group_list>
        <measure_list>
          <measure>
            <title>Number of Participants</title>
            <units>participants</units>
            <param>Number</param>
            <category_list>
              <category>
                <measurement_list>
                  <measurement group_id="O1" value="44"/>
                </measurement_list>
              </category>
            </category_list>
          </measure>
          <measure>
            <title>Change in the Number of Seizure Days With Absence Seizures From the Baseline Phase to the Maintenance Phase</title>
            <description>During the study subjects kept a diary to record daily seizure activity from Visit 1 until the end of study participation. The following information has been recorded:
Seizure type
Seizure frequency
A negative value in change of seizure days with absence seizures shows a decrease in seizure days with absence seizures.</description>
            <units>number of seizure days</units>
            <param>Mean</param>
            <dispersion>Standard Deviation</dispersion>
            <category_list>
              <category>
                <measurement_list>
                  <measurement group_id="O1" value="-0.37" spread="4.8"/>
                </measurement_list>
              </category>
            </category_list>
          </measure>
        </measure_list>
      </outcome>
      <outcome>
        <type>Primary</type>
        <title>Change in the Number of Seizure Days With Myoclonic Seizures From the Baseline Phase to the Maintenance Phase</title>
        <description>During the study subjects kept a diary to record daily seizure activity from Visit 1 until the end of study participation. The following information has been recorded:
Seizure type
Seizure frequency
A negative value in change of seizure days with myoclonic seizures shows a decrease in seizure days with myoclonic seizures.</description>
        <time_frame>From Baseline Phase (Weeks 0 to 4) to Maintenance Phase (Weeks 8 to 13)</time_frame>
        <safety_issue>No</safety_issue>
        <population>Of the 49 subjects in the Safety Set (SS), 44 are included in this analysis. Data not available for 5 subjects.</population>
        <group_list>
          <group group_id="O1">
            <title>Lacosamide</title>
            <description>Lacosamide is supplied as 50 mg, 100 mg, 150 mg, and 200 mg tablets. Subjects will begin a Dose-Titration Phase of Lacosamide at 100 mg/day (50 mg bid, approx. 12 hours apart, once in the morning and once in the evening) for 1 week. Three (3) weekly increases will follow until the subject reaches a dosage of 200 mg/day, 300 mg/day, or 400 mg/day, as deemed clinically appropriate. The final titration will be followed by a 6-week Maintenance Phase. Subjects who complete the Maintenance Phase have the opportunity to enroll in an open-label extension study; those who do not enroll will begin a 3-week End-of-Study Phase when Lacosamide will be tapered off gradually at a recommended rate of 200 mg/day/week.</description>
          </group>
        </group_list>
        <measure_list>
          <measure>
            <title>Number of Participants</title>
            <units>participants</units>
            <param>Number</param>
            <category_list>
              <category>
                <measurement_list>
                  <measurement group_id="O1" value="44"/>
                </measurement_list>
              </category>
            </category_list>
          </measure>
          <measure>
            <title>Change in the Number of Seizure Days With Myoclonic Seizures From the Baseline Phase to the Maintenance Phase</title>
            <description>During the study subjects kept a diary to record daily seizure activity from Visit 1 until the end of study participation. The following information has been recorded:
Seizure type
Seizure frequency
A negative value in change of seizure days with myoclonic seizures shows a decrease in seizure days with myoclonic seizures.</description>
            <units>number of seizure days</units>
            <param>Mean</param>
            <dispersion>Standard Deviation</dispersion>
            <category_list>
              <category>
                <measurement_list>
                  <measurement group_id="O1" value="-2.19" spread="5.80"/>
                </measurement_list>
              </category>
            </category_list>
          </measure>
        </measure_list>
      </outcome>
      <outcome>
        <type>Secondary</type>
        <title>Changes in Count of Generalized Spike-wave Discharges on 24-hour Ambulatory Electroencephalogram (EEG) From Visit 2 (Baseline Phase) to Visit 6 (Maintenance Phase)</title>
        <description>Subjects were asked to return to the clinic on the morning of the day prior to Visit 2 and Visit 6 to begin 24-hour ambulatory EEG recordings for evaluation of spike-wave discharges. Only subjects with an evaluable EEG measurement with &gt; 19 interpretable hours at Visit 2 and Visit 6 are included in this analysis. The general spike-wave discharges are calculated per interpretable hours.</description>
        <time_frame>From Visit 2 (Week 4) to Visit 6 (Week 8)</time_frame>
        <safety_issue>No</safety_issue>
        <population>Of the 49 subjects in the Safety Set (SS), 40 subjects are included in this analysis. Data not available for 9 subjects.</population>
        <group_list>
          <group group_id="O1">
            <title>Lacosamide</title>
            <description>Lacosamide is supplied as 50 mg, 100 mg, 150 mg, and 200 mg tablets. Subjects will begin a Dose-Titration Phase of Lacosamide at 100 mg/day (50 mg bid, approx. 12 hours apart, once in the morning and once in the evening) for 1 week. Three (3) weekly increases will follow until the subject reaches a dosage of 200 mg/day, 300 mg/day, or 400 mg/day, as deemed clinically appropriate. The final titration will be followed by a 6-week Maintenance Phase. Subjects who complete the Maintenance Phase have the opportunity to enroll in an open-label extension study; those who do not enroll will begin a 3-week End-of-Study Phase when Lacosamide will be tapered off gradually at a recommended rate of 200 mg/day/week.</description>
          </group>
        </group_list>
        <measure_list>
          <measure>
            <title>Number of Participants</title>
            <units>participants</units>
            <param>Number</param>
            <category_list>
              <category>
                <measurement_list>
                  <measurement group_id="O1" value="40"/>
                </measurement_list>
              </category>
            </category_list>
          </measure>
          <measure>
            <title>Changes in Count of Generalized Spike-wave Discharges on 24-hour Ambulatory Electroencephalogram (EEG) From Visit 2 (Baseline Phase) to Visit 6 (Maintenance Phase)</title>
            <description>Subjects were asked to return to the clinic on the morning of the day prior to Visit 2 and Visit 6 to begin 24-hour ambulatory EEG recordings for evaluation of spike-wave discharges. Only subjects with an evaluable EEG measurement with &gt; 19 interpretable hours at Visit 2 and Visit 6 are included in this analysis. The general spike-wave discharges are calculated per interpretable hours.</description>
            <units>1/hour</units>
            <param>Mean</param>
            <dispersion>Standard Deviation</dispersion>
            <category_list>
              <category>
                <measurement_list>
                  <measurement group_id="O1" value="-3.47" spread="55.85"/>
                </measurement_list>
              </category>
            </category_list>
          </measure>
        </measure_list>
      </outcome>
      <outcome>
        <type>Secondary</type>
        <title>Changes in Count of 3 Hertz (Hz) Spike-wave Discharges (During Waking Hours) on 24-hour Ambulatory Electroencephalogram (EEG) From Visit 2 (Baseline Phase) to Visit 6 (Maintenance Phase)</title>
        <description>Subjects were asked to return to the clinic on the morning of the day prior to Visit 2 and Visit 6 to begin 24-hour ambulatory EEG recordings for evaluation of spike-wave discharges. Only subjects with an evaluable EEG measurement with &gt; 19 interpretable hours at Visit 2 and Visit 6 are included in this analysis. The 3 Hertz (Hz) spike-wave discharges are calculated per awake hours.</description>
        <time_frame>From Visit 2 (Week 4) to Visit 6 (Week 8)</time_frame>
        <safety_issue>No</safety_issue>
        <population>Of the 49 subjects in the Safety Set (SS), 40 subjects are included in this analysis. Data not available for 9 subjects.</population>
        <group_list>
          <group group_id="O1">
            <title>Lacosamide</title>
            <description>Lacosamide is supplied as 50 mg, 100 mg, 150 mg, and 200 mg tablets. Subjects will begin a Dose-Titration Phase of Lacosamide at 100 mg/day (50 mg bid, approx. 12 hours apart, once in the morning and once in the evening) for 1 week. Three (3) weekly increases will follow until the subject reaches a dosage of 200 mg/day, 300 mg/day, or 400 mg/day, as deemed clinically appropriate. The final titration will be followed by a 6-week Maintenance Phase. Subjects who complete the Maintenance Phase have the opportunity to enroll in an open-label extension study; those who do not enroll will begin a 3-week End-of-Study Phase when Lacosamide will be tapered off gradually at a recommended rate of 200 mg/day/week.</description>
          </group>
        </group_list>
        <measure_list>
          <measure>
            <title>Number of Participants</title>
            <units>participants</units>
            <param>Number</param>
            <category_list>
              <category>
                <measurement_list>
                  <measurement group_id="O1" value="40"/>
                </measurement_list>
              </category>
            </category_list>
          </measure>
          <measure>
            <title>Changes in Count of 3 Hertz (Hz) Spike-wave Discharges (During Waking Hours) on 24-hour Ambulatory Electroencephalogram (EEG) From Visit 2 (Baseline Phase) to Visit 6 (Maintenance Phase)</title>
            <description>Subjects were asked to return to the clinic on the morning of the day prior to Visit 2 and Visit 6 to begin 24-hour ambulatory EEG recordings for evaluation of spike-wave discharges. Only subjects with an evaluable EEG measurement with &gt; 19 interpretable hours at Visit 2 and Visit 6 are included in this analysis. The 3 Hertz (Hz) spike-wave discharges are calculated per awake hours.</description>
            <units>1/hour</units>
            <param>Mean</param>
            <dispersion>Standard Deviation</dispersion>
            <category_list>
              <category>
                <measurement_list>
                  <measurement group_id="O1" value="0.13" spread="2.17"/>
                </measurement_list>
              </category>
            </category_list>
          </measure>
        </measure_list>
      </outcome>
      <outcome>
        <type>Secondary</type>
        <title>Number of Subjects With Treatment Emergent Adverse Events (TEAEs) During the 10-week Treatment Period</title>
        <description>An Adverse Event (AE) is any untoward medical occurrence in a patient or clinical investigation subject administered a pharmaceutical product, which does not necessarily have a causal relationship with this treatment.</description>
        <time_frame>From Visit 2 (Week 4) to Visit 7 (Week 13)</time_frame>
        <safety_issue>No</safety_issue>
        <population>All 49 subjects in the Safety Set (SS) are included in this analysis.</population>
        <group_list>
          <group group_id="O1">
            <title>Lacosamide</title>
            <description>Lacosamide is supplied as 50 mg, 100 mg, 150 mg, and 200 mg tablets. Subjects will begin a Dose-Titration Phase of Lacosamide at 100 mg/day (50 mg bid, approx. 12 hours apart, once in the morning and once in the evening) for 1 week. Three (3) weekly increases will follow until the subject reaches a dosage of 200 mg/day, 300 mg/day, or 400 mg/day, as deemed clinically appropriate. The final titration will be followed by a 6-week Maintenance Phase. Subjects who complete the Maintenance Phase have the opportunity to enroll in an open-label extension study; those who do not enroll will begin a 3-week End-of-Study Phase when Lacosamide will be tapered off gradually at a recommended rate of 200 mg/day/week.</description>
          </group>
        </group_list>
        <measure_list>
          <measure>
            <title>Number of Participants</title>
            <units>participants</units>
            <param>Number</param>
            <category_list>
              <category>
                <measurement_list>
                  <measurement group_id="O1" value="49"/>
                </measurement_list>
              </category>
            </category_list>
          </measure>
          <measure>
            <title>Number of Subjects With Treatment Emergent Adverse Events (TEAEs) During the 10-week Treatment Period</title>
            <description>An Adverse Event (AE) is any untoward medical occurrence in a patient or clinical investigation subject administered a pharmaceutical product, which does not necessarily have a causal relationship with this treatment.</description>
            <units>participants</units>
            <param>Number</param>
            <category_list>
              <category>
                <measurement_list>
                  <measurement group_id="O1" value="43"/>
                </measurement_list>
              </category>
            </category_list>
          </measure>
        </measure_list>
      </outcome>
      <outcome>
        <type>Secondary</type>
        <title>Number of Subjects Withdrawn From the Study Due to Treatment Emergent Adverse Events (TEAEs) During the 10-week Treatment Period</title>
        <description>An Adverse Event (AE) is any untoward medical occurrence in a patient or clinical investigation subject administered a pharmaceutical product, which does not necessarily have a causal relationship with this treatment.</description>
        <time_frame>From Visit 2 (Week 4) to Visit 7 (Week 13)</time_frame>
        <safety_issue>No</safety_issue>
        <population>All 49 subjects in the Safety Set (SS) are included in this analysis.</population>
        <group_list>
          <group group_id="O1">
            <title>Lacosamide</title>
            <description>Lacosamide is supplied as 50 mg, 100 mg, 150 mg, and 200 mg tablets. Subjects will begin a Dose-Titration Phase of Lacosamide at 100 mg/day (50 mg bid, approx. 12 hours apart, once in the morning and once in the evening) for 1 week. Three (3) weekly increases will follow until the subject reaches a dosage of 200 mg/day, 300 mg/day, or 400 mg/day, as deemed clinically appropriate. The final titration will be followed by a 6-week Maintenance Phase. Subjects who complete the Maintenance Phase have the opportunity to enroll in an open-label extension study; those who do not enroll will begin a 3-week End-of-Study Phase when Lacosamide will be tapered off gradually at a recommended rate of 200 mg/day/week.</description>
          </group>
        </group_list>
        <measure_list>
          <measure>
            <title>Number of Participants</title>
            <units>participants</units>
            <param>Number</param>
            <category_list>
              <category>
                <measurement_list>
                  <measurement group_id="O1" value="49"/>
                </measurement_list>
              </category>
            </category_list>
          </measure>
          <measure>
            <title>Number of Subjects Withdrawn From the Study Due to Treatment Emergent Adverse Events (TEAEs) During the 10-week Treatment Period</title>
            <description>An Adverse Event (AE) is any untoward medical occurrence in a patient or clinical investigation subject administered a pharmaceutical product, which does not necessarily have a causal relationship with this treatment.</description>
            <units>participants</units>
            <param>Number</param>
            <category_list>
              <category>
                <measurement_list>
                  <measurement group_id="O1" value="5"/>
                </measurement_list>
              </category>
            </category_list>
          </measure>
        </measure_list>
      </outcome>
    </outcome_list>

    <reported_events>
      <time_frame>Adverse Events were collected up to 16 weeks from Baseline (Week 0 - Week 4) over the 3-weeks Titration Period (Week 4 - Week 7) and the 6-weeks Maintenance Period (Week 7 - Week 13) to the Final Clinic Visit at the end of Week 16.</time_frame>
      <desc>Adverse Events refer to the Safety Set (SS). SS includes all enrolled subjects who received at least one dose of trial medication.</desc>
      <group_list>
        <group group_id="E1">
          <title>Lacosamide</title>
          <description>Lacosamide is supplied as 50 mg, 100 mg, 150 mg, and 200 mg tablets. Subjects will begin a Dose-Titration Phase of Lacosamide at 100 mg/day (50 mg bid, approx. 12 hours apart, once in the morning and once in the evening) for 1 week. Three (3) weekly increases will follow until the subject reaches a dosage of 200 mg/day, 300 mg/day, or 400 mg/day, as deemed clinically appropriate. The final titration will be followed by a 6-week Maintenance Phase. Subjects who complete the Maintenance Phase have the opportunity to enroll in an open-label extension study; those who do not enroll will begin a 3-week End-of-Study Phase when Lacosamide will be tapered off gradually at a recommended rate of 200 mg/day/week.</description>
        </group>
      </group_list>
      <serious_events>
        <default_vocab>MedDRA (9.1)</default_vocab>
        <default_assessment>Non-systematic Assessment</default_assessment>
        <category_list>
          <category>
            <title>Total</title>
            <event_list>
              <event>
                <sub_title>Total, serious adverse events</sub_title>
                <counts group_id="E1" subjects_affected="1" subjects_at_risk="49"/>
              </event>
            </event_list>
          </category>
          <category>
            <title>Nervous system disorders</title>
            <event_list>
              <event>
                <sub_title>Petit mal epilepsy</sub_title>
                <counts group_id="E1" events="1" subjects_affected="1" subjects_at_risk="49"/>
              </event>
            </event_list>
          </category>
        </category_list>
      </serious_events>
      <other_events>
        <frequency_threshold>5</frequency_threshold>
        <default_vocab>MedDRA (9.1)</default_vocab>
        <default_assessment>Non-systematic Assessment</default_assessment>
        <category_list>
          <category>
            <title>Total</title>
            <event_list>
              <event>
                <sub_title>Total, other adverse events</sub_title>
                <counts group_id="E1" subjects_affected="39" subjects_at_risk="49"/>
              </event>
            </event_list>
          </category>
          <category>
            <title>Eye disorders</title>
            <event_list>
              <event>
                <sub_title>Diplopia</sub_title>
                <counts group_id="E1" events="4" subjects_affected="4" subjects_at_risk="49"/>
              </event>
            </event_list>
          </category>
          <category>
            <title>Gastrointestinal disorders</title>
            <event_list>
              <event>
                <sub_title>Nausea</sub_title>
                <counts group_id="E1" events="15" subjects_affected="13" subjects_at_risk="49"/>
              </event>
              <event>
                <sub_title>Vomiting</sub_title>
                <counts group_id="E1" events="9" subjects_affected="7" subjects_at_risk="49"/>
              </event>
            </event_list>
          </category>
          <category>
            <title>General disorders</title>
            <event_list>
              <event>
                <sub_title>Fatigue</sub_title>
                <counts group_id="E1" events="6" subjects_affected="6" subjects_at_risk="49"/>
              </event>
              <event>
                <sub_title>Gait Disturbance</sub_title>
                <counts group_id="E1" events="5" subjects_affected="5" subjects_at_risk="49"/>
              </event>
              <event>
                <sub_title>Chills</sub_title>
                <counts group_id="E1" events="5" subjects_affected="4" subjects_at_risk="49"/>
              </event>
            </event_list>
          </category>
          <category>
            <title>Injury, poisoning and procedural complications</title>
            <event_list>
              <event>
                <sub_title>Contusion</sub_title>
                <counts group_id="E1" events="4" subjects_affected="3" subjects_at_risk="49"/>
              </event>
            </event_list>
          </category>
          <category>
            <title>Nervous system disorders</title>
            <event_list>
              <event>
                <sub_title>Dizziness</sub_title>
                <counts group_id="E1" events="27" subjects_affected="19" subjects_at_risk="49"/>
              </event>
              <event>
                <sub_title>Headache</sub_title>
                <counts group_id="E1" events="8" subjects_affected="8" subjects_at_risk="49"/>
              </event>
              <event>
                <sub_title>Somnolence</sub_title>
                <counts group_id="E1" events="8" subjects_affected="8" subjects_at_risk="49"/>
              </event>
              <event>
                <sub_title>Tremor</sub_title>
                <counts group_id="E1" events="8" subjects_affected="6" subjects_at_risk="49"/>
              </event>
              <event>
                <sub_title>Migraine</sub_title>
                <counts group_id="E1" events="4" subjects_affected="4" subjects_at_risk="49"/>
              </event>
              <event>
                <sub_title>Petit mal epilepsy</sub_title>
                <counts group_id="E1" events="4" subjects_affected="4" subjects_at_risk="49"/>
              </event>
            </event_list>
          </category>
          <category>
            <title>Psychiatric disorders</title>
            <event_list>
              <event>
                <sub_title>Insomnia</sub_title>
                <counts group_id="E1" events="6" subjects_affected="6" subjects_at_risk="49"/>
              </event>
            </event_list>
          </category>
          <category>
            <title>Respiratory, thoracic and mediastinal disorders</title>
            <event_list>
              <event>
                <sub_title>Dyspnea</sub_title>
                <counts group_id="E1" events="4" subjects_affected="4" subjects_at_risk="49"/>
              </event>
            </event_list>
          </category>
          <category>
            <title>Skin and subcutaneous tissue disorders</title>
            <event_list>
              <event>
                <sub_title>Pruritus</sub_title>
                <counts group_id="E1" events="3" subjects_affected="3" subjects_at_risk="49"/>
              </event>
            </event_list>
          </category>
        </category_list>
      </other_events>
    </reported_events>

    <certain_agreements>
      <pi_employee>Principal Investigators are NOT employed by the organization sponsoring the study.</pi_employee>
      <restrictive_agreement>The only disclosure restriction on the PI is that the sponsor can review results communications prior to public release and can embargo communications regarding trial results for a period that is more than 60 days but less than or equal to 180 days. The sponsor cannot require changes to the communication and cannot extend the embargo.</restrictive_agreement>
    </certain_agreements>
    <point_of_contact>
      <name_or_title>UCB Clinical Trial Call Center</name_or_title>
      <organization>UCB</organization>
      <phone>+1 877 822 9493</phone>
    </point_of_contact>
  </clinical_results>
</clinical_study>
