<?xml version="1.0" encoding="UTF-8"?>
<clinical_study rank="250">
  <!-- This xml conforms to an XML Schema at:
    https://clinicaltrials.gov/ct2/html/images/info/public.xsd
 and an XML DTD at:
    https://clinicaltrials.gov/ct2/html/images/info/public.dtd -->
  <required_header>
    <download_date>ClinicalTrials.gov processed this data on November 27, 2015</download_date>
    <link_text>Link to the current ClinicalTrials.gov record.</link_text>
    <url>https://clinicaltrials.gov/show/NCT00603473</url>
  </required_header>
  <id_info>
    <org_study_id>A9451162</org_study_id>
    <nct_id>NCT00603473</nct_id>
  </id_info>
  <brief_title>A Phase III Open-Label Study Of Gabapentin As Adjunctive Therapy In Japanese Pediatric Patients With Partial Seizures</brief_title>
  <official_title>An Open-Label, Multicenter Study Evaluating, The Efficacy, Safety And Pharmacokinetics Of Gabapentin As Adjunctive Therapy In Pediatric Patients With Partial Seizures When Other Antiepileptics Do Not Provide Satisfactory Effects</official_title>
  <sponsors>
    <lead_sponsor>
      <agency>Pfizer</agency>
      <agency_class>Industry</agency_class>
    </lead_sponsor>
  </sponsors>
  <source>Pfizer</source>
  <oversight_info>
    <authority>Japan: Ministry of Health, Labor and Welfare</authority>
    <has_dmc>No</has_dmc>
  </oversight_info>
  <brief_summary>
    <textblock>
      Examine the efficacy, safety and pharmacokinetics of gabapentin as adjunctive therapy in
      Japanese pediatric patients with partial seizures
    </textblock>
  </brief_summary>
  <overall_status>Completed</overall_status>
  <start_date>January 2008</start_date>
  <completion_date type="Actual">December 2009</completion_date>
  <primary_completion_date type="Actual">December 2009</primary_completion_date>
  <phase>Phase 3</phase>
  <study_type>Interventional</study_type>
  <study_design>Allocation: Non-Randomized, Endpoint Classification: Efficacy Study, Intervention Model: Single Group Assignment, Masking: Open Label, Primary Purpose: Treatment</study_design>
  <primary_outcome>
    <measure>Response Ratio of Gabapentin in Japanese Pediatric Patients With Partial Seizures</measure>
    <time_frame>12 weeks</time_frame>
    <safety_issue>No</safety_issue>
    <description>The Response Ratio calculated by the following equation was assessed as the primary endpoint: R Ratio = (T−B) / (T+B) where T is seizure frequency per 28 days (i.e., the number of seizures per 28 days) calculated from the total number of seizures for the 12-week treatment period, and B is seizure frequency per 28 days (i.e., the number of seizures per 28 days) calculated from the total number of seizures for the 6-week baseline period.</description>
  </primary_outcome>
  <secondary_outcome>
    <measure>Responder Rate</measure>
    <time_frame>12 weeks</time_frame>
    <safety_issue>No</safety_issue>
    <description>Responder Rate was defined as the percentage of subjects with a 50% or greater reduction in the seizure frequency per 28 days for the 12-week treatment period in comparison with the frequency per 28 days for the 6-week baseline period.</description>
  </secondary_outcome>
  <secondary_outcome>
    <measure>Percent Change in Seizure Frequency (PCH)</measure>
    <time_frame>12 weeks</time_frame>
    <safety_issue>No</safety_issue>
    <description>PCH calculated by the following equation was assessed as secondary endpoint: PCH = 100 (T−B) / B where T is seizure frequency per 28 days (i.e., the number of seizures per 28 days) calculated from the total number of seizures for the 12-week treatment period, and B is seizure frequency per 28 days (i.e., the number of seizures per 28 days) calculated from the total number of seizures for the 6-week baseline period.</description>
  </secondary_outcome>
  <number_of_arms>1</number_of_arms>
  <enrollment type="Actual">92</enrollment>
  <condition>Epilepsies, Partial</condition>
  <arm_group>
    <arm_group_label>gabapentin</arm_group_label>
    <arm_group_type>Experimental</arm_group_type>
  </arm_group>
  <intervention>
    <intervention_type>Drug</intervention_type>
    <intervention_name>gabapentin</intervention_name>
    <description>Orally administered gabapentin</description>
    <arm_group_label>gabapentin</arm_group_label>
  </intervention>
  <eligibility>
    <criteria>
      <textblock>
        Inclusion Criteria:

          -  Japanese male or females, ages 3-15 years old at acquisition of informed consent, 15
             years old or less at the baseline visit

          -  Seizures are classified as simple partial, complex partial or partial becoming
             secondarily generalized (defined according to the International League Against
             Epilepsy)

          -  Have not been able to achieve adequate seizure control with antiepileptic drugs

        Exclusion Criteria:

          -  Seizures related to drugs or acute medical illness

          -  History of any serious medical or psychiatric disorder

          -  Diagnosis or history of a structural CNS lesion or an encephalopathy shown to be
             progressive
      </textblock>
    </criteria>
    <gender>Both</gender>
    <minimum_age>3 Years</minimum_age>
    <maximum_age>15 Years</maximum_age>
    <healthy_volunteers>No</healthy_volunteers>
  </eligibility>
  <overall_official>
    <last_name>Pfizer CT.gov Call Center</last_name>
    <role>Study Director</role>
    <affiliation>Pfizer</affiliation>
  </overall_official>
  <location>
    <facility>
      <name>Pfizer Investigational Site</name>
      <address>
        <city>Obu-shi,Morioka-machi</city>
        <state>Aichi</state>
        <country>Japan</country>
      </address>
    </facility>
  </location>
  <location>
    <facility>
      <name>Pfizer Investigational Site</name>
      <address>
        <city>Jonan-ku</city>
        <state>Fukuoka</state>
        <country>Japan</country>
      </address>
    </facility>
  </location>
  <location>
    <facility>
      <name>Pfizer Investigational Site</name>
      <address>
        <city>Sapporo</city>
        <state>Hokkaido</state>
        <country>Japan</country>
      </address>
    </facility>
  </location>
  <location>
    <facility>
      <name>Pfizer Investigational Site</name>
      <address>
        <city>Kobe</city>
        <state>Hyogo</state>
        <country>Japan</country>
      </address>
    </facility>
  </location>
  <location>
    <facility>
      <name>Pfizer Investigational Site</name>
      <address>
        <city>Suma-Ku, Kobe</city>
        <state>Hyogo</state>
        <country>Japan</country>
      </address>
    </facility>
  </location>
  <location>
    <facility>
      <name>Pfizer Investigational Site</name>
      <address>
        <city>Kanazawa</city>
        <state>Ishikawa</state>
        <country>Japan</country>
      </address>
    </facility>
  </location>
  <location>
    <facility>
      <name>Pfizer Investigational Site</name>
      <address>
        <city>Zentsuuji</city>
        <state>Kagawa</state>
        <country>Japan</country>
      </address>
    </facility>
  </location>
  <location>
    <facility>
      <name>Pfizer Investigational Site</name>
      <address>
        <city>Yokohama</city>
        <state>Kanagawa Pref.</state>
        <country>Japan</country>
      </address>
    </facility>
  </location>
  <location>
    <facility>
      <name>Pfizer Investigational Site</name>
      <address>
        <city>Sendai-shi</city>
        <state>Miyagi-ken</state>
        <country>Japan</country>
      </address>
    </facility>
  </location>
  <location>
    <facility>
      <name>Pfizer Investigational Site</name>
      <address>
        <city>Showa-Ku</city>
        <state>Nagoya</state>
        <country>Japan</country>
      </address>
    </facility>
  </location>
  <location>
    <facility>
      <name>Pfizer Investigational Site</name>
      <address>
        <city>Niigata-shi</city>
        <state>Niigata</state>
        <country>Japan</country>
      </address>
    </facility>
  </location>
  <location>
    <facility>
      <name>Pfizer Investigational Site</name>
      <address>
        <city>Kurashiki-City</city>
        <state>Okayama Pref.</state>
        <country>Japan</country>
      </address>
    </facility>
  </location>
  <location>
    <facility>
      <name>Pfizer Investigational Site</name>
      <address>
        <city>Okayama-shi</city>
        <state>Okayama</state>
        <country>Japan</country>
      </address>
    </facility>
  </location>
  <location>
    <facility>
      <name>Pfizer Investigational Site</name>
      <address>
        <city>Izumi-shi</city>
        <state>Osaka</state>
        <country>Japan</country>
      </address>
    </facility>
  </location>
  <location>
    <facility>
      <name>Pfizer Investigational Site</name>
      <address>
        <city>Miyakojima-ku</city>
        <state>Osaka</state>
        <country>Japan</country>
      </address>
    </facility>
  </location>
  <location>
    <facility>
      <name>Pfizer Investigational Site</name>
      <address>
        <city>Suita</city>
        <state>Osaka</state>
        <country>Japan</country>
      </address>
    </facility>
  </location>
  <location>
    <facility>
      <name>Pfizer Investigational Site</name>
      <address>
        <city>Higashimatsuyama</city>
        <state>Saitama</state>
        <country>Japan</country>
      </address>
    </facility>
  </location>
  <location>
    <facility>
      <name>Pfizer Investigational Site</name>
      <address>
        <city>Shizuoka-shi</city>
        <state>Shizuoka</state>
        <country>Japan</country>
      </address>
    </facility>
  </location>
  <location>
    <facility>
      <name>Pfizer Investigational Site</name>
      <address>
        <city>Kiyose-shi</city>
        <state>Tokyo</state>
        <country>Japan</country>
      </address>
    </facility>
  </location>
  <location>
    <facility>
      <name>Pfizer Investigational Site</name>
      <address>
        <city>Kodaira</city>
        <state>Tokyo</state>
        <country>Japan</country>
      </address>
    </facility>
  </location>
  <location>
    <facility>
      <name>Pfizer Investigational Site</name>
      <address>
        <city>Setagaya-ku</city>
        <state>Tokyo</state>
        <country>Japan</country>
      </address>
    </facility>
  </location>
  <location>
    <facility>
      <name>Pfizer Investigational Site</name>
      <address>
        <city>Shinjuku-ku</city>
        <state>Tokyo</state>
        <country>Japan</country>
      </address>
    </facility>
  </location>
  <location>
    <facility>
      <name>Pfizer Investigational Site</name>
      <address>
        <city>Hiroshima</city>
        <country>Japan</country>
      </address>
    </facility>
  </location>
  <location>
    <facility>
      <name>Pfizer Investigational Site</name>
      <address>
        <city>Saitama</city>
        <country>Japan</country>
      </address>
    </facility>
  </location>
  <location>
    <facility>
      <name>Pfizer Investigational Site</name>
      <address>
        <city>Yamagata</city>
        <country>Japan</country>
      </address>
    </facility>
  </location>
  <location>
    <facility>
      <name>Pfizer Investigational Site</name>
      <address>
        <city>Yamanashi</city>
        <country>Japan</country>
      </address>
    </facility>
  </location>
  <location_countries>
    <country>Japan</country>
  </location_countries>
  <link>
    <url>https://trialinfoemail.pfizer.com/pages/landing.aspx?StudyID=A9451162&amp;StudyName=A%20Phase%20III%20Open-Label%20Study%20Of%20Gabapentin%20As%20Adjunctive%20Therapy%20In%20Japanese%20Pediatric%20Patients%20With%20Partial%20Seizures</url>
    <description>To obtain contact information for a study center near you, click here.</description>
  </link>
  <verification_date>January 2011</verification_date>
  <lastchanged_date>January 24, 2011</lastchanged_date>
  <firstreceived_date>January 16, 2008</firstreceived_date>
  <firstreceived_results_date>December 6, 2010</firstreceived_results_date>
  <responsible_party>
    <name_title>Director, Clinical Trials Disclosure Group</name_title>
    <organization>Pfizer, Inc.</organization>
  </responsible_party>
  <is_fda_regulated>No</is_fda_regulated>
  <has_expanded_access>No</has_expanded_access>
  <condition_browse>
    <!-- CAUTION:  The following MeSH terms are assigned with an imperfect algorithm  -->
    <mesh_term>Epilepsies, Partial</mesh_term>
  </condition_browse>
  <intervention_browse>
    <!-- CAUTION:  The following MeSH terms are assigned with an imperfect algorithm  -->
    <mesh_term>Gabapentin</mesh_term>
  </intervention_browse>

  <clinical_results>

    <participant_flow>
      <recruitment_details>Participants were screened at 27 centers in Japan.</recruitment_details>
      <pre_assignment_details>Ninety subjects were enrolled in the study. Of them, 89 received the study treatment, while 1 withdrew consent.</pre_assignment_details>
      <group_list>
        <group group_id="P1">
          <title>Gabapentin</title>
          <description>The dosage of oral solution for subjects aged 3 to 12 years was calculated based on their body weight. The dose was titrated for the first 3 days of the treatment period. Subjects aged 3 to 4 years received gabapentin 10 mg/kg/day on Day 1, 20 mg/kg/day on Day 2 and 40 mg/kg/day from Day 3. Subjects aged 5 to 12 years received gabapentin 10 mg/kg/day on Day 1, 20 mg/kg/day on Day 2 and 25 to 35 mg/kg/day from Day 3. Subjects aged 13 to 15 years received gabapentin 600 mg/day on Day 1, 1200 mg/day on Day 2 and 1200 or 1800 mg/day from Day 3. After Day 3, the dose was adjusted if necessary within the range of maintenance doses. The maximum daily dose was 600 mg for Day 1, 1200 mg for Day 2, and 1800 mg for Day 3 and thereafter.</description>
        </group>
      </group_list>
      <period_list>
        <period>
          <title>Overall Study</title>
          <milestone_list>
            <milestone>
              <title>STARTED</title>
              <participants_list>
                <participants group_id="P1" count="89"/>
              </participants_list>
            </milestone>
            <milestone>
              <title>COMPLETED</title>
              <participants_list>
                <participants group_id="P1" count="80"/>
              </participants_list>
            </milestone>
            <milestone>
              <title>NOT COMPLETED</title>
              <participants_list>
                <participants group_id="P1" count="9"/>
              </participants_list>
            </milestone>
          </milestone_list>
          <drop_withdraw_reason_list>
            <drop_withdraw_reason>
              <title>Adverse Event</title>
              <participants_list>
                <participants group_id="P1" count="4"/>
              </participants_list>
            </drop_withdraw_reason>
            <drop_withdraw_reason>
              <title>Lack of Efficacy</title>
              <participants_list>
                <participants group_id="P1" count="4"/>
              </participants_list>
            </drop_withdraw_reason>
            <drop_withdraw_reason>
              <title>Protocol Violation</title>
              <participants_list>
                <participants group_id="P1" count="1"/>
              </participants_list>
            </drop_withdraw_reason>
          </drop_withdraw_reason_list>
        </period>
      </period_list>
    </participant_flow>

    <baseline>
      <group_list>
        <group group_id="B1">
          <title>Gabapentin</title>
          <description>The dosage of oral solution for subjects aged 3 to 12 years was calculated based on their body weight. The dose was titrated for the first 3 days of the treatment period. Subjects aged 3 to 4 years received gabapentin 10 mg/kg/day on Day 1, 20 mg/kg/day on Day 2 and 40 mg/kg/day from Day 3. Subjects aged 5 to 12 years received gabapentin 10 mg/kg/day on Day 1, 20 mg/kg/day on Day 2 and 25 to 35 mg/kg/day from Day 3. Subjects aged 13 to 15 years received gabapentin 600 mg/day on Day 1, 1200 mg/day on Day 2 and 1200 or 1800 mg/day from Day 3. After Day 3, the dose was adjusted if necessary within the range of maintenance doses. The maximum daily dose was 600 mg for Day 1, 1200 mg for Day 2, and 1800 mg for Day 3 and thereafter.</description>
        </group>
      </group_list>
      <measure_list>
        <measure>
          <title>Number of Participants</title>
          <units>participants</units>
          <param>Number</param>
          <category_list>
            <category>
              <measurement_list>
                <measurement group_id="B1" value="89"/>
              </measurement_list>
            </category>
          </category_list>
        </measure>
        <measure>
          <title>Age, Customized</title>
          <units>Subjects</units>
          <param>Number</param>
          <category_list>
            <category>
              <sub_title>&gt;= 3 years and &lt; 5 years</sub_title>
              <measurement_list>
                <measurement group_id="B1" value="11"/>
              </measurement_list>
            </category>
            <category>
              <sub_title>&gt;= 5 years and &lt; 13 years</sub_title>
              <measurement_list>
                <measurement group_id="B1" value="63"/>
              </measurement_list>
            </category>
            <category>
              <sub_title>&gt;= 13 years and =&lt; 15 years</sub_title>
              <measurement_list>
                <measurement group_id="B1" value="15"/>
              </measurement_list>
            </category>
          </category_list>
        </measure>
        <measure>
          <title>Gender</title>
          <units>Subjects</units>
          <param>Number</param>
          <category_list>
            <category>
              <sub_title>Female</sub_title>
              <measurement_list>
                <measurement group_id="B1" value="40"/>
              </measurement_list>
            </category>
            <category>
              <sub_title>Male</sub_title>
              <measurement_list>
                <measurement group_id="B1" value="49"/>
              </measurement_list>
            </category>
          </category_list>
        </measure>
      </measure_list>
    </baseline>

    <outcome_list>
      <outcome>
        <type>Primary</type>
        <title>Response Ratio of Gabapentin in Japanese Pediatric Patients With Partial Seizures</title>
        <description>The Response Ratio calculated by the following equation was assessed as the primary endpoint: R Ratio = (T−B) / (T+B) where T is seizure frequency per 28 days (i.e., the number of seizures per 28 days) calculated from the total number of seizures for the 12-week treatment period, and B is seizure frequency per 28 days (i.e., the number of seizures per 28 days) calculated from the total number of seizures for the 6-week baseline period.</description>
        <time_frame>12 weeks</time_frame>
        <safety_issue>No</safety_issue>
        <population>Modified intent-to-treat (MITT) population: Subjects who have received the study medication for at least 28 days and in whom the number of epileptic seizures used for efficacy assessment has been counted for at least 28 days in both the baseline and treatment periods.</population>
        <group_list>
          <group group_id="O1">
            <title>Gabapentin</title>
            <description>The dosage of oral solution for subjects aged 3 to 12 years was calculated based on their body weight. The dose was titrated for the first 3 days of the treatment period. Subjects aged 3 to 4 years received gabapentin 10 mg/kg/day on Day 1, 20 mg/kg/day on Day 2 and 40 mg/kg/day from Day 3. Subjects aged 5 to 12 years received gabapentin 10 mg/kg/day on Day 1, 20 mg/kg/day on Day 2 and 25 to 35 mg/kg/day from Day 3. Subjects aged 13 to 15 years received gabapentin 600 mg/day on Day 1, 1200 mg/day on Day 2 and 1200 or 1800 mg/day from Day 3. After Day 3, the dose was adjusted if necessary within the range of maintenance doses. The maximum daily dose was 600 mg for Day 1, 1200 mg for Day 2, and 1800 mg for Day 3 and thereafter.</description>
          </group>
        </group_list>
        <measure_list>
          <measure>
            <title>Number of Participants</title>
            <units>participants</units>
            <param>Number</param>
            <category_list>
              <category>
                <measurement_list>
                  <measurement group_id="O1" value="86"/>
                </measurement_list>
              </category>
            </category_list>
          </measure>
          <measure>
            <title>Response Ratio of Gabapentin in Japanese Pediatric Patients With Partial Seizures</title>
            <description>The Response Ratio calculated by the following equation was assessed as the primary endpoint: R Ratio = (T−B) / (T+B) where T is seizure frequency per 28 days (i.e., the number of seizures per 28 days) calculated from the total number of seizures for the 12-week treatment period, and B is seizure frequency per 28 days (i.e., the number of seizures per 28 days) calculated from the total number of seizures for the 6-week baseline period.</description>
            <units>ratio</units>
            <param>Mean</param>
            <dispersion>95% Confidence Interval</dispersion>
            <category_list>
              <category>
                <measurement_list>
                  <measurement group_id="O1" value="-0.158" lower_limit="-0.221" upper_limit="-0.096"/>
                </measurement_list>
              </category>
            </category_list>
          </measure>
        </measure_list>
      </outcome>
      <outcome>
        <type>Secondary</type>
        <title>Responder Rate</title>
        <description>Responder Rate was defined as the percentage of subjects with a 50% or greater reduction in the seizure frequency per 28 days for the 12-week treatment period in comparison with the frequency per 28 days for the 6-week baseline period.</description>
        <time_frame>12 weeks</time_frame>
        <safety_issue>No</safety_issue>
        <population>Modified intent-to-treat (MITT) population: Subjects who have received the study medication for at least 28 days and in whom the number of epileptic seizures used for efficacy assessment has been counted for at least 28 days in both the baseline and treatment periods.</population>
        <group_list>
          <group group_id="O1">
            <title>Gabapentin</title>
            <description>The dosage of oral solution for subjects aged 3 to 12 years was calculated based on their body weight. The dose was titrated for the first 3 days of the treatment period. Subjects aged 3 to 4 years received gabapentin 10 mg/kg/day on Day 1, 20 mg/kg/day on Day 2 and 40 mg/kg/day from Day 3. Subjects aged 5 to 12 years received gabapentin 10 mg/kg/day on Day 1, 20 mg/kg/day on Day 2 and 25 to 35 mg/kg/day from Day 3. Subjects aged 13 to 15 years received gabapentin 600 mg/day on Day 1, 1200 mg/day on Day 2 and 1200 or 1800 mg/day from Day 3. After Day 3, the dose was adjusted if necessary within the range of maintenance doses. The maximum daily dose was 600 mg for Day 1, 1200 mg for Day 2, and 1800 mg for Day 3 and thereafter.</description>
          </group>
        </group_list>
        <measure_list>
          <measure>
            <title>Number of Participants</title>
            <units>participants</units>
            <param>Number</param>
            <category_list>
              <category>
                <measurement_list>
                  <measurement group_id="O1" value="86"/>
                </measurement_list>
              </category>
            </category_list>
          </measure>
          <measure>
            <title>Responder Rate</title>
            <description>Responder Rate was defined as the percentage of subjects with a 50% or greater reduction in the seizure frequency per 28 days for the 12-week treatment period in comparison with the frequency per 28 days for the 6-week baseline period.</description>
            <units>Percentage of Subjects</units>
            <param>Mean</param>
            <dispersion>95% Confidence Interval</dispersion>
            <category_list>
              <category>
                <measurement_list>
                  <measurement group_id="O1" value="19.8" lower_limit="12.0" upper_limit="29.8"/>
                </measurement_list>
              </category>
            </category_list>
          </measure>
        </measure_list>
      </outcome>
      <outcome>
        <type>Secondary</type>
        <title>Percent Change in Seizure Frequency (PCH)</title>
        <description>PCH calculated by the following equation was assessed as secondary endpoint: PCH = 100 (T−B) / B where T is seizure frequency per 28 days (i.e., the number of seizures per 28 days) calculated from the total number of seizures for the 12-week treatment period, and B is seizure frequency per 28 days (i.e., the number of seizures per 28 days) calculated from the total number of seizures for the 6-week baseline period.</description>
        <time_frame>12 weeks</time_frame>
        <safety_issue>No</safety_issue>
        <population>Modified intent-to-treat (MITT) population: Subjects who have received the study medication for at least 28 days and in whom the number of epileptic seizures used for efficacy assessment has been counted for at least 28 days in both the baseline and treatment periods.</population>
        <group_list>
          <group group_id="O1">
            <title>Gabapentin</title>
            <description>The dosage of oral solution for subjects aged 3 to 12 years was calculated based on their body weight. The dose was titrated for the first 3 days of the treatment period. Subjects aged 3 to 4 years received gabapentin 10 mg/kg/day on Day 1, 20 mg/kg/day on Day 2 and 40 mg/kg/day from Day 3. Subjects aged 5 to 12 years received gabapentin 10 mg/kg/day on Day 1, 20 mg/kg/day on Day 2 and 25 to 35 mg/kg/day from Day 3. Subjects aged 13 to 15 years received gabapentin 600 mg/day on Day 1, 1200 mg/day on Day 2 and 1200 or 1800 mg/day from Day 3. After Day 3, the dose was adjusted if necessary within the range of maintenance doses. The maximum daily dose was 600 mg for Day 1, 1200 mg for Day 2, and 1800 mg for Day 3 and thereafter.</description>
          </group>
        </group_list>
        <measure_list>
          <measure>
            <title>Number of Participants</title>
            <units>participants</units>
            <param>Number</param>
            <category_list>
              <category>
                <measurement_list>
                  <measurement group_id="O1" value="86"/>
                </measurement_list>
              </category>
            </category_list>
          </measure>
          <measure>
            <title>Percent Change in Seizure Frequency (PCH)</title>
            <description>PCH calculated by the following equation was assessed as secondary endpoint: PCH = 100 (T−B) / B where T is seizure frequency per 28 days (i.e., the number of seizures per 28 days) calculated from the total number of seizures for the 12-week treatment period, and B is seizure frequency per 28 days (i.e., the number of seizures per 28 days) calculated from the total number of seizures for the 6-week baseline period.</description>
            <units>Percent Change</units>
            <param>Median</param>
            <dispersion>Full Range</dispersion>
            <category_list>
              <category>
                <measurement_list>
                  <measurement group_id="O1" value="-24.4" lower_limit="-100.0" upper_limit="192.9"/>
                </measurement_list>
              </category>
            </category_list>
          </measure>
        </measure_list>
      </outcome>
    </outcome_list>

    <reported_events>
      <time_frame>12-week treatment period, and 1-week follow-up period</time_frame>
      <desc>The same event may appear as both an AE and a SAE. However, what is presented are distinct events. An event may be categorized as serious in one subject and as nonserious in another subject, or one subject may have experienced both a serious and nonserious event during the study.</desc>
      <group_list>
        <group group_id="E1">
          <title>Gabapentin</title>
          <description>The dosage of oral solution for subjects aged 3 to 12 years was calculated based on their body weight. The dose was titrated for the first 3 days of the treatment period. Subjects aged 3 to 4 years received gabapentin 10 mg/kg/day on Day 1, 20 mg/kg/day on Day 2 and 40 mg/kg/day from Day 3. Subjects aged 5 to 12 years received gabapentin 10 mg/kg/day on Day 1, 20 mg/kg/day on Day 2 and 25 to 35 mg/kg/day from Day 3. Subjects aged 13 to 15 years received gabapentin 600 mg/day on Day 1, 1200 mg/day on Day 2 and 1200 or 1800 mg/day from Day 3. After Day 3, the dose was adjusted if necessary within the range of maintenance doses. The maximum daily dose was 600 mg for Day 1, 1200 mg for Day 2, and 1800 mg for Day 3 and thereafter.</description>
        </group>
      </group_list>
      <serious_events>
        <default_vocab>MedDRA 12.1</default_vocab>
        <default_assessment>Systematic Assessment</default_assessment>
        <category_list>
          <category>
            <title>Total</title>
            <event_list>
              <event>
                <sub_title>Total, serious adverse events</sub_title>
                <counts group_id="E1" subjects_affected="1" subjects_at_risk="89"/>
              </event>
            </event_list>
          </category>
          <category>
            <title>Infections and infestations</title>
            <event_list>
              <event>
                <sub_title>Pharyngitis</sub_title>
                <counts group_id="E1" subjects_affected="1" subjects_at_risk="89"/>
              </event>
            </event_list>
          </category>
        </category_list>
      </serious_events>
      <other_events>
        <frequency_threshold>3</frequency_threshold>
        <default_vocab>MedDRA 12.1</default_vocab>
        <default_assessment>Systematic Assessment</default_assessment>
        <category_list>
          <category>
            <title>Total</title>
            <event_list>
              <event>
                <sub_title>Total, other adverse events</sub_title>
                <counts group_id="E1" subjects_affected="73" subjects_at_risk="89"/>
              </event>
            </event_list>
          </category>
          <category>
            <title>Eye disorders</title>
            <event_list>
              <event>
                <sub_title>Conjunctivitis</sub_title>
                <counts group_id="E1" subjects_affected="3" subjects_at_risk="89"/>
              </event>
            </event_list>
          </category>
          <category>
            <title>Gastrointestinal disorders</title>
            <event_list>
              <event>
                <sub_title>Diarrhoea</sub_title>
                <counts group_id="E1" subjects_affected="6" subjects_at_risk="89"/>
              </event>
              <event>
                <sub_title>Nausea</sub_title>
                <counts group_id="E1" subjects_affected="3" subjects_at_risk="89"/>
              </event>
            </event_list>
          </category>
          <category>
            <title>General disorders</title>
            <event_list>
              <event>
                <sub_title>Pyrexia</sub_title>
                <counts group_id="E1" subjects_affected="5" subjects_at_risk="89"/>
              </event>
            </event_list>
          </category>
          <category>
            <title>Infections and infestations</title>
            <event_list>
              <event>
                <sub_title>Influenza</sub_title>
                <counts group_id="E1" subjects_affected="9" subjects_at_risk="89"/>
              </event>
              <event>
                <sub_title>Nasopharyngitis</sub_title>
                <counts group_id="E1" subjects_affected="24" subjects_at_risk="89"/>
              </event>
              <event>
                <sub_title>Pharyngitis</sub_title>
                <counts group_id="E1" subjects_affected="6" subjects_at_risk="89"/>
              </event>
              <event>
                <sub_title>Rhinitis</sub_title>
                <counts group_id="E1" subjects_affected="3" subjects_at_risk="89"/>
              </event>
              <event>
                <sub_title>Upper respiratory tract infection</sub_title>
                <counts group_id="E1" subjects_affected="4" subjects_at_risk="89"/>
              </event>
            </event_list>
          </category>
          <category>
            <title>Injury, poisoning and procedural complications</title>
            <event_list>
              <event>
                <sub_title>Contusion</sub_title>
                <counts group_id="E1" subjects_affected="6" subjects_at_risk="89"/>
              </event>
              <event>
                <sub_title>Excoriation</sub_title>
                <counts group_id="E1" subjects_affected="3" subjects_at_risk="89"/>
              </event>
              <event>
                <sub_title>Fall</sub_title>
                <counts group_id="E1" subjects_affected="7" subjects_at_risk="89"/>
              </event>
            </event_list>
          </category>
          <category>
            <title>Metabolism and nutrition disorders</title>
            <event_list>
              <event>
                <sub_title>Increased appetite</sub_title>
                <counts group_id="E1" subjects_affected="3" subjects_at_risk="89"/>
              </event>
            </event_list>
          </category>
          <category>
            <title>Nervous system disorders</title>
            <event_list>
              <event>
                <sub_title>Ataxia</sub_title>
                <counts group_id="E1" subjects_affected="3" subjects_at_risk="89"/>
              </event>
              <event>
                <sub_title>Convulsion</sub_title>
                <counts group_id="E1" subjects_affected="3" subjects_at_risk="89"/>
              </event>
              <event>
                <sub_title>Somnolence</sub_title>
                <counts group_id="E1" subjects_affected="35" subjects_at_risk="89"/>
              </event>
            </event_list>
          </category>
          <category>
            <title>Skin and subcutaneous tissue disorders</title>
            <event_list>
              <event>
                <sub_title>Rash</sub_title>
                <counts group_id="E1" subjects_affected="5" subjects_at_risk="89"/>
              </event>
            </event_list>
          </category>
        </category_list>
      </other_events>
    </reported_events>

    <certain_agreements>
      <pi_employee>Principal Investigators are NOT employed by the organization sponsoring the study.</pi_employee>
      <restrictive_agreement>Pfizer has the right to review disclosures, requesting a delay of less than 60 days. Investigator will postpone single center publications until after disclosure of pooled data (all sites), less than 12 months from study completion/termination at all participating sites. Investigator may not disclose previously undisclosed confidential information other than study results.</restrictive_agreement>
    </certain_agreements>
    <point_of_contact>
      <name_or_title>Pfizer ClinicalTrials.gov Call Center</name_or_title>
      <organization>Pfizer, Inc.</organization>
      <phone>1-800-718-1021</phone>
      <email>ClinicalTrials.gov_Inquiries@pfizer.com</email>
    </point_of_contact>
  </clinical_results>
</clinical_study>
