<?xml version="1.0" encoding="UTF-8"?>
<clinical_study rank="323">
  <!-- This xml conforms to an XML Schema at:
    https://clinicaltrials.gov/ct2/html/images/info/public.xsd
 and an XML DTD at:
    https://clinicaltrials.gov/ct2/html/images/info/public.dtd -->
  <required_header>
    <download_date>ClinicalTrials.gov processed this data on December 01, 2015</download_date>
    <link_text>Link to the current ClinicalTrials.gov record.</link_text>
    <url>https://clinicaltrials.gov/show/NCT00162981</url>
  </required_header>
  <id_info>
    <org_study_id>13108A</org_study_id>
    <secondary_id>OV1002</secondary_id>
    <nct_id>NCT00162981</nct_id>
  </id_info>
  <brief_title>Clobazam in Subjects With Lennox-Gastaut Syndrome</brief_title>
  <official_title>Safety and Efficacy of Clobazam in Subjects With Lennox-Gastaut Syndrome</official_title>
  <sponsors>
    <lead_sponsor>
      <agency>Lundbeck LLC</agency>
      <agency_class>Industry</agency_class>
    </lead_sponsor>
  </sponsors>
  <source>Lundbeck LLC</source>
  <oversight_info>
    <authority>United States: Food and Drug Administration</authority>
    <has_dmc>Yes</has_dmc>
  </oversight_info>
  <brief_summary>
    <textblock>
      The purpose of this study is to evaluate the safety and efficacy of clobazam as adjunctive
      therapy in the treatment of seizures which lead to drop attacks (drop seizures) in subjects
      2 to 30 years of age with Lennox-Gastaut Syndrome (LGS). Subjects will be enrolled at
      approximately 10 investigational sites in the U.S. for up to 15 weeks. Subjects will be
      randomly assigned to either a low dose or a high dose. The study will include a baseline
      period, a titration period and a maintenance period. After the maintenance period, subjects
      will either continue into an open-label extension study or enter the taper period with a
      final visit 1 week after the last dose.
    </textblock>
  </brief_summary>
  <detailed_description>
    <textblock>
      LGS poses a significant treatment challenge. While antiepileptic medications are the
      mainstay of treatment, no one antiepileptic drug (AED) provides satisfactory relief for all
      or most patients with LGS and a combination of treatments is often required. Many patients
      with LGS are refractory to standard AED treatment.

      More effective and better tolerated treatment options are needed for this population of
      medically intractable epilepsy patients. Clobazam is unique in that it is the only non-1,
      4-benzodiazepine used in the treatment of epilepsy.
    </textblock>
  </detailed_description>
  <overall_status>Completed</overall_status>
  <start_date>October 2005</start_date>
  <completion_date type="Actual">October 2006</completion_date>
  <primary_completion_date type="Actual">August 2006</primary_completion_date>
  <phase>Phase 2</phase>
  <study_type>Interventional</study_type>
  <study_design>Allocation: Randomized, Endpoint Classification: Efficacy Study, Intervention Model: Parallel Assignment, Masking: Double Blind (Subject, Caregiver, Investigator), Primary Purpose: Treatment</study_design>
  <primary_outcome>
    <measure>Percent Reduction in Number of Drop Seizures.</measure>
    <time_frame>4-week baseline period and 4-week maintenance period</time_frame>
    <safety_issue>No</safety_issue>
    <description>Number of drop seizures (average per week) was obtained from seizure diaries. The average drop in seizures per week for patients who did not complete the maintenance period was calculated based on the time from the beginning of the maintenance period to date of withdrawal.</description>
  </primary_outcome>
  <primary_outcome>
    <measure>A Comparison of the High Dose Group to Low Dose Group of the Percent Reduction in Number of Drop Seizures.</measure>
    <time_frame>4-week baseline period and the 4-week maintenance period</time_frame>
    <safety_issue>No</safety_issue>
    <description>Number of drop seizures (average per week) was obtained from seizure diaries. The average drop in seizures per week for patients who did not complete the maintenance period was calculated based on the time from the beginning of the maintenance period to date of withdrawal.</description>
  </primary_outcome>
  <secondary_outcome>
    <measure>Percent of Patients Considered Treatment Responders Defined as Those With a &gt;= 25%, &gt;= 50%, &gt;= 75%, and 100% Reduction in Drop Seizures.</measure>
    <time_frame>4-week baseline period and 4-week maintenance period</time_frame>
    <safety_issue>No</safety_issue>
    <description>Number of drop seizures (average per week) was obtained from seizure diaries. The average drop in seizures per week for patients who did not complete the maintenance period was calculated based on the time from the beginning of the maintenance period to date of withdrawal.</description>
  </secondary_outcome>
  <secondary_outcome>
    <measure>Parent/Caregiver Global Evaluations of the Patient's Overall Change in Symptoms.</measure>
    <time_frame>Week 3</time_frame>
    <safety_issue>No</safety_issue>
    <description>The parent/caregiver was asked to rate the patient's overall change in symptoms and overall change in seizure activity and Quality of Life since the beginning of clobazam treatment by checking &quot;very much improved&quot;, &quot;much improved&quot;, &quot;minimally improved&quot;, &quot;no change&quot;, &quot;minimally worse&quot;, &quot;much worse&quot;, or &quot;very much worse&quot;.</description>
  </secondary_outcome>
  <secondary_outcome>
    <measure>Parent/Caregiver Global Evaluations of the Patient's Overall Change in Symptoms.</measure>
    <time_frame>Week 7</time_frame>
    <safety_issue>No</safety_issue>
    <description>The parent/caregiver was asked to rate the patient's overall change in symptoms and overall change in seizure activity and Quality of Life since the beginning of clobazam treatment by checking &quot;very much improved&quot;, &quot;much improved&quot;, &quot;minimally improved&quot;, &quot;no change&quot;, &quot;minimally worse&quot;, &quot;much worse&quot;, or &quot;very much worse&quot;.</description>
  </secondary_outcome>
  <number_of_arms>2</number_of_arms>
  <enrollment type="Actual">68</enrollment>
  <condition>Epilepsy</condition>
  <condition>Epilepsy, Generalized</condition>
  <condition>Seizures</condition>
  <arm_group>
    <arm_group_label>Clobazam Low Dose</arm_group_label>
    <arm_group_type>Experimental</arm_group_type>
  </arm_group>
  <arm_group>
    <arm_group_label>Clobazam High Dose</arm_group_label>
    <arm_group_type>Experimental</arm_group_type>
  </arm_group>
  <intervention>
    <intervention_type>Drug</intervention_type>
    <intervention_name>Clobazam Low Dose</intervention_name>
    <description>5 to 10 mg/day with doses in the morning and at bedtime; orally</description>
    <arm_group_label>Clobazam Low Dose</arm_group_label>
    <other_name>Onfi™</other_name>
  </intervention>
  <intervention>
    <intervention_type>Drug</intervention_type>
    <intervention_name>Clobazam High Dose</intervention_name>
    <description>5 to 40 mg/day with doses in the morning and at bedtime; orally</description>
    <arm_group_label>Clobazam High Dose</arm_group_label>
    <other_name>Onfi™</other_name>
  </intervention>
  <eligibility>
    <criteria>
      <textblock>
        Key Inclusion Criteria:

          -  Subject must have been &lt;11 years of age at the onset of LGS

          -  Subject must have LGS

          -  Subject must be on at least 1 stable dose AED

          -  Parent or caregiver must be able to keep an accurate seizure diary

        Key Exclusion Criteria:

          -  Etiology of subject's seizures is a progressive neurologic disease. Subjects with
             tuberous sclerosis will not be excluded from study participation

          -  Subject has had an episode of status epilepticus within 12 weeks of baseline

          -  Subject has had an anoxic episode requiring resuscitation within 1 year of screening

          -  Subject has had a clinically significant history of an allergic reaction or
             significant sensitivity to benzodiazepines

          -  Subject is taking more than 3 concurrent AEDs. Note: Vagal Nerve Stimulation (VNS) or
             ketogenic diet is allowed and each will be counted as one of the three allowed AEDs

          -  If the subject is on the ketogenic diet, has been for less than 4 weeks prior to
             screening or suffers from frequent stooling

          -  If the subject has a VNS, the settings have not been stable for at least 4 weeks
             prior to screening

          -  Subject has taken corticotropins in the 6 months prior to screening

          -  Subject is currently taking long-term systemic steroids (excluding inhaled medication
             for asthma treatment) or any other daily medication known to exacerbate epilepsy. An
             exception will be made of prophylactic medication, for example, for urinary tract
             infections or asthma

          -  If the subject is taking felbamate, has been taking it for less than 1 year prior to
             screening or previous treatment with felbamate resulted in withdrawal due to liver or
             bone marrow adverse events
      </textblock>
    </criteria>
    <gender>Both</gender>
    <minimum_age>2 Years</minimum_age>
    <maximum_age>30 Years</maximum_age>
    <healthy_volunteers>No</healthy_volunteers>
  </eligibility>
  <overall_official>
    <last_name>Email contact via H. Lundbeck A/S</last_name>
    <role>Study Director</role>
    <affiliation>LundbeckClinicalTrials@lundbeck.com</affiliation>
  </overall_official>
  <location>
    <facility>
      <name>Barrow Neurological Institute</name>
      <address>
        <city>Phoenix</city>
        <state>Arizona</state>
        <zip>85013</zip>
        <country>United States</country>
      </address>
    </facility>
  </location>
  <location>
    <facility>
      <name>Childrens Hospital Los Angeles</name>
      <address>
        <city>Los Angeles</city>
        <state>California</state>
        <zip>90027</zip>
        <country>United States</country>
      </address>
    </facility>
  </location>
  <location>
    <facility>
      <name>Children's National Medical Center</name>
      <address>
        <city>Washington</city>
        <state>District of Columbia</state>
        <zip>20010</zip>
        <country>United States</country>
      </address>
    </facility>
  </location>
  <location>
    <facility>
      <name>Pediatric Epilepsy &amp; Neurology Specialists</name>
      <address>
        <city>Tampa</city>
        <state>Florida</state>
        <zip>33609</zip>
        <country>United States</country>
      </address>
    </facility>
  </location>
  <location>
    <facility>
      <name>Childrens Hospital Boston</name>
      <address>
        <city>Boston</city>
        <state>Massachusetts</state>
        <zip>02115</zip>
        <country>United States</country>
      </address>
    </facility>
  </location>
  <location>
    <facility>
      <name>Massachusetts General Hospital</name>
      <address>
        <city>Boston</city>
        <state>Massachusetts</state>
        <zip>02114</zip>
        <country>United States</country>
      </address>
    </facility>
  </location>
  <location>
    <facility>
      <name>Minnesota Epilepsy Group, P.A.</name>
      <address>
        <city>St. Paul</city>
        <state>Minnesota</state>
        <zip>55102</zip>
        <country>United States</country>
      </address>
    </facility>
  </location>
  <location>
    <facility>
      <name>Children's Hospital</name>
      <address>
        <city>Columbus</city>
        <state>Ohio</state>
        <zip>43205</zip>
        <country>United States</country>
      </address>
    </facility>
  </location>
  <location>
    <facility>
      <name>University of Tennessee Health Science Center</name>
      <address>
        <city>Memphis</city>
        <state>Tennessee</state>
        <zip>38105</zip>
        <country>United States</country>
      </address>
    </facility>
  </location>
  <location>
    <facility>
      <name>Dallas Pediatric Neurology Associates</name>
      <address>
        <city>Dallas</city>
        <state>Texas</state>
        <zip>75230</zip>
        <country>United States</country>
      </address>
    </facility>
  </location>
  <location>
    <facility>
      <name>Texas Child Neurology, LLP</name>
      <address>
        <city>Plano</city>
        <state>Texas</state>
        <zip>75075</zip>
        <country>United States</country>
      </address>
    </facility>
  </location>
  <location>
    <facility>
      <name>Monarch Medical Research</name>
      <address>
        <city>Norfolk</city>
        <state>Virginia</state>
        <zip>23510</zip>
        <country>United States</country>
      </address>
    </facility>
  </location>
  <location>
    <facility>
      <name>Virginia Commonwealth University</name>
      <address>
        <city>Richmond</city>
        <state>Virginia</state>
        <zip>23298</zip>
        <country>United States</country>
      </address>
    </facility>
  </location>
  <location>
    <facility>
      <name>Children's Hospital of Wisconsin</name>
      <address>
        <city>Milwaukee</city>
        <state>Wisconsin</state>
        <zip>53201</zip>
        <country>United States</country>
      </address>
    </facility>
  </location>
  <location_countries>
    <country>United States</country>
  </location_countries>
  <reference>
    <citation>Conry JA, Ng YT, Paolicchi JM, Kernitsky L, Mitchell WG, Ritter FJ, Collins SD, Tracy K, Kormany WN, Abdulnabi R, Riley B, Stolle J. Clobazam in the treatment of Lennox-Gastaut syndrome. Epilepsia. 2009 May;50(5):1158-66. doi: 10.1111/j.1528-1167.2008.01935.x. Epub 2008 Dec 15.</citation>
    <PMID>19170737</PMID>
  </reference>
  <verification_date>January 2012</verification_date>
  <lastchanged_date>January 6, 2012</lastchanged_date>
  <firstreceived_date>September 9, 2005</firstreceived_date>
  <firstreceived_results_date>November 7, 2011</firstreceived_results_date>
  <responsible_party>
    <responsible_party_type>Sponsor</responsible_party_type>
  </responsible_party>
  <is_fda_regulated>Yes</is_fda_regulated>
  <is_section_801>Yes</is_section_801>
  <has_expanded_access>No</has_expanded_access>
  <condition_browse>
    <!-- CAUTION:  The following MeSH terms are assigned with an imperfect algorithm  -->
    <mesh_term>Epilepsy</mesh_term>
    <mesh_term>Epilepsy, Generalized</mesh_term>
  </condition_browse>
  <intervention_browse>
    <!-- CAUTION:  The following MeSH terms are assigned with an imperfect algorithm  -->
    <mesh_term>Clobazam</mesh_term>
  </intervention_browse>

  <clinical_results>

    <participant_flow>
      <group_list>
        <group group_id="P1">
          <title>Clobazam Low Dose</title>
          <description>5 to 10 mg/day with doses in the morning and at bedtime; orally</description>
        </group>
        <group group_id="P2">
          <title>Clobazam High Dose</title>
          <description>5 to 40 mg/day with doses in the morning and at bedtime; orally</description>
        </group>
      </group_list>
      <period_list>
        <period>
          <title>Overall Study</title>
          <milestone_list>
            <milestone>
              <title>STARTED</title>
              <participants_list>
                <participants group_id="P1" count="32"/>
                <participants group_id="P2" count="36"/>
              </participants_list>
            </milestone>
            <milestone>
              <title>COMPLETED</title>
              <participants_list>
                <participants group_id="P1" count="28"/>
                <participants group_id="P2" count="30"/>
              </participants_list>
            </milestone>
            <milestone>
              <title>NOT COMPLETED</title>
              <participants_list>
                <participants group_id="P1" count="4"/>
                <participants group_id="P2" count="6"/>
              </participants_list>
            </milestone>
          </milestone_list>
          <drop_withdraw_reason_list>
            <drop_withdraw_reason>
              <title>Adverse Event</title>
              <participants_list>
                <participants group_id="P1" count="2"/>
                <participants group_id="P2" count="5"/>
              </participants_list>
            </drop_withdraw_reason>
            <drop_withdraw_reason>
              <title>Withdrawal by Subject</title>
              <participants_list>
                <participants group_id="P1" count="1"/>
                <participants group_id="P2" count="1"/>
              </participants_list>
            </drop_withdraw_reason>
            <drop_withdraw_reason>
              <title>Physician Decision</title>
              <participants_list>
                <participants group_id="P1" count="1"/>
                <participants group_id="P2" count="0"/>
              </participants_list>
            </drop_withdraw_reason>
          </drop_withdraw_reason_list>
        </period>
      </period_list>
    </participant_flow>

    <baseline>
      <group_list>
        <group group_id="B1">
          <title>Clobazam Low Dose</title>
          <description>5 to 10 mg/day with doses in the morning and at bedtime; orally</description>
        </group>
        <group group_id="B2">
          <title>Clobazam High Dose</title>
          <description>5 to 40 mg/day with doses in the morning and at bedtime; orally</description>
        </group>
        <group group_id="B3">
          <title>Total</title>
          <description>Total of all reporting groups</description>
        </group>
      </group_list>
      <measure_list>
        <measure>
          <title>Number of Participants</title>
          <units>participants</units>
          <param>Number</param>
          <category_list>
            <category>
              <measurement_list>
                <measurement group_id="B1" value="32"/>
                <measurement group_id="B2" value="36"/>
                <measurement group_id="B3" value="68"/>
              </measurement_list>
            </category>
          </category_list>
        </measure>
        <measure>
          <title>Age</title>
          <units>participants</units>
          <param>Number</param>
          <category_list>
            <category>
              <sub_title>&lt;=18 years</sub_title>
              <measurement_list>
                <measurement group_id="B1" value="30"/>
                <measurement group_id="B2" value="33"/>
                <measurement group_id="B3" value="63"/>
              </measurement_list>
            </category>
            <category>
              <sub_title>Between 18 and 65 years</sub_title>
              <measurement_list>
                <measurement group_id="B1" value="2"/>
                <measurement group_id="B2" value="3"/>
                <measurement group_id="B3" value="5"/>
              </measurement_list>
            </category>
            <category>
              <sub_title>&gt;=65 years</sub_title>
              <measurement_list>
                <measurement group_id="B1" value="0"/>
                <measurement group_id="B2" value="0"/>
                <measurement group_id="B3" value="0"/>
              </measurement_list>
            </category>
          </category_list>
        </measure>
        <measure>
          <title>Age</title>
          <units>years</units>
          <param>Mean</param>
          <dispersion>Standard Deviation</dispersion>
          <category_list>
            <category>
              <measurement_list>
                <measurement group_id="B1" value="9.18" spread="5.37"/>
                <measurement group_id="B2" value="8.51" spread="5.14"/>
                <measurement group_id="B3" value="8.82" spread="5.22"/>
              </measurement_list>
            </category>
          </category_list>
        </measure>
        <measure>
          <title>Gender</title>
          <units>participants</units>
          <param>Number</param>
          <category_list>
            <category>
              <sub_title>Female</sub_title>
              <measurement_list>
                <measurement group_id="B1" value="13"/>
                <measurement group_id="B2" value="13"/>
                <measurement group_id="B3" value="26"/>
              </measurement_list>
            </category>
            <category>
              <sub_title>Male</sub_title>
              <measurement_list>
                <measurement group_id="B1" value="19"/>
                <measurement group_id="B2" value="23"/>
                <measurement group_id="B3" value="42"/>
              </measurement_list>
            </category>
          </category_list>
        </measure>
      </measure_list>
    </baseline>

    <outcome_list>
      <outcome>
        <type>Primary</type>
        <title>Percent Reduction in Number of Drop Seizures.</title>
        <description>Number of drop seizures (average per week) was obtained from seizure diaries. The average drop in seizures per week for patients who did not complete the maintenance period was calculated based on the time from the beginning of the maintenance period to date of withdrawal.</description>
        <time_frame>4-week baseline period and 4-week maintenance period</time_frame>
        <safety_issue>No</safety_issue>
        <population>Modified Intention-to-Treat (MITT) populations consist of all randomized patients who received study medication and who have both a baseline and post-baseline measurement and have at least one measurement during the maintenance period.</population>
        <group_list>
          <group group_id="O1">
            <title>Clobazam Low Dose</title>
            <description>5 to 10 mg/day with doses in the morning and at bedtime; orally</description>
          </group>
          <group group_id="O2">
            <title>Clobazam High Dose</title>
            <description>5 to 40 mg/day with doses in the morning and at bedtime; orally</description>
          </group>
        </group_list>
        <measure_list>
          <measure>
            <title>Number of Participants</title>
            <units>participants</units>
            <param>Number</param>
            <category_list>
              <category>
                <measurement_list>
                  <measurement group_id="O1" value="29"/>
                  <measurement group_id="O2" value="32"/>
                </measurement_list>
              </category>
            </category_list>
          </measure>
          <measure>
            <title>Percent Reduction in Number of Drop Seizures.</title>
            <description>Number of drop seizures (average per week) was obtained from seizure diaries. The average drop in seizures per week for patients who did not complete the maintenance period was calculated based on the time from the beginning of the maintenance period to date of withdrawal.</description>
            <units>Percent Reduction</units>
            <param>Mean</param>
            <dispersion>Standard Deviation</dispersion>
            <category_list>
              <category>
                <measurement_list>
                  <measurement group_id="O1" value="10.1" spread="122.3"/>
                  <measurement group_id="O2" value="85.2" spread="17.1"/>
                </measurement_list>
              </category>
            </category_list>
          </measure>
        </measure_list>
        <analysis_list>
          <analysis>
            <group_id_list>
              <group_id>O1</group_id>
            </group_id_list>
            <non_inferiority>No</non_inferiority>
            <p_value>&lt;0.0182</p_value>
            <method>1-sided Wilcoxon signed rank test</method>
            <method_desc>1-sided Wilcoxon signed rank test was used to assess the difference from baseline.</method_desc>
          </analysis>
          <analysis>
            <group_id_list>
              <group_id>O2</group_id>
            </group_id_list>
            <non_inferiority>No</non_inferiority>
            <p_value>0.0001</p_value>
            <p_value_desc>1-sided Wilcoxon signed rank test was used to assess the difference from baseline.</p_value_desc>
            <method>1-sided Wilcoxon signed rank test</method>
          </analysis>
        </analysis_list>
      </outcome>
      <outcome>
        <type>Secondary</type>
        <title>Percent of Patients Considered Treatment Responders Defined as Those With a &gt;= 25%, &gt;= 50%, &gt;= 75%, and 100% Reduction in Drop Seizures.</title>
        <description>Number of drop seizures (average per week) was obtained from seizure diaries. The average drop in seizures per week for patients who did not complete the maintenance period was calculated based on the time from the beginning of the maintenance period to date of withdrawal.</description>
        <time_frame>4-week baseline period and 4-week maintenance period</time_frame>
        <safety_issue>No</safety_issue>
        <group_list>
          <group group_id="O1">
            <title>Clobazam Low Dose</title>
            <description>5 to 10 mg/day with doses in the morning and at bedtime; orally</description>
          </group>
          <group group_id="O2">
            <title>Clobazam High Dose</title>
            <description>5 to 40 mg/day with doses in the morning and at bedtime; orally</description>
          </group>
        </group_list>
        <measure_list>
          <measure>
            <title>Number of Participants</title>
            <units>participants</units>
            <param>Number</param>
            <category_list>
              <category>
                <measurement_list>
                  <measurement group_id="O1" value="32"/>
                  <measurement group_id="O2" value="36"/>
                </measurement_list>
              </category>
            </category_list>
          </measure>
          <measure>
            <title>Percent of Patients Considered Treatment Responders Defined as Those With a &gt;= 25%, &gt;= 50%, &gt;= 75%, and 100% Reduction in Drop Seizures.</title>
            <description>Number of drop seizures (average per week) was obtained from seizure diaries. The average drop in seizures per week for patients who did not complete the maintenance period was calculated based on the time from the beginning of the maintenance period to date of withdrawal.</description>
            <units>Percent of participants</units>
            <param>Number</param>
            <category_list>
              <category>
                <sub_title>≥ 25% reduction</sub_title>
                <measurement_list>
                  <measurement group_id="O1" value="18"/>
                  <measurement group_id="O2" value="32"/>
                </measurement_list>
              </category>
              <category>
                <sub_title>≥ 50% reduction</sub_title>
                <measurement_list>
                  <measurement group_id="O1" value="12"/>
                  <measurement group_id="O2" value="30"/>
                </measurement_list>
              </category>
              <category>
                <sub_title>≥ 75% reduction</sub_title>
                <measurement_list>
                  <measurement group_id="O1" value="7"/>
                  <measurement group_id="O2" value="23"/>
                </measurement_list>
              </category>
              <category>
                <sub_title>100% reduction</sub_title>
                <measurement_list>
                  <measurement group_id="O1" value="2"/>
                  <measurement group_id="O2" value="8"/>
                </measurement_list>
              </category>
            </category_list>
          </measure>
        </measure_list>
      </outcome>
      <outcome>
        <type>Secondary</type>
        <title>Parent/Caregiver Global Evaluations of the Patient's Overall Change in Symptoms.</title>
        <description>The parent/caregiver was asked to rate the patient's overall change in symptoms and overall change in seizure activity and Quality of Life since the beginning of clobazam treatment by checking &quot;very much improved&quot;, &quot;much improved&quot;, &quot;minimally improved&quot;, &quot;no change&quot;, &quot;minimally worse&quot;, &quot;much worse&quot;, or &quot;very much worse&quot;.</description>
        <time_frame>Week 3</time_frame>
        <safety_issue>No</safety_issue>
        <population>MITT population, baseline evaluations compared to Week 3 evaluations.</population>
        <group_list>
          <group group_id="O1">
            <title>Clobazam Low Dose</title>
            <description>5 to 10 mg/day with doses in the morning and at bedtime; orally</description>
          </group>
          <group group_id="O2">
            <title>Clobazam High Dose</title>
            <description>5 to 40 mg/day with doses in the morning and at bedtime; orally</description>
          </group>
        </group_list>
        <measure_list>
          <measure>
            <title>Number of Participants</title>
            <units>participants</units>
            <param>Number</param>
            <category_list>
              <category>
                <measurement_list>
                  <measurement group_id="O1" value="32"/>
                  <measurement group_id="O2" value="36"/>
                </measurement_list>
              </category>
            </category_list>
          </measure>
          <measure>
            <title>Parent/Caregiver Global Evaluations of the Patient's Overall Change in Symptoms.</title>
            <description>The parent/caregiver was asked to rate the patient's overall change in symptoms and overall change in seizure activity and Quality of Life since the beginning of clobazam treatment by checking &quot;very much improved&quot;, &quot;much improved&quot;, &quot;minimally improved&quot;, &quot;no change&quot;, &quot;minimally worse&quot;, &quot;much worse&quot;, or &quot;very much worse&quot;.</description>
            <units>participants</units>
            <param>Number</param>
            <category_list>
              <category>
                <sub_title>Very Much Improved</sub_title>
                <measurement_list>
                  <measurement group_id="O1" value="7"/>
                  <measurement group_id="O2" value="15"/>
                </measurement_list>
              </category>
              <category>
                <sub_title>Much Improved</sub_title>
                <measurement_list>
                  <measurement group_id="O1" value="9"/>
                  <measurement group_id="O2" value="15"/>
                </measurement_list>
              </category>
              <category>
                <sub_title>Minimally Improved</sub_title>
                <measurement_list>
                  <measurement group_id="O1" value="9"/>
                  <measurement group_id="O2" value="1"/>
                </measurement_list>
              </category>
              <category>
                <sub_title>No Change</sub_title>
                <measurement_list>
                  <measurement group_id="O1" value="3"/>
                  <measurement group_id="O2" value="0"/>
                </measurement_list>
              </category>
              <category>
                <sub_title>Minimally Worse</sub_title>
                <measurement_list>
                  <measurement group_id="O1" value="0"/>
                  <measurement group_id="O2" value="1"/>
                </measurement_list>
              </category>
              <category>
                <sub_title>Much Worse</sub_title>
                <measurement_list>
                  <measurement group_id="O1" value="1"/>
                  <measurement group_id="O2" value="0"/>
                </measurement_list>
              </category>
              <category>
                <sub_title>Very Much Worse</sub_title>
                <measurement_list>
                  <measurement group_id="O1" value="0"/>
                  <measurement group_id="O2" value="0"/>
                </measurement_list>
              </category>
            </category_list>
          </measure>
        </measure_list>
      </outcome>
      <outcome>
        <type>Primary</type>
        <title>A Comparison of the High Dose Group to Low Dose Group of the Percent Reduction in Number of Drop Seizures.</title>
        <description>Number of drop seizures (average per week) was obtained from seizure diaries. The average drop in seizures per week for patients who did not complete the maintenance period was calculated based on the time from the beginning of the maintenance period to date of withdrawal.</description>
        <time_frame>4-week baseline period and the 4-week maintenance period</time_frame>
        <safety_issue>No</safety_issue>
        <population>MITT population</population>
        <group_list>
          <group group_id="O1">
            <title>Clobazam Low Dose</title>
            <description>5 to 10 mg/day with doses in the morning and at bedtime; orally</description>
          </group>
          <group group_id="O2">
            <title>Clobazam High Dose</title>
            <description>5 to 40 mg/day with doses in the morning and at bedtime; orally</description>
          </group>
        </group_list>
        <measure_list>
          <measure>
            <title>Number of Participants</title>
            <units>participants</units>
            <param>Number</param>
            <category_list>
              <category>
                <measurement_list>
                  <measurement group_id="O1" value="29"/>
                  <measurement group_id="O2" value="32"/>
                </measurement_list>
              </category>
            </category_list>
          </measure>
          <measure>
            <title>A Comparison of the High Dose Group to Low Dose Group of the Percent Reduction in Number of Drop Seizures.</title>
            <description>Number of drop seizures (average per week) was obtained from seizure diaries. The average drop in seizures per week for patients who did not complete the maintenance period was calculated based on the time from the beginning of the maintenance period to date of withdrawal.</description>
            <units>Percent Reduction</units>
            <param>Median</param>
            <dispersion>Full Range</dispersion>
            <category_list>
              <category>
                <measurement_list>
                  <measurement group_id="O1" value="29" lower_limit="-531" upper_limit="100"/>
                  <measurement group_id="O2" value="93" lower_limit="48" upper_limit="100"/>
                </measurement_list>
              </category>
            </category_list>
          </measure>
        </measure_list>
        <analysis_list>
          <analysis>
            <group_id_list>
              <group_id>O1</group_id>
              <group_id>O2</group_id>
            </group_id_list>
            <non_inferiority>Yes</non_inferiority>
            <non_inferiority_desc>Assuming a standard deviation of 50%, one-tailed significance at 0.05 and a power of 80% to detect a reduction of at least 25% (baseline to final in a within-subjects design), then approximately 27 subjects would have been required in each treatment arm. Assuming a 10% drop-out rate, then approximately 30 subjects per treatment were to be enrolled in the study.</non_inferiority_desc>
            <p_value>&lt;0.0001</p_value>
            <method>1-sided Wilcoxon Rank-Sum Test</method>
            <method_desc>1-sided Wilcoxon Rank-Sum Test was used to compare the high dose group to the low dose group.</method_desc>
          </analysis>
        </analysis_list>
      </outcome>
      <outcome>
        <type>Secondary</type>
        <title>Parent/Caregiver Global Evaluations of the Patient's Overall Change in Symptoms.</title>
        <description>The parent/caregiver was asked to rate the patient's overall change in symptoms and overall change in seizure activity and Quality of Life since the beginning of clobazam treatment by checking &quot;very much improved&quot;, &quot;much improved&quot;, &quot;minimally improved&quot;, &quot;no change&quot;, &quot;minimally worse&quot;, &quot;much worse&quot;, or &quot;very much worse&quot;.</description>
        <time_frame>Week 7</time_frame>
        <safety_issue>No</safety_issue>
        <population>MITT population, baseline evaluations compared to Week 7 evaluations.</population>
        <group_list>
          <group group_id="O1">
            <title>Clobazam Low Dose</title>
            <description>5 to 10 mg/day with doses in the morning and at bedtime; orally</description>
          </group>
          <group group_id="O2">
            <title>Clobazam High Dose</title>
            <description>5 to 40 mg/day with doses in the morning and at bedtime; orally</description>
          </group>
        </group_list>
        <measure_list>
          <measure>
            <title>Number of Participants</title>
            <units>participants</units>
            <param>Number</param>
            <category_list>
              <category>
                <measurement_list>
                  <measurement group_id="O1" value="32"/>
                  <measurement group_id="O2" value="36"/>
                </measurement_list>
              </category>
            </category_list>
          </measure>
          <measure>
            <title>Parent/Caregiver Global Evaluations of the Patient's Overall Change in Symptoms.</title>
            <description>The parent/caregiver was asked to rate the patient's overall change in symptoms and overall change in seizure activity and Quality of Life since the beginning of clobazam treatment by checking &quot;very much improved&quot;, &quot;much improved&quot;, &quot;minimally improved&quot;, &quot;no change&quot;, &quot;minimally worse&quot;, &quot;much worse&quot;, or &quot;very much worse&quot;.</description>
            <units>participants</units>
            <param>Number</param>
            <category_list>
              <category>
                <sub_title>Very Much Improved</sub_title>
                <measurement_list>
                  <measurement group_id="O1" value="6"/>
                  <measurement group_id="O2" value="16"/>
                </measurement_list>
              </category>
              <category>
                <sub_title>Much Improved</sub_title>
                <measurement_list>
                  <measurement group_id="O1" value="6"/>
                  <measurement group_id="O2" value="11"/>
                </measurement_list>
              </category>
              <category>
                <sub_title>Minimally Improved</sub_title>
                <measurement_list>
                  <measurement group_id="O1" value="10"/>
                  <measurement group_id="O2" value="1"/>
                </measurement_list>
              </category>
              <category>
                <sub_title>No Change</sub_title>
                <measurement_list>
                  <measurement group_id="O1" value="5"/>
                  <measurement group_id="O2" value="0"/>
                </measurement_list>
              </category>
              <category>
                <sub_title>Minimally Worse</sub_title>
                <measurement_list>
                  <measurement group_id="O1" value="1"/>
                  <measurement group_id="O2" value="1"/>
                </measurement_list>
              </category>
              <category>
                <sub_title>Much Worse</sub_title>
                <measurement_list>
                  <measurement group_id="O1" value="0"/>
                  <measurement group_id="O2" value="0"/>
                </measurement_list>
              </category>
              <category>
                <sub_title>Very Much Worse</sub_title>
                <measurement_list>
                  <measurement group_id="O1" value="0"/>
                  <measurement group_id="O2" value="0"/>
                </measurement_list>
              </category>
            </category_list>
          </measure>
        </measure_list>
      </outcome>
    </outcome_list>

    <reported_events>
      <time_frame>Up to 15 weeks</time_frame>
      <desc>Adverse Events were assessed by the Investigator at the end of the 4 week Baseline period (Day -1) and at weekly/biweekly visits (Weeks 1, 2, 3, 5, 7, 9 and 11) throughout the study.</desc>
      <group_list>
        <group group_id="E1">
          <title>Clobazam Low Dose</title>
          <description>5 to 10 mg/day with doses in the morning and at bedtime; orally</description>
        </group>
        <group group_id="E2">
          <title>Clobazam High Dose</title>
          <description>5 to 40 mg/day with doses in the morning and at bedtime; orally</description>
        </group>
      </group_list>
      <serious_events>
        <default_vocab>MedDRA (9.0)</default_vocab>
        <default_assessment>Systematic Assessment</default_assessment>
        <category_list>
          <category>
            <title>Total</title>
            <event_list>
              <event>
                <sub_title>Total, serious adverse events</sub_title>
                <counts group_id="E1" subjects_affected="1" subjects_at_risk="32"/>
                <counts group_id="E2" subjects_affected="3" subjects_at_risk="36"/>
              </event>
            </event_list>
          </category>
          <category>
            <title>Gastrointestinal disorders</title>
            <event_list>
              <event>
                <sub_title>Constipation</sub_title>
                <counts group_id="E1" subjects_affected="0" subjects_at_risk="32"/>
                <counts group_id="E2" subjects_affected="1" subjects_at_risk="36"/>
              </event>
            </event_list>
          </category>
          <category>
            <title>General disorders</title>
            <event_list>
              <event>
                <sub_title>Pyrexia</sub_title>
                <counts group_id="E1" subjects_affected="0" subjects_at_risk="32"/>
                <counts group_id="E2" subjects_affected="1" subjects_at_risk="36"/>
              </event>
            </event_list>
          </category>
          <category>
            <title>Respiratory, thoracic and mediastinal disorders</title>
            <event_list>
              <event>
                <sub_title>Aspiration</sub_title>
                <counts group_id="E1" subjects_affected="0" subjects_at_risk="32"/>
                <counts group_id="E2" subjects_affected="1" subjects_at_risk="36"/>
              </event>
              <event>
                <sub_title>Sleep Apnea Syndrome</sub_title>
                <counts group_id="E1" subjects_affected="1" subjects_at_risk="32"/>
                <counts group_id="E2" subjects_affected="0" subjects_at_risk="36"/>
              </event>
              <event>
                <sub_title>Respiratory Distress</sub_title>
                <counts group_id="E1" subjects_affected="0" subjects_at_risk="32"/>
                <counts group_id="E2" subjects_affected="1" subjects_at_risk="36"/>
              </event>
            </event_list>
          </category>
        </category_list>
      </serious_events>
      <other_events>
        <frequency_threshold>5</frequency_threshold>
        <default_vocab>MedDRA (9.0)</default_vocab>
        <default_assessment>Systematic Assessment</default_assessment>
        <category_list>
          <category>
            <title>Total</title>
            <event_list>
              <event>
                <sub_title>Total, other adverse events</sub_title>
                <counts group_id="E1" subjects_affected="27" subjects_at_risk="32"/>
                <counts group_id="E2" subjects_affected="31" subjects_at_risk="36"/>
              </event>
            </event_list>
          </category>
          <category>
            <title>Gastrointestinal disorders</title>
            <event_list>
              <event>
                <sub_title>Constipation</sub_title>
                <counts group_id="E1" subjects_affected="1" subjects_at_risk="32"/>
                <counts group_id="E2" subjects_affected="3" subjects_at_risk="36"/>
              </event>
              <event>
                <sub_title>Salivary hypersecretion</sub_title>
                <counts group_id="E1" subjects_affected="2" subjects_at_risk="32"/>
                <counts group_id="E2" subjects_affected="3" subjects_at_risk="36"/>
              </event>
              <event>
                <sub_title>Toothache</sub_title>
                <counts group_id="E1" subjects_affected="2" subjects_at_risk="32"/>
                <counts group_id="E2" subjects_affected="0" subjects_at_risk="36"/>
              </event>
              <event>
                <sub_title>Vomiting</sub_title>
                <counts group_id="E1" subjects_affected="0" subjects_at_risk="32"/>
                <counts group_id="E2" subjects_affected="2" subjects_at_risk="36"/>
              </event>
            </event_list>
          </category>
          <category>
            <title>General disorders</title>
            <event_list>
              <event>
                <sub_title>Irritability</sub_title>
                <counts group_id="E1" subjects_affected="1" subjects_at_risk="32"/>
                <counts group_id="E2" subjects_affected="2" subjects_at_risk="36"/>
              </event>
              <event>
                <sub_title>Pyrexia</sub_title>
                <counts group_id="E1" subjects_affected="1" subjects_at_risk="32"/>
                <counts group_id="E2" subjects_affected="2" subjects_at_risk="36"/>
              </event>
            </event_list>
          </category>
          <category>
            <title>Infections and infestations</title>
            <event_list>
              <event>
                <sub_title>Gastroenteritis viral</sub_title>
                <counts group_id="E1" subjects_affected="3" subjects_at_risk="32"/>
                <counts group_id="E2" subjects_affected="0" subjects_at_risk="36"/>
              </event>
              <event>
                <sub_title>Nasopharyngitis</sub_title>
                <counts group_id="E1" subjects_affected="0" subjects_at_risk="32"/>
                <counts group_id="E2" subjects_affected="4" subjects_at_risk="36"/>
              </event>
              <event>
                <sub_title>Otitis media</sub_title>
                <counts group_id="E1" subjects_affected="4" subjects_at_risk="32"/>
                <counts group_id="E2" subjects_affected="0" subjects_at_risk="36"/>
              </event>
              <event>
                <sub_title>Pneumonia</sub_title>
                <counts group_id="E1" subjects_affected="0" subjects_at_risk="32"/>
                <counts group_id="E2" subjects_affected="2" subjects_at_risk="36"/>
              </event>
              <event>
                <sub_title>Sinusitis</sub_title>
                <counts group_id="E1" subjects_affected="2" subjects_at_risk="32"/>
                <counts group_id="E2" subjects_affected="2" subjects_at_risk="36"/>
              </event>
              <event>
                <sub_title>Upper respiratory tract infection</sub_title>
                <counts group_id="E1" subjects_affected="3" subjects_at_risk="32"/>
                <counts group_id="E2" subjects_affected="1" subjects_at_risk="36"/>
              </event>
              <event>
                <sub_title>Viral infection</sub_title>
                <counts group_id="E1" subjects_affected="0" subjects_at_risk="32"/>
                <counts group_id="E2" subjects_affected="4" subjects_at_risk="36"/>
              </event>
              <event>
                <sub_title>Viral upper respiratory tract infection</sub_title>
                <counts group_id="E1" subjects_affected="2" subjects_at_risk="32"/>
                <counts group_id="E2" subjects_affected="1" subjects_at_risk="36"/>
              </event>
            </event_list>
          </category>
          <category>
            <title>Injury, poisoning and procedural complications</title>
            <event_list>
              <event>
                <sub_title>Contusion</sub_title>
                <counts group_id="E1" subjects_affected="2" subjects_at_risk="32"/>
                <counts group_id="E2" subjects_affected="0" subjects_at_risk="36"/>
              </event>
              <event>
                <sub_title>Skin laceration</sub_title>
                <counts group_id="E1" subjects_affected="2" subjects_at_risk="32"/>
                <counts group_id="E2" subjects_affected="2" subjects_at_risk="36"/>
              </event>
            </event_list>
          </category>
          <category>
            <title>Nervous system disorders</title>
            <event_list>
              <event>
                <sub_title>Convulsion</sub_title>
                <counts group_id="E1" subjects_affected="3" subjects_at_risk="32"/>
                <counts group_id="E2" subjects_affected="1" subjects_at_risk="36"/>
              </event>
              <event>
                <sub_title>Coordination abnormal</sub_title>
                <counts group_id="E1" subjects_affected="2" subjects_at_risk="32"/>
                <counts group_id="E2" subjects_affected="2" subjects_at_risk="36"/>
              </event>
              <event>
                <sub_title>Lethargy</sub_title>
                <counts group_id="E1" subjects_affected="3" subjects_at_risk="32"/>
                <counts group_id="E2" subjects_affected="4" subjects_at_risk="36"/>
              </event>
              <event>
                <sub_title>Sedation</sub_title>
                <counts group_id="E1" subjects_affected="2" subjects_at_risk="32"/>
                <counts group_id="E2" subjects_affected="3" subjects_at_risk="36"/>
              </event>
              <event>
                <sub_title>Somnolence</sub_title>
                <counts group_id="E1" subjects_affected="4" subjects_at_risk="32"/>
                <counts group_id="E2" subjects_affected="7" subjects_at_risk="36"/>
              </event>
            </event_list>
          </category>
          <category>
            <title>Psychiatric disorders</title>
            <event_list>
              <event>
                <sub_title>Abnormal Behavior</sub_title>
                <counts group_id="E1" subjects_affected="0" subjects_at_risk="32"/>
                <counts group_id="E2" subjects_affected="2" subjects_at_risk="36"/>
              </event>
              <event>
                <sub_title>Aggression</sub_title>
                <counts group_id="E1" subjects_affected="2" subjects_at_risk="32"/>
                <counts group_id="E2" subjects_affected="3" subjects_at_risk="36"/>
              </event>
              <event>
                <sub_title>Hypomania</sub_title>
                <counts group_id="E1" subjects_affected="1" subjects_at_risk="32"/>
                <counts group_id="E2" subjects_affected="3" subjects_at_risk="36"/>
              </event>
              <event>
                <sub_title>Insomnia</sub_title>
                <counts group_id="E1" subjects_affected="1" subjects_at_risk="32"/>
                <counts group_id="E2" subjects_affected="3" subjects_at_risk="36"/>
              </event>
              <event>
                <sub_title>Affect lability</sub_title>
                <counts group_id="E1" subjects_affected="2" subjects_at_risk="32"/>
                <counts group_id="E2" subjects_affected="0" subjects_at_risk="36"/>
              </event>
            </event_list>
          </category>
        </category_list>
      </other_events>
    </reported_events>

    <certain_agreements>
      <pi_employee>Principal Investigators are NOT employed by the organization sponsoring the study.</pi_employee>
      <restrictive_agreement>Principal Investigator agrees to delete, at Sponsor’s request, from any proposed Public Presentation any information or material that Sponsor deems confidential or proprietary.</restrictive_agreement>
    </certain_agreements>
    <point_of_contact>
      <name_or_title>Email contact via H. Lundbeck A/S</name_or_title>
      <organization>Lundbeck LLC</organization>
      <email>LundbeckClinicalTrials@lundbeck.com</email>
    </point_of_contact>
  </clinical_results>
</clinical_study>
