<?xml version="1.0" encoding="UTF-8"?>
<clinical_study rank="114">
  <!-- This xml conforms to an XML Schema at:
    https://clinicaltrials.gov/ct2/html/images/info/public.xsd
 and an XML DTD at:
    https://clinicaltrials.gov/ct2/html/images/info/public.dtd -->
  <required_header>
    <download_date>ClinicalTrials.gov processed this data on December 01, 2015</download_date>
    <link_text>Link to the current ClinicalTrials.gov record.</link_text>
    <url>https://clinicaltrials.gov/show/NCT00465517</url>
  </required_header>
  <id_info>
    <org_study_id>1042-0600</org_study_id>
    <secondary_id>V 1.3</secondary_id>
    <nct_id>NCT00465517</nct_id>
  </id_info>
  <brief_title>A Randomized, Controlled Trial of Ganaxolone in Adult Uncontrolled Partial-Onset Seizures</brief_title>
  <official_title>A Double-blind, Randomized, Placebo-controlled Study to Evaluate the Safety, Tolerability, and Efficacy of Ganaxolone as add-on Therapy in Adult Subjects With Epilepsy Consisting of Uncontrolled Partial-onset Seizures.</official_title>
  <sponsors>
    <lead_sponsor>
      <agency>Marinus Pharmaceuticals</agency>
      <agency_class>Industry</agency_class>
    </lead_sponsor>
  </sponsors>
  <source>Marinus Pharmaceuticals</source>
  <oversight_info>
    <authority>United States: Food and Drug Administration</authority>
    <has_dmc>No</has_dmc>
  </oversight_info>
  <brief_summary>
    <textblock>
      The study will evaluate the effectiveness and safety of an investigational drug-ganaxolone -
      on partial seizure frequency in adults with epilepsy taking a maximum of 3 antiepileptic
      medications (AEDs). The study will also evaluate the effectiveness of ganaxolone in females
      with catamenial epilepsy.

      Catamenial epilepsy refers to a relationship between seizure frequency and a woman's
      menstrual cycle, where the number of seizures increases around the time of a woman's
      menstrual cycle.
    </textblock>
  </brief_summary>
  <detailed_description>
    <textblock>
      Subjects will undergo

        -  8-week baseline seizure period

        -  Randomization to ganaxolone or placebo

        -  Dose titrate for 2 weeks followed by 8 weeks of maintenance.

        -  Eligible subjects will be offered participation in the open-label extension study.

        -  Those not entering open-label will undergo a 6-week dose de-escalation to gradually
           taper ganaxolone.
    </textblock>
  </detailed_description>
  <overall_status>Completed</overall_status>
  <start_date>February 2007</start_date>
  <completion_date type="Actual">November 2008</completion_date>
  <primary_completion_date type="Actual">October 2008</primary_completion_date>
  <phase>Phase 2</phase>
  <study_type>Interventional</study_type>
  <study_design>Allocation: Randomized, Endpoint Classification: Safety/Efficacy Study, Intervention Model: Parallel Assignment, Masking: Double Blind (Subject, Caregiver, Investigator, Outcomes Assessor), Primary Purpose: Treatment</study_design>
  <primary_outcome>
    <measure>Weekly seizure frequency, analyzed as mean weekly log-transformed seizure frequency [including POS with or without secondary generalization, but not non-motor SPS] during the Maintenance Phase (Weeks 3 to 10).</measure>
    <time_frame>10-16 weeks</time_frame>
    <safety_issue>No</safety_issue>
  </primary_outcome>
  <secondary_outcome>
    <measure>Change and percent change of mean weekly seizure frequency from baseline</measure>
    <time_frame>10-16 weeks</time_frame>
    <safety_issue>No</safety_issue>
  </secondary_outcome>
  <secondary_outcome>
    <measure>Change and percent change of weekly seizure frequency from baseline for each week after dosing</measure>
    <time_frame>10-16 weeks</time_frame>
    <safety_issue>No</safety_issue>
  </secondary_outcome>
  <secondary_outcome>
    <measure>Responder rate. Responders are defined as patients experiencing ≥50% of reduction in mean weekly seizure frequency during the maintenance period from the baseline</measure>
    <time_frame>10-16weeks</time_frame>
    <safety_issue>No</safety_issue>
  </secondary_outcome>
  <secondary_outcome>
    <measure>Number of seizure-free days</measure>
    <time_frame>10-16 weeks</time_frame>
    <safety_issue>No</safety_issue>
  </secondary_outcome>
  <secondary_outcome>
    <measure>Number of seizure-free subjects and seizure-free rate</measure>
    <time_frame>10-16 weeks</time_frame>
    <safety_issue>No</safety_issue>
  </secondary_outcome>
  <secondary_outcome>
    <measure>The weekly seizure frequencies, changes, and percent changes from baseline for each seizure subtype: POS with or without secondary generalization, but not non-motor SPS</measure>
    <time_frame>10-16 weeks</time_frame>
    <safety_issue>No</safety_issue>
  </secondary_outcome>
  <secondary_outcome>
    <measure>Seizure severity questionnaires and quality of life surveys changes</measure>
    <time_frame>10 weeks</time_frame>
    <safety_issue>No</safety_issue>
  </secondary_outcome>
  <secondary_outcome>
    <measure>Change in rate of seizures in catamenial epilepsy</measure>
    <time_frame>10-16 weeks</time_frame>
    <safety_issue>No</safety_issue>
  </secondary_outcome>
  <secondary_outcome>
    <measure>Weekly seizure frequency for each week after dosing.</measure>
    <time_frame>10-16 weeks</time_frame>
    <safety_issue>No</safety_issue>
  </secondary_outcome>
  <number_of_arms>2</number_of_arms>
  <enrollment type="Actual">147</enrollment>
  <condition>Partial Epilepsy</condition>
  <condition>Catamenial Epilepsy</condition>
  <arm_group>
    <arm_group_label>ganaxolone</arm_group_label>
    <arm_group_type>Experimental</arm_group_type>
  </arm_group>
  <arm_group>
    <arm_group_label>non-active drug</arm_group_label>
    <arm_group_type>Placebo Comparator</arm_group_type>
  </arm_group>
  <intervention>
    <intervention_type>Drug</intervention_type>
    <intervention_name>Ganaxolone</intervention_name>
    <description>Oral suspension 200-500 mg 3x/day</description>
    <arm_group_label>ganaxolone</arm_group_label>
    <arm_group_label>non-active drug</arm_group_label>
  </intervention>
  <eligibility>
    <criteria>
      <textblock>
        INCLUSION CRITERIA:

          -  Diagnosis of epilepsy with POS with or without secondary generalized seizures
             according to the International League Against Epilepsy [ILAE] Classification of
             Epileptic Seizures (1981). Diagnosis should have been established by clinical history
             and CT or MRI of the brain to rule out progressive structural lesions and EEG with
             results consistent with partial-onset epilepsy.

          -  During the 8 week baseline period preceding randomization visit (Visit 4), subjects
             should have a documented seizure frequency of ≥ 3CPS per 4 weeks on average.

          -  Subjects should not be seizure free for more than 28 consecutive days during
             treatment with a stable dose of AEDs [Note: Subjects with historically sufficiently
             high seizure frequency who fall short 1 seizure in any 4 weeks period or with a
             seizure-free period &gt; 28 consecutive days may be allowed to enter the study after
             discussion with the Medical Monitor. Prolongation of the screening period for
             questionable cases may also be allowed by the Medical Monitor.]

          -  Treatment with a stable dose of up to 3 (FDA approved) current AEDs for 1 month prior
             to screening.

          -  Maintenance of current AEDs without a change in dosing for the duration of study.

               -  Concomitant vigabatrin not permitted;

               -  Felbamate is allowed if the subject has been on felbamate for at least 18 months
                  and has stable laboratory tests) for the course of the study. [Note: A shorter
                  period for stable laboratory results may be allowed by the Medical Monitor,
                  depending on the extent of dose change and the half-life of the AED.]

               -  Subjects receiving treatment with a vagal nerve stimulator (VNS) may be included
                  as long as the VNS has been in place for at least 12 months prior to entry into
                  the study, the VNS battery is not due for replacement during 0600 subject
                  participation, and stimulation parameters have been kept constant for 1 month
                  prior to screening. VNS will be counted as 1 of the 3 concomitant AEDs.

          -  Male or female, 18 to 69 years of age (inclusive). [Note: Subjects who are &gt; 69 years
             of age but are of good health condition may be allowed to enter the study after
             discussion with and approval by the Medical Monitor.]

          -  A 12-lead electrocardiogram (ECG) w/o clinically significant abnormalities.

          -  Be properly informed of the nature and risks of the study and give informed consent
             in writing, prior to entering the study.

          -  Able to participate for the full term of study.

          -  Able to keep a seizure &amp; medication diary throughout the course of the study.

          -  Sexually active women of childbearing potential (WCBP) must be using a medically
             acceptable method of birth control and have a negative qualitative β-human chorionic
             growth hormone (β-HCG) pregnancy test result from a urine sample collected at the
             initial screening visit. A woman of childbearing potential is defined as a female who
             is biologically capable of becoming pregnant. A medically acceptable method of birth
             control includes intrauterine devices in place for at least 3 months, surgical
             sterilization, or adequate barrier methods (e.g., diaphragm and foam). An oral
             contraceptive alone is not considered adequate for the purpose of this study. Use of
             oral contraceptives in combination with another method (eg, a spermicidal cream) is
             acceptable.in subjects who are not sexually active, abstinence is an acceptable form
             of birth control and serum β-HCG must be tested per protocol.

          -  Subjects with a history of depression who are stable an dmay be taking 1
             anti-depressant medication.

        EXCLUSION CRITERIA:

          -  Presence of non-motor simple partial seizures only.

          -  History of pseudoseizures in the last 5 years.

          -  History of a primary generalized seizure in the last 5 years.

          -  Past use of vigabatrin without stable visual fields tested twice over the 12 months
             after the last dose of vigabatrin (Concomitant use of vigabatrin is not allowed).

          -  Seizures secondary to illicit drug or alcohol use, infection, neoplasia,
             demyelinating disease, degenerative neurological disease, or CNS disease deemed
             progressive, metabolic illness, or progressive degenerative disease.

          -  Status epilepticus within the last year prior to randomization.

          -  Clinically unstable psychiatric disorder within the last 2 years.

          -  Suicidal attempt within the last 5 years or current significant suicidal ideation.

          -  History of psychosis within the last 5 years. [Note: Subjects who suffered a
             psychosis that can well be explained by exogenous factors may be allowed to enter the
             study after discussion with and approval by the Medical Monitor.]

          -  Current use of neuroleptics for psychosis.

          -  A significant medical or surgical condition at screening which might compromise the
             hematologic, cardiovascular, pulmonary, renal, gastrointestinal, or hepatic systems
             or other conditions that would place the subject at increased risk.

          -  Known sensitivity or allergy to progesterone or related steroid compounds.

          -  History of drug use or alcohol abuse within the past 5 years.

          -  Sexually active WCBP who are unwilling to use a double-barrier method and establish
             that they are currently not pregnant by submitting to a pregnancy test.

          -  Females who are currently breastfeeding.

          -  history of chronic noncompliance with drug regimens.

          -  Exposure to any other investigational drug or device within 30 days prior to
             screening.

          -  Alanine transferase (ALT; SGPT) or Aspartate transferase (AST; SGOT) levels &gt; 3 times
             upper limits of normal (ULN) at screening.

          -  Benzodiazepines may be used intermittently for the control of seizure clustering as a
             one time rescue up to a maximum of 4 occasions as follows:

               -  Subjects who need benzodiazepines for control of seizures more than once per
                  month or more than 4 times total during the Titration and Maintenance Phases
                  will be discontinued.

               -  Once during the Titration Phase

               -  No more than once per month during the Maintenance Phase

               -  Each occasion may be a period of 24 hours, during which up to 3 doses of
                  benzodiazepine may be used.

               -  If a subject is taking a benzodiazepine chronically for epilepsy and
                  non-epilepsy conditions, it will be counted as 1 of the 3 AEDs and the dose
                  cannot be changed during the study.

          -  Subject has history of repetitive seizures within the 12-month period preceding study
             entry where the individual seizures cannot be counted.

          -  Inability to withhold grapefruit and grapefruit juice from diet for the entire
             clinical trial.
      </textblock>
    </criteria>
    <gender>Both</gender>
    <minimum_age>18 Years</minimum_age>
    <maximum_age>69 Years</maximum_age>
    <healthy_volunteers>No</healthy_volunteers>
  </eligibility>
  <location>
    <facility>
      <name>University of Alabama</name>
      <address>
        <city>Birmingham</city>
        <state>Alabama</state>
        <zip>35294-0021</zip>
        <country>United States</country>
      </address>
    </facility>
  </location>
  <location>
    <facility>
      <name>Barrow Neurological Institute</name>
      <address>
        <city>Phoenix</city>
        <state>Arizona</state>
        <zip>85013</zip>
        <country>United States</country>
      </address>
    </facility>
  </location>
  <location>
    <facility>
      <name>Arkansas Epilepsy Program</name>
      <address>
        <city>Little Rock</city>
        <state>Arkansas</state>
        <zip>72205</zip>
        <country>United States</country>
      </address>
    </facility>
  </location>
  <location>
    <facility>
      <name>University of Southern California Adult Comprehensive Epilepsy Center</name>
      <address>
        <city>Los Angeles</city>
        <state>California</state>
        <zip>90033</zip>
        <country>United States</country>
      </address>
    </facility>
  </location>
  <location>
    <facility>
      <name>University of California-Davis</name>
      <address>
        <city>Sacramento</city>
        <state>California</state>
        <zip>95817</zip>
        <country>United States</country>
      </address>
    </facility>
  </location>
  <location>
    <facility>
      <name>Anchutz Outpatient Pavillion Neurosciences Clinic/ University of Colorado Hospital</name>
      <address>
        <city>Aurora</city>
        <state>Colorado</state>
        <zip>80010-0045</zip>
        <country>United States</country>
      </address>
    </facility>
  </location>
  <location>
    <facility>
      <name>Yale University School of Medicine</name>
      <address>
        <city>New Haven</city>
        <state>Connecticut</state>
        <zip>06520</zip>
        <country>United States</country>
      </address>
    </facility>
  </location>
  <location>
    <facility>
      <name>University of Florida McKnight Brain Institute</name>
      <address>
        <city>Gainesville</city>
        <state>Florida</state>
        <zip>32610-0236</zip>
        <country>United States</country>
      </address>
    </facility>
  </location>
  <location>
    <facility>
      <name>Intercoastal Medicine</name>
      <address>
        <city>Sarasota</city>
        <state>Florida</state>
        <zip>34232</zip>
        <country>United States</country>
      </address>
    </facility>
  </location>
  <location>
    <facility>
      <name>Emory HealthCare</name>
      <address>
        <city>Atlanta</city>
        <state>Georgia</state>
        <zip>30322</zip>
        <country>United States</country>
      </address>
    </facility>
  </location>
  <location>
    <facility>
      <name>Southern Illinois University Medical Center</name>
      <address>
        <city>Springfield</city>
        <state>Illinois</state>
        <zip>62702</zip>
        <country>United States</country>
      </address>
    </facility>
  </location>
  <location>
    <facility>
      <name>University of Iowa Hospitals and Clinics</name>
      <address>
        <city>Iowa City</city>
        <state>Iowa</state>
        <zip>52242</zip>
        <country>United States</country>
      </address>
    </facility>
  </location>
  <location>
    <facility>
      <name>University of Kentucky, Dept. of Neurology</name>
      <address>
        <city>Lexington</city>
        <state>Kentucky</state>
        <zip>40536</zip>
        <country>United States</country>
      </address>
    </facility>
  </location>
  <location>
    <facility>
      <name>Mid-Atlantic Epilepsy and Sleep Center</name>
      <address>
        <city>Bethesda</city>
        <state>Maryland</state>
        <zip>20817</zip>
        <country>United States</country>
      </address>
    </facility>
  </location>
  <location>
    <facility>
      <name>2799 West Grand blvd. CFP 071</name>
      <address>
        <city>Detroit</city>
        <state>Michigan</state>
        <zip>48202</zip>
        <country>United States</country>
      </address>
    </facility>
  </location>
  <location>
    <facility>
      <name>Minnesota Epilepsy Group, PA</name>
      <address>
        <city>St. Paul</city>
        <state>Minnesota</state>
        <zip>55102-2383</zip>
        <country>United States</country>
      </address>
    </facility>
  </location>
  <location>
    <facility>
      <name>Comprehensive Epilepsy Care Center for Children and Adults</name>
      <address>
        <city>Chesterfield</city>
        <state>Missouri</state>
        <zip>63017</zip>
        <country>United States</country>
      </address>
    </facility>
  </location>
  <location>
    <facility>
      <name>Overlook Hospital and Hackensack Medical Center</name>
      <address>
        <city>Hackensack</city>
        <state>New Jersey</state>
        <zip>07601</zip>
        <country>United States</country>
      </address>
    </facility>
  </location>
  <location>
    <facility>
      <name>Neurosciences Institute at Albany Medical Center</name>
      <address>
        <city>Albany</city>
        <state>New York</state>
        <zip>12208</zip>
        <country>United States</country>
      </address>
    </facility>
  </location>
  <location>
    <facility>
      <name>SUNY Upstate Medical University</name>
      <address>
        <city>Syracuse</city>
        <state>New York</state>
        <zip>13210</zip>
        <country>United States</country>
      </address>
    </facility>
  </location>
  <location>
    <facility>
      <name>Ohio State University Medical Center</name>
      <address>
        <city>Columbus</city>
        <state>Ohio</state>
        <zip>43210</zip>
        <country>United States</country>
      </address>
    </facility>
  </location>
  <location>
    <facility>
      <name>Riddle Health Care Center for Neuroscience</name>
      <address>
        <city>Media</city>
        <state>Pennsylvania</state>
        <zip>19063</zip>
        <country>United States</country>
      </address>
    </facility>
  </location>
  <location>
    <facility>
      <name>Drexel University / Hahneman Hospital</name>
      <address>
        <city>Philadelphia</city>
        <state>Pennsylvania</state>
        <zip>19102</zip>
        <country>United States</country>
      </address>
    </facility>
  </location>
  <location>
    <facility>
      <name>Thomas Jefferson University</name>
      <address>
        <city>Philadelphia</city>
        <state>Pennsylvania</state>
        <zip>19107</zip>
        <country>United States</country>
      </address>
    </facility>
  </location>
  <location>
    <facility>
      <name>Vanderbilt University Medical Ctr</name>
      <address>
        <city>Nashville</city>
        <state>Tennessee</state>
        <zip>37232</zip>
        <country>United States</country>
      </address>
    </facility>
  </location>
  <location>
    <facility>
      <name>Neurological Clinic of Texas, P.A.</name>
      <address>
        <city>Dallas</city>
        <state>Texas</state>
        <zip>75230</zip>
        <country>United States</country>
      </address>
    </facility>
  </location>
  <location>
    <facility>
      <name>Virginia Commonwealth University</name>
      <address>
        <city>Richmond</city>
        <state>Virginia</state>
        <zip>23298</zip>
        <country>United States</country>
      </address>
    </facility>
  </location>
  <location_countries>
    <country>United States</country>
  </location_countries>
  <link>
    <url>http://www.marinuspharma.com/ganaxolone.html</url>
    <description>information about ganaxolone</description>
  </link>
  <verification_date>October 2009</verification_date>
  <lastchanged_date>October 28, 2009</lastchanged_date>
  <firstreceived_date>April 24, 2007</firstreceived_date>
  <responsible_party>
    <name_title>Julia Tsai/ Director Clinical Operations</name_title>
    <organization>Marinus Pharmaceutical, Inc</organization>
  </responsible_party>
  <keyword>Partial onset seizures</keyword>
  <keyword>Complex-partial seizures</keyword>
  <keyword>Anticonvulsant</keyword>
  <keyword>Partial seizures</keyword>
  <keyword>Catamenial epilepsy</keyword>
  <is_fda_regulated>Yes</is_fda_regulated>
  <is_section_801>Yes</is_section_801>
  <has_expanded_access>No</has_expanded_access>
  <condition_browse>
    <!-- CAUTION:  The following MeSH terms are assigned with an imperfect algorithm  -->
    <mesh_term>Epilepsies, Partial</mesh_term>
    <mesh_term>Epilepsy</mesh_term>
  </condition_browse>
  <!-- Results have not yet been posted for this study                                -->
</clinical_study>
