<?xml version="1.0" encoding="UTF-8"?>
<clinical_study rank="351">
  <!-- This xml conforms to an XML Schema at:
    https://clinicaltrials.gov/ct2/html/images/info/public.xsd
 and an XML DTD at:
    https://clinicaltrials.gov/ct2/html/images/info/public.dtd -->
  <required_header>
    <download_date>ClinicalTrials.gov processed this data on November 27, 2015</download_date>
    <link_text>Link to the current ClinicalTrials.gov record.</link_text>
    <url>https://clinicaltrials.gov/show/NCT00210652</url>
  </required_header>
  <id_info>
    <org_study_id>CR004147</org_study_id>
    <nct_id>NCT00210652</nct_id>
  </id_info>
  <brief_title>An Open-Label Extension Study to Evaluate the Safety and Effectiveness of RWJ 333369 in Patients With Epilepsy</brief_title>
  <official_title>A Double-Blind, Placebo-Controlled, Dose-Titration Study to Determine Safety, Tolerability and Preliminary Efficacy of RWJ-333369 as Adjunctive Therapy in Subjects With Treatment-Resistant Partial Seizures (With or Without Secondary Generalization) or Primarily Generalized Tonic-Clonic Seizures</official_title>
  <sponsors>
    <lead_sponsor>
      <agency>SK Life Science</agency>
      <agency_class>Industry</agency_class>
    </lead_sponsor>
  </sponsors>
  <source>SK Life Science</source>
  <oversight_info>
    <authority>United States: Food and Drug Administration</authority>
  </oversight_info>
  <brief_summary>
    <textblock>
      The purpose of this study is to evaluate the safety and preliminary effectiveness of the
      novel compound RWJ-333369 in patients with partial onset seizures who are currently being
      treated with 1 or 2 concomitant antiepileptic drugs.
    </textblock>
  </brief_summary>
  <detailed_description>
    <textblock>
      333369EPY2002 is the open-label extension study that follows the double-blind study
      333369EPY2001. In an open label study such as 333369EPY2002, both the physician and the
      patient know the name of the assigned study medication. In a double blind study such as
      333369EPY2001, neither the physician nor the patient knows the name of the assigned study
      medication. Patients who complete the double-blind treatment phase of study 333369EPY2001
      will be eligible to enter the open-label extension study during which patients will
      transition through a blinded period to an open-label period with carisbamate (also referred
      to as RWJ-333369). RWJ-333369 is a new chemical compound with anticonvulsant activity that
      is currently under investigation as a treatment for epilepsy. Patients electing to enter the
      open-label extension phase will be supplied with both open-label carisbamate (RWJ-333369)
      and blinded study medication for the transition phase. During this transition phase (up to
      21 days in length), the patient's dose of double-blind study drug will be gradually reduced
      and stopped and treatment with open-label RWJ-333369 will be started. Throughout the
      remainder of the open label extension phase, investigators will be allowed to make further
      adjustments of the dosage and schedule of carisbamate, including independent adjustment of
      the morning and evening doses, but a dosage of 1,200 mg/day may not be exceeded and
      increases in dosage must be in increments of no more than 200 mg/day. Patients who, in the
      judgment of the investigator, continue to benefit from treatment with RWJ-333369 may
      continue to receive the drug with follow up clinic visits every 3 months until RWJ 333369 is
      available by prescription or the program is terminated by the sponsor. Initial dose
      RWJ-333369 is 1 capsule (250 milligram (mg) taken twice daily. Dosage may be changed at
      weekly intervals. The maximum permitted dose will be 4 capsules (1000 mg), twice daily
      during dose titration. Double blind-treatment duration is up to 71 days with the option to
      continue treatment in an open-label study. Maximum dose in open-label study is 1200 mg/day
    </textblock>
  </detailed_description>
  <overall_status>Completed</overall_status>
  <start_date>July 2004</start_date>
  <completion_date type="Actual">March 2010</completion_date>
  <primary_completion_date type="Actual">March 2010</primary_completion_date>
  <phase>Phase 2</phase>
  <study_type>Interventional</study_type>
  <study_design>Allocation: Non-Randomized, Endpoint Classification: Safety/Efficacy Study, Intervention Model: Single Group Assignment, Masking: Open Label, Primary Purpose: Treatment</study_design>
  <primary_outcome>
    <measure>Adverse events as a measure of safety and tolerability</measure>
    <time_frame>At followup visits every 3 months up to the time RWJ-333369 is available by prescription or study is terminated by sponsor</time_frame>
    <safety_issue>No</safety_issue>
  </primary_outcome>
  <secondary_outcome>
    <measure>Seizure counts</measure>
    <time_frame>Up to 3 months</time_frame>
    <safety_issue>No</safety_issue>
  </secondary_outcome>
  <number_of_arms>1</number_of_arms>
  <enrollment type="Actual">47</enrollment>
  <condition>Epilepsy</condition>
  <condition>Epilepsies, Partial</condition>
  <arm_group>
    <arm_group_label>001</arm_group_label>
    <arm_group_type>Experimental</arm_group_type>
    <description>RWJ 333369: Open-Label Extension: One 250mg tablet twice daily up to a total of 1200mg/day up until RWJ-33369 is available by prescription or study is terminated by sponsor</description>
  </arm_group>
  <intervention>
    <intervention_type>Drug</intervention_type>
    <intervention_name>RWJ 333369:</intervention_name>
    <description>Open-Label Extension: One 250mg tablet twice daily up to a total of 1200mg/day up until RWJ-33369 is available by prescription or study is terminated by sponsor</description>
    <arm_group_label>001</arm_group_label>
  </intervention>
  <eligibility>
    <criteria>
      <textblock>
        Inclusion Criteria:

          -  In order to enter the open label extension, the patient must have completed Study
             333369EPY-2001.

        Exclusion Criteria:

          -  Patients who have seizures that cannot be quantitated accurately

          -  patients with a history of nonepileptic seizures, serious systemic disease,
             progressive neurologic disorder, a major psychiatric disorder, status epilepticus in
             the past 3 months, vagal nerve stimulation discontinuation within the past 3 months

          -  patients with a history of drug or alcohol abuse within the past 2 years

          -  patients currently taking felbamate, vigabatrin, or tricyclic antidepressants

          -  and female patients who are pregnant or nursing.
      </textblock>
    </criteria>
    <gender>Both</gender>
    <minimum_age>17 Years</minimum_age>
    <maximum_age>N/A</maximum_age>
    <healthy_volunteers>No</healthy_volunteers>
  </eligibility>
  <overall_official>
    <last_name>Johnson &amp; Johnson Pharmaceutical Research &amp; Development, L.L. C. Clinical Trial</last_name>
    <role>Study Director</role>
    <affiliation>Johnson &amp; Johnson Pharmaceutical Research &amp; Development, L.L.C.</affiliation>
  </overall_official>
  <removed_countries>
    <country>United States</country>
  </removed_countries>
  <verification_date>January 2013</verification_date>
  <lastchanged_date>January 15, 2013</lastchanged_date>
  <firstreceived_date>September 13, 2005</firstreceived_date>
  <responsible_party>
    <responsible_party_type>Sponsor</responsible_party_type>
  </responsible_party>
  <keyword>Epilepsy</keyword>
  <keyword>Refractory partial epilepsy</keyword>
  <keyword>seizure disorder</keyword>
  <keyword>antiepileptic drugs</keyword>
  <is_fda_regulated>Yes</is_fda_regulated>
  <is_section_801>Yes</is_section_801>
  <has_expanded_access>No</has_expanded_access>
  <condition_browse>
    <!-- CAUTION:  The following MeSH terms are assigned with an imperfect algorithm  -->
    <mesh_term>Epilepsies, Partial</mesh_term>
    <mesh_term>Epilepsy</mesh_term>
  </condition_browse>
  <!-- Results have not yet been posted for this study                                -->
</clinical_study>
