<?xml version="1.0" encoding="UTF-8"?>
<clinical_study rank="231">
  <!-- This xml conforms to an XML Schema at:
    https://clinicaltrials.gov/ct2/html/images/info/public.xsd
 and an XML DTD at:
    https://clinicaltrials.gov/ct2/html/images/info/public.dtd -->
  <required_header>
    <download_date>ClinicalTrials.gov processed this data on December 01, 2015</download_date>
    <link_text>Link to the current ClinicalTrials.gov record.</link_text>
    <url>https://clinicaltrials.gov/show/NCT01869374</url>
  </required_header>
  <id_info>
    <org_study_id>6427</org_study_id>
    <nct_id>NCT01869374</nct_id>
  </id_info>
  <brief_title>Study Comparing Magnetic Seizure Therapy (MST) to Electroconvulsive Therapy (ECT) for Depression in Older Adults</brief_title>
  <acronym>MSTvsEST</acronym>
  <official_title>Improving Outcomes in Geriatric Depression: Magnetic Seizure Therapy</official_title>
  <sponsors>
    <lead_sponsor>
      <agency>New York State Psychiatric Institute</agency>
      <agency_class>Other</agency_class>
    </lead_sponsor>
  </sponsors>
  <source>New York State Psychiatric Institute</source>
  <oversight_info>
    <authority>United States: Food and Drug Administration</authority>
    <has_dmc>Yes</has_dmc>
  </oversight_info>
  <brief_summary>
    <textblock>
      To evaluate the feasibility, tolerability and efficacy of Magnetic Seizure Therapy (MST) in
      elderly patients with a major depressive episode, who are randomly assigned to receive an
      acute course of MST or ECT.

      The investigators hypothesize:

        1. MST and ECT will have similar antidepressant efficacy

        2. MST will have less post-treatment amnesia than ECT as reflected in a primary measures
           of anterograde and retrograde amnesia following the acute treatment phase.

        3. At follow up, MST will show a lesser degree of persisting deficit in measures of
           retrograde amnesia than ECT.
    </textblock>
  </brief_summary>
  <detailed_description>
    <textblock>
      The purpose of this study is to compare the clinical efficacy and side effects of Magnetic
      Seizure Therapy (MST) and Electroconvulsive Therapy (ECT) in older adults currently
      experiencing a major depressive episode in the context of either unipolar or bipolar
      depression. ECT is known to be highly effective in treating depression, but it can have some
      adverse cognitive side effects. MST is a new form of convulsive therapy that is being
      developed as a means of improving the side effect profile of ECT so that more patients may
      benefit without suffering significant detrimental effects on cognition.

      Both ECT and MST rely on a therapeutic seizure, but they do so in different ways. In ECT, an
      electrical stimulator is used to pass electrical current between two electrodes placed on
      the surface of person's head, which causes some electricity to go through the brain and
      cause a seizure. In MST, a magnetic stimulator is used to create a magnetic field in a
      targeted area of the brain, which induces a small electrical field in the neurons that
      causes a seizure. Treatments will be administered three times a week.

      In addition to the treatment sessions, this study will involve a number of assessments at
      different time-points (i.e., baseline prior to treatment, post-treatment, 2 months
      post-treatment and 6 months post-treatment) that are used to evaluate the person's
      antidepressant response and the physical and cognitive side effects of treatment.
    </textblock>
  </detailed_description>
  <overall_status>Recruiting</overall_status>
  <start_date>August 2012</start_date>
  <completion_date type="Anticipated">December 2016</completion_date>
  <primary_completion_date type="Anticipated">December 2016</primary_completion_date>
  <phase>Phase 1/Phase 2</phase>
  <study_type>Interventional</study_type>
  <study_design>Allocation: Randomized, Endpoint Classification: Safety/Efficacy Study, Intervention Model: Parallel Assignment, Masking: Double Blind (Subject, Caregiver, Outcomes Assessor), Primary Purpose: Treatment</study_design>
  <primary_outcome>
    <measure>Clinical improvement (Hamilton Rating Scale for Depression)</measure>
    <time_frame>continuos outcome measuring until maximal benefit achieved (avg. 8-12 treatments; 4 weeks average)</time_frame>
    <safety_issue>No</safety_issue>
  </primary_outcome>
  <secondary_outcome>
    <measure>Clinical improvement (Inventory of Depressive Symptomatology - Clinician-Rated)</measure>
    <time_frame>continous outcome measuring until maximal benefit achieved (avg. 8-12 treatments; 4 weeks average)</time_frame>
    <safety_issue>No</safety_issue>
  </secondary_outcome>
  <number_of_arms>2</number_of_arms>
  <enrollment type="Anticipated">30</enrollment>
  <condition>Depression</condition>
  <condition>Major Depressive Episode</condition>
  <condition>Bipolar Disorder</condition>
  <arm_group>
    <arm_group_label>Magnetic Seizure Therapy (MST)</arm_group_label>
    <arm_group_type>Experimental</arm_group_type>
    <description>MagVenture MagPro MST device</description>
  </arm_group>
  <arm_group>
    <arm_group_label>RUL ECT</arm_group_label>
    <arm_group_type>Active Comparator</arm_group_type>
    <description>Right Unilateral ECT with the Somatics Thymatron device using Ultrabrief stimulus</description>
  </arm_group>
  <intervention>
    <intervention_type>Device</intervention_type>
    <intervention_name>MagVenture MagPro MST</intervention_name>
    <description>Brain stimulation by magnetic means versus electrical standard unilateral Electroconvulsive Therapy (RUL ECT). Treatment will be administered 3 times a week.</description>
    <arm_group_label>Magnetic Seizure Therapy (MST)</arm_group_label>
  </intervention>
  <intervention>
    <intervention_type>Device</intervention_type>
    <intervention_name>RUL ECT</intervention_name>
    <description>RUL ECT using the Somatics Thymatron device with Ultrabrief stimulus. Treatment will be administered 3 times a week.</description>
    <arm_group_label>RUL ECT</arm_group_label>
    <other_name>Right Unilateral Electroconvulsive Therapy</other_name>
  </intervention>
  <eligibility>
    <criteria>
      <textblock>
        Inclusion Criteria:

          -  Age 55-90

          -  Clinical diagnosis of major depressive episode, in the context of unipolar or bipolar
             disorder

          -  Willing and capable to provide informed consent

          -  Convulsive therapy clinically indicated

          -  Hamilton Rating Scale for Depression (HRSD24)≥ 20

          -  Mini Mental State Exam (MMSE) ≥ 24

          -  For outpatients: responsible adult living with the patient

        Exclusion Criteria:

          -  Current unstable or serious medical condition, or any comorbid medical condition that
             substantially increases the risks of ECT (such as acute myocardial infarction, space
             occupying brain lesion or other cause of increased intracranial pressure, unstable
             aneurysm or vascular malformation, poorly controlled diabetes mellitus, carcinoma,
             renal failure, hepatic failure)

          -  History of neurological disorder, epilepsy, stroke, brain surgery, metal in the head,
             history of known structural brain lesion

          -  Presence of devices that may be affected by MST (pacemaker, medication pump, cochlear
             implant, implanted brain stimulator, or vagus nerve stimulator implanted)

          -  History of head trauma with loss of consciousness for greater than 5 minutes

          -  History of schizophrenia, schizoaffective disorder, or rapid cycling bipolar disorder

          -  History of substance abuse or dependence in past 3 months

          -  Failure to respond to an adequate course of ECT in the current depressive episode

          -  History of ECT in the past 6 months and/or failure to respond to an adequate trial of
             ECT lifetime

          -  Presence of intracardiac lines
      </textblock>
    </criteria>
    <gender>Both</gender>
    <minimum_age>55 Years</minimum_age>
    <maximum_age>90 Years</maximum_age>
    <healthy_volunteers>No</healthy_volunteers>
  </eligibility>
  <overall_official>
    <last_name>Stefan B Rowny, MD, MFA</last_name>
    <role>Principal Investigator</role>
    <affiliation>NYSPI/Columbia University</affiliation>
  </overall_official>
  <overall_contact>
    <last_name>Stefan B Rowny, MD</last_name>
    <phone>(646) 774-5417</phone>
    <email>srowny@gmail.com</email>
  </overall_contact>
  <overall_contact_backup>
    <last_name>Jaimie Gowatsky, MA</last_name>
    <phone>(646) 774-8077</phone>
    <email>jg2916@columbia.edu</email>
  </overall_contact_backup>
  <location>
    <facility>
      <name>New York State Psychiatric Institute</name>
      <address>
        <city>New York</city>
        <state>New York</state>
        <zip>10032</zip>
        <country>United States</country>
      </address>
    </facility>
    <status>Recruiting</status>
    <investigator>
      <last_name>Stefan B Rowny, MD</last_name>
      <role>Principal Investigator</role>
    </investigator>
  </location>
  <location_countries>
    <country>United States</country>
  </location_countries>
  <reference>
    <citation>Rowny, S., &amp; Lisanby, S. H. (2009). Other Brain Stimulation Methods. In B. J. Sadock, V.A. Sadock &amp; P. Ruiz (Eds.) . Kaplan and Sadock's Comprehensive Textbook of Psychiatry (9th ed.) (Pp. 3301-3314). Lippincott Williams &amp; Wilkins. Philadelphia:PA.</citation>
  </reference>
  <reference>
    <citation>Rowny SB, Benzl K, Lisanby SH. Translational development strategy for magnetic seizure therapy. Exp Neurol. 2009 Sep;219(1):27-35. doi: 10.1016/j.expneurol.2009.03.029. Epub 2009 Apr 5. Review.</citation>
    <PMID>19348798</PMID>
  </reference>
  <reference>
    <citation>McClintock SM, DeWind NK, Husain MM, Rowny SB, Spellman TJ, Terrace H, Lisanby SH. Disruption of component processes of spatial working memory by electroconvulsive shock but not magnetic seizure therapy. Int J Neuropsychopharmacol. 2013 Feb;16(1):177-87. doi: 10.1017/S1461145711001866. Epub 2012 Jan 5.</citation>
    <PMID>22217479</PMID>
  </reference>
  <reference>
    <citation>Rowny SB, Cycowicz YM, McClintock SM, Truesdale MD, Luber B, Lisanby SH. Differential heart rate response to magnetic seizure therapy (MST) relative to electroconvulsive therapy: a nonhuman primate model. Neuroimage. 2009 Sep;47(3):1086-91. doi: 10.1016/j.neuroimage.2009.05.070. Epub 2009 Jun 2.</citation>
    <PMID>19497373</PMID>
  </reference>
  <reference>
    <citation>Rowny, S., &amp; Lisanby, S. H. (2008). Brain Stimulation in Psychiatry. In A. Tasman, J. Kay, J. A. Lieberman, M. B. First &amp; M. Maj (Eds.), Psychiatry (3rd ed.) (pp.2354-2371). Chichester, UK: John Wiley &amp; Sons. DOI: 10.1002/9780470515167.ch109</citation>
  </reference>
  <verification_date>September 2015</verification_date>
  <lastchanged_date>September 24, 2015</lastchanged_date>
  <firstreceived_date>May 22, 2013</firstreceived_date>
  <responsible_party>
    <responsible_party_type>Sponsor</responsible_party_type>
  </responsible_party>
  <keyword>Depression</keyword>
  <keyword>Brain Stimulation</keyword>
  <keyword>Seizure therapy</keyword>
  <keyword>Convulsive Therapy</keyword>
  <is_fda_regulated>Yes</is_fda_regulated>
  <is_section_801>Yes</is_section_801>
  <has_expanded_access>No</has_expanded_access>
  <condition_browse>
    <!-- CAUTION:  The following MeSH terms are assigned with an imperfect algorithm  -->
    <mesh_term>Bipolar Disorder</mesh_term>
    <mesh_term>Depression</mesh_term>
    <mesh_term>Depressive Disorder</mesh_term>
    <mesh_term>Depressive Disorder, Major</mesh_term>
  </condition_browse>
  <!-- Results have not yet been posted for this study                                -->
</clinical_study>
