<?xml version="1.0" encoding="UTF-8"?>
<clinical_study rank="262">
  <!-- This xml conforms to an XML Schema at:
    https://clinicaltrials.gov/ct2/html/images/info/public.xsd
 and an XML DTD at:
    https://clinicaltrials.gov/ct2/html/images/info/public.dtd -->
  <required_header>
    <download_date>ClinicalTrials.gov processed this data on November 27, 2015</download_date>
    <link_text>Link to the current ClinicalTrials.gov record.</link_text>
    <url>https://clinicaltrials.gov/show/NCT01261416</url>
  </required_header>
  <id_info>
    <org_study_id>101335-2</org_study_id>
    <nct_id>NCT01261416</nct_id>
  </id_info>
  <brief_title>Pharmacokinetics of Levetiracetam (Keppra) in Neonates</brief_title>
  <official_title>Pharmacokinetics and Safety of IV Levetiracetam (Keppra) in Full Term and Preterm Neonates</official_title>
  <sponsors>
    <lead_sponsor>
      <agency>Children's Hospital Medical Center, Cincinnati</agency>
      <agency_class>Other</agency_class>
    </lead_sponsor>
  </sponsors>
  <source>Children's Hospital Medical Center, Cincinnati</source>
  <oversight_info>
    <authority>United States: Food and Drug Administration</authority>
    <has_dmc>No</has_dmc>
  </oversight_info>
  <brief_summary>
    <textblock>
      The primary objective of this study is to determine the pharmacokinetic profile of a loading
      dose of intravenous levetiracetam, given for clinical reasons, in term and late preterm
      infants with seizures. Secondary objectives are to evaluate the safety and efficacy of
      levetiracetam in term and preterm infants with seizures.
    </textblock>
  </brief_summary>
  <overall_status>Completed</overall_status>
  <start_date>October 2008</start_date>
  <completion_date type="Actual">July 2010</completion_date>
  <primary_completion_date type="Actual">July 2010</primary_completion_date>
  <phase>N/A</phase>
  <study_type>Observational</study_type>
  <study_design>Observational Model: Cohort, Time Perspective: Prospective</study_design>
  <primary_outcome>
    <measure>Pharmacokinetic profile</measure>
    <time_frame>24 hours after dose</time_frame>
    <safety_issue>No</safety_issue>
    <description>Blood specimens for quantitation of levetiracetam and its metabolite L057 will be obtained from an indwelling vascular catheter not used for study drug infusion or by heel stick in three different sampling schedules:
Group 1 (n=6): at times 2-15 minutes after the end of infusion, 1-2 hours, and 12 hours post start of infusion Group 2 (n=6): at times 2-15 minutes after the end of infusion, 2-4 hours, and 18 hours post start of infusion Group 3 (n=6): at times 2-15 minutes after the end of infusion, 4-8 hours, and 20-24 hours post start of infusion</description>
  </primary_outcome>
  <secondary_outcome>
    <measure>Change in vital sign baseline</measure>
    <time_frame>24 hours</time_frame>
    <safety_issue>Yes</safety_issue>
    <description>Short term treatment-emergent adverse effects of levetiracetam will be measured by change from vital sign baseline in the 24 hours after the dose.</description>
  </secondary_outcome>
  <secondary_outcome>
    <measure>Number of participants with adverse events</measure>
    <time_frame>24 hours</time_frame>
    <safety_issue>Yes</safety_issue>
    <description>Participants' medical records will be reviewed for any adverse effects of the medication seen in the 24 hours after the loading dose.</description>
  </secondary_outcome>
  <number_of_groups>1</number_of_groups>
  <enrollment type="Actual">18</enrollment>
  <condition>Seizures</condition>
  <condition>Epilepsy</condition>
  <arm_group>
    <arm_group_label>Infants with seizures</arm_group_label>
  </arm_group>
  <intervention>
    <intervention_type>Drug</intervention_type>
    <intervention_name>levetiracetam</intervention_name>
    <description>Patients will receive levetiracetam as needed for clinical and/or electrographic seizures. Need for levetiracetam will be determined by the clinical team and will NOT determined by the study protocol.</description>
    <arm_group_label>Infants with seizures</arm_group_label>
  </intervention>
  <eligibility>
    <study_pop>
      <textblock>
        Infants ≥ 32 weeks gestation and ≤ 30 days of age requiring treatment with levetiracetam
        for clinical and/or electrographic seizures or seizure prophylaxis.
      </textblock>
    </study_pop>
    <sampling_method>Non-Probability Sample</sampling_method>
    <criteria>
      <textblock>
        Inclusion Criteria:

          -  Gestational age ≥ 32 weeks

          -  Postnatal age ≤ 30 days

          -  Birth weight ≥ 2000 grams

          -  Admitted to the NICU at Cincinnati Children's Hospital or Good Samaritan Hospital

          -  Clinical or electrographic seizures of any etiology

          -  Seizures or seizure prophylaxis requiring treatment with levetiracetam

          -  Parental consent obtained

        Exclusion Criteria:

          -  Infants with renal insufficiency indicated by serum creatinine &gt; 2.0 at any time

          -  Infants who have previously received levetiracetam

          -  Parents refuse consent

          -  Attending physician does not wish the infant to be enrolled in the study

          -  Infants who are currently receiving an investigational drug
      </textblock>
    </criteria>
    <gender>Both</gender>
    <minimum_age>N/A</minimum_age>
    <maximum_age>30 Days</maximum_age>
    <healthy_volunteers>No</healthy_volunteers>
  </eligibility>
  <overall_official>
    <last_name>Stephanie Merhar, MD</last_name>
    <role>Principal Investigator</role>
    <affiliation>Children's Hospital Medical Center, Cincinnati</affiliation>
  </overall_official>
  <location>
    <facility>
      <name>Cincinnati Children's Hospital Medical Center</name>
      <address>
        <city>Cincinnati</city>
        <state>Ohio</state>
        <zip>45229</zip>
        <country>United States</country>
      </address>
    </facility>
  </location>
  <location_countries>
    <country>United States</country>
  </location_countries>
  <verification_date>December 2010</verification_date>
  <lastchanged_date>December 15, 2010</lastchanged_date>
  <firstreceived_date>December 15, 2010</firstreceived_date>
  <responsible_party>
    <name_title>Stephanie Merhar MD</name_title>
    <organization>Cincinnati Children's Hospital Medical Center</organization>
  </responsible_party>
  <keyword>seizures</keyword>
  <keyword>epilepsy</keyword>
  <keyword>neonatal</keyword>
  <keyword>levetiracetam</keyword>
  <is_fda_regulated>Yes</is_fda_regulated>
  <has_expanded_access>No</has_expanded_access>
  <intervention_browse>
    <!-- CAUTION:  The following MeSH terms are assigned with an imperfect algorithm  -->
    <mesh_term>Etiracetam</mesh_term>
    <mesh_term>Piracetam</mesh_term>
  </intervention_browse>
  <!-- Results have not yet been posted for this study                                -->
</clinical_study>
