<?xml version="1.0" encoding="UTF-8"?>
<clinical_study rank="153">
  <!-- This xml conforms to an XML Schema at:
    https://clinicaltrials.gov/ct2/html/images/info/public.xsd
 and an XML DTD at:
    https://clinicaltrials.gov/ct2/html/images/info/public.dtd -->
  <required_header>
    <download_date>ClinicalTrials.gov processed this data on November 27, 2015</download_date>
    <link_text>Link to the current ClinicalTrials.gov record.</link_text>
    <url>https://clinicaltrials.gov/show/NCT00007670</url>
  </required_header>
  <id_info>
    <org_study_id>428</org_study_id>
    <nct_id>NCT00007670</nct_id>
  </id_info>
  <brief_title>Does Gabapentin and Lamotriginel Have Significantly Fewer Side-Effects While Providing Equal or Better Seizure Control Than the Current Drug Choice, Carbamazepine, for the Treatment of Seizures in the Elderly.</brief_title>
  <official_title>CSP #428 - Treatment of Seizures in the Elderly Population</official_title>
  <sponsors>
    <lead_sponsor>
      <agency>VA Office of Research and Development</agency>
      <agency_class>U.S. Fed</agency_class>
    </lead_sponsor>
    <collaborator>
      <agency>Parke-Davis</agency>
      <agency_class>Industry</agency_class>
    </collaborator>
    <collaborator>
      <agency>Glaxo Wellcome</agency>
      <agency_class>Industry</agency_class>
    </collaborator>
  </sponsors>
  <source>VA Office of Research and Development</source>
  <oversight_info>
    <authority>United States: Federal Government</authority>
  </oversight_info>
  <brief_summary>
    <textblock>
      New onset epilepsy in the elderly occurs in 45,000-50,000 elderly patients each year. These
      patients are especially vulnerable to side effects from medications because of changes
      caused by the aging process and the fact that these patients often have many common diseases
      for which they are already receiving medications for so that the likelihood of drug
      interactions is increased. Two new drugs, gabapentin and lamotrigine, have recently been
      approved by the FDA as antiepileptic drugs. These drugs have demonstrated efficacy in the
      treatment of partial onset seizures, the most common seizures in the elderly. These new
      compounds also have favorable side effect profiles and infrequent drug-drug interactions
      and, therefore, would be expected to be well-tolerated in the elderly.
    </textblock>
  </brief_summary>
  <detailed_description>
    <textblock>
      Primary Hypothesis: The primary hypothesis for this study is that one or both of two newly
      FDA approved antiepileptic drugs, gabapentin and lamotrigine, will have significantly fewer
      side-effects while providing equal or possibly better seizure control than the current
      world-wide drug of choice, carbamazepine, for the treatment of seizures in the elderly.

      Secondary Hypotheses: Secondary aims of the study are to determine which of the three drugs
      being studied (1) has the fewest side-effects, (2) produces the best seizure control, (3)
      has the least impairment of cognitive function, (4) has the best effect on mood and (5) has
      the best effect on quality of life.

      Intervention: Patients are randomized to carbamazepine, gabapentin or lamotrigine. Target
      doses are 600mg for carbamazepine (200mg tablets overencapsulated), 1500mg for gabapentin
      (300mg capsules), and 150mg for lamotrigine (25mg tablets). Carbamazepine and gabapentin
      patients also receive a placebo tablet while lamotrigine patients also receive a placebo
      capsule.

      Primary Outcomes: The primary outcome measure is retention in the study at 12 months. Major
      secondary outcomes are seizure frequency during first 12 months, time to first seizure,
      total scores from Systemic Toxicity and Neurotoxicity Rating Scales, the Mattis Dementia
      Rating Scale (cognitive function), Hamilton Depression Scale (mood) and SF-36 Health Survey
      (quality of life).

      Study Abstract: New onset epilepsy in the elderly occurs in 45,000-50,000 elderly patients
      each year. These patients are especially vulnerable to side effects from medications because
      of changes caused by the aging process and the fact that these patients often have many
      common diseases for which they are already receiving medications for so that the likelihood
      of drug interactions is increased. Two new drugs, gabapentin and lamotrigine, have recently
      been approved by the FDA as antiepileptic drugs. These drugs have demonstrated efficacy in
      the treatment of partial onset seizures, the most common seizures in the elderly. These new
      compounds also have favorable side effect profiles and infrequent drug-drug interactions
      and, therefore, would be expected to be well-tolerated in the elderly. Thus, the primary
      objective of this study is to evaluate the tolerability and efficacy of these two new
      antiepileptic drugs individually compared to a standard antiepileptic drug, carbamazepine,
      in an elderly population (&gt;60 years of age) with new onset, unprovoked epileptic seizures.

      The study is a 63-month, randomized, double-blind trial of three antiepileptic drugs:
      carbamazepine, gabapentin, and lamotrigine. Patient recruitment occured during the first 51
      months with each patient being followed for at least one year. There were 593 patients
      enrolled from 18 VA medical centers. Patients are veterans 60 years of age or older who have
      new onset, unprovoked seizures of focal onset, with or without secondary generalization.
      Patients with seizures secondary to toxic-metabolic causes, acute medical or neurological
      conditions or progressive diseases of the brain such as brain tumors are excluded. A
      double-dummy design is being employed to preserve the blind. Target doses for the study
      medications are: carbamazepine-600 mg., gabapentin-1500 mg., and lamotrigine-150 mg.
      Patients are assessed biweekly during the first 8 weeks, every 4 weeks until week 24 and
      every 8 weeks until week 52. Patients wishing to continue on their study drug after 52 weeks
      are seen quarterly for an additional year.

      RESULTS: For the primary outcome measure of retention at 12 months, there was a
      statistically significant (p=0.0002) overall difference between the treatment groups
      (lamotrigine=55.8%, gabapentin=49.0%, and carbamazepine=35.5%). The paired comparisons
      indicated significant differences between lamotrigine and carbamazepine (p&lt;0.0001) and
      gabapentin and carbamazepine (p=0.008). Consideration of reasons for early terminations
      indicates significant overall differences (p=0.001) between treatment groups for early
      terminations due to adverse events (lamotrigine=12.1%, gabapentin=21.6%, and
      carbamazepine=31.0%. There were significant paired comparisons for lamotrigine vs
      carbamazepine (p&lt;0.0001) and lamotrigine vs gabapentin (p=0.015). There were no differences
      between the treatment groups for percent of patients seizure free at 3, 6, and 12 months or
      for the time to first, second, fifth, or tenth seizure (all p&gt;0.05). When individual adverse
      events during the first 12 months on study drug were considered, it was seen that more
      gabapentin patients had significantly more weight gain, severe weight gain (&gt;18 pounds), and
      water retention than patients on either lamotrigine or carbamazepine. Hypersensitivity (rash
      of any degree) occurred more frequently with carbamazpine than with lamotrigine (p=0.007).
      The overall conclusion is that lamotrigine and gabapentin should be considered as initial
      therapy for older patients with newly diagnosed seizures.

      Rowan, A.J., Ramsay, R.E., Collins, J.F., Pryor, F., Boardman, K.D., Uthman, B.M., Spitz,
      M., Frederick, T., Towne, A., Carter, G.S., Marks, W., Felicetta, J., Tomyanovich, M.L., and
      the VA Cooperative Study 428 Group - New onset geriatric epilepsy. A randomized study of
      gabapentin, lamotrigine, and carbamazepine. Neurology 64 1868-1873, 2005
    </textblock>
  </detailed_description>
  <overall_status>Completed</overall_status>
  <start_date>January 1998</start_date>
  <completion_date>March 2003</completion_date>
  <phase>Phase 3</phase>
  <study_type>Interventional</study_type>
  <study_design>Allocation: Randomized, Endpoint Classification: Efficacy Study, Intervention Model: Parallel Assignment, Masking: Double-Blind</study_design>
  <enrollment>720</enrollment>
  <condition>Seizures</condition>
  <intervention>
    <intervention_type>Drug</intervention_type>
    <intervention_name>Carbamazepine</intervention_name>
  </intervention>
  <intervention>
    <intervention_type>Drug</intervention_type>
    <intervention_name>Gabapentin</intervention_name>
  </intervention>
  <intervention>
    <intervention_type>Drug</intervention_type>
    <intervention_name>Lamotrigine</intervention_name>
  </intervention>
  <eligibility>
    <criteria>
      <textblock>
        Veterans 60 years of age or older who have new onset, unprovoked seizures of focal onset,
        with or without secondary generalization.
      </textblock>
    </criteria>
    <gender>Both</gender>
    <minimum_age>60 Years</minimum_age>
    <maximum_age>N/A</maximum_age>
    <healthy_volunteers>No</healthy_volunteers>
  </eligibility>
  <location>
    <facility>
      <name>Birmingham VA Medical Center</name>
      <address>
        <city>Birmingham</city>
        <state>Alabama</state>
        <zip>35233</zip>
        <country>United States</country>
      </address>
    </facility>
  </location>
  <location>
    <facility>
      <name>Carl T. Hayden VA Medical Center</name>
      <address>
        <city>Phoenix</city>
        <state>Arizona</state>
        <zip>85012</zip>
        <country>United States</country>
      </address>
    </facility>
  </location>
  <location>
    <facility>
      <name>Vamc - West Los Angeles, Los Angeles, Ca</name>
      <address>
        <city>Los Angeles</city>
        <state>California</state>
        <zip>90073</zip>
        <country>United States</country>
      </address>
    </facility>
  </location>
  <location>
    <facility>
      <name>Vamc - San Diego, San Diego, Ca</name>
      <address>
        <city>San Diego</city>
        <state>California</state>
        <zip>92161</zip>
        <country>United States</country>
      </address>
    </facility>
  </location>
  <location>
    <facility>
      <name>San Francisco VAMC</name>
      <address>
        <city>San Francisco</city>
        <state>California</state>
        <zip>94121</zip>
        <country>United States</country>
      </address>
    </facility>
  </location>
  <location>
    <facility>
      <name>Denver VA Medical Center</name>
      <address>
        <city>Denver</city>
        <state>Colorado</state>
        <zip>80220</zip>
        <country>United States</country>
      </address>
    </facility>
  </location>
  <location>
    <facility>
      <name>Vamc - Bay Pines, Fl</name>
      <address>
        <city>Bay Pines</city>
        <state>Florida</state>
        <zip>33744</zip>
        <country>United States</country>
      </address>
    </facility>
  </location>
  <location>
    <facility>
      <name>Gainesville VA Medical Center</name>
      <address>
        <city>Gainesville</city>
        <state>Florida</state>
        <zip>32608-1197</zip>
        <country>United States</country>
      </address>
    </facility>
  </location>
  <location>
    <facility>
      <name>Miami VA Medical Center</name>
      <address>
        <city>Miami</city>
        <state>Florida</state>
        <zip>33125</zip>
        <country>United States</country>
      </address>
    </facility>
  </location>
  <location>
    <facility>
      <name>Study Chairperson</name>
      <address>
        <city>Miami</city>
        <state>Florida</state>
        <zip>33125</zip>
        <country>United States</country>
      </address>
    </facility>
  </location>
  <location>
    <facility>
      <name>Chicago VA Medical Center (West Side)</name>
      <address>
        <city>Chicago</city>
        <state>Illinois</state>
        <zip>60612</zip>
        <country>United States</country>
      </address>
    </facility>
  </location>
  <location>
    <facility>
      <name>Edward Hines Jr. VA Hospital</name>
      <address>
        <city>Hines</city>
        <state>Illinois</state>
        <zip>60141</zip>
        <country>United States</country>
      </address>
    </facility>
  </location>
  <location>
    <facility>
      <name>New Orleans VAMC</name>
      <address>
        <city>New Orleans</city>
        <state>Louisiana</state>
        <zip>70112</zip>
        <country>United States</country>
      </address>
    </facility>
  </location>
  <location>
    <facility>
      <name>Boston VA Medical Center</name>
      <address>
        <city>Boston</city>
        <state>Massachusetts</state>
        <zip>02130</zip>
        <country>United States</country>
      </address>
    </facility>
  </location>
  <location>
    <facility>
      <name>Bronx VA Medical Center</name>
      <address>
        <city>Bronx</city>
        <state>New York</state>
        <zip>10468</zip>
        <country>United States</country>
      </address>
    </facility>
  </location>
  <location>
    <facility>
      <name>Study Chairman</name>
      <address>
        <city>Bronx</city>
        <state>New York</state>
        <zip>10468</zip>
        <country>United States</country>
      </address>
    </facility>
  </location>
  <location>
    <facility>
      <name>Oklahoma City VA Medical Center</name>
      <address>
        <city>Oklahoma City</city>
        <state>Oklahoma</state>
        <zip>73104</zip>
        <country>United States</country>
      </address>
    </facility>
  </location>
  <location>
    <facility>
      <name>Vamc - Pittsburgh, Pittsburgh, Pa</name>
      <address>
        <city>Pittsburgh</city>
        <state>Pennsylvania</state>
        <zip>15240-1001</zip>
        <country>United States</country>
      </address>
    </facility>
  </location>
  <location>
    <facility>
      <name>Dallas VA Medical Center</name>
      <address>
        <city>Dallas</city>
        <state>Texas</state>
        <zip>75216</zip>
        <country>United States</country>
      </address>
    </facility>
  </location>
  <location>
    <facility>
      <name>Hunter Holmes McGuire VA Medical Center</name>
      <address>
        <city>Richmond</city>
        <state>Virginia</state>
        <zip>23249</zip>
        <country>United States</country>
      </address>
    </facility>
  </location>
  <location_countries>
    <country>United States</country>
  </location_countries>
  <verification_date>February 2007</verification_date>
  <lastchanged_date>January 20, 2009</lastchanged_date>
  <firstreceived_date>December 29, 2000</firstreceived_date>
  <keyword>gabapentin</keyword>
  <keyword>lamotrigine</keyword>
  <keyword>seizures in the elderly</keyword>
  <keyword>Carbamazepine</keyword>
  <has_expanded_access>No</has_expanded_access>
  <condition_browse>
    <!-- CAUTION:  The following MeSH terms are assigned with an imperfect algorithm  -->
    <mesh_term>Seizures</mesh_term>
  </condition_browse>
  <intervention_browse>
    <!-- CAUTION:  The following MeSH terms are assigned with an imperfect algorithm  -->
    <mesh_term>Carbamazepine</mesh_term>
    <mesh_term>Gabapentin</mesh_term>
    <mesh_term>Lamotrigine</mesh_term>
  </intervention_browse>
  <!-- Results have not yet been posted for this study                                -->
</clinical_study>
