<?xml version="1.0" encoding="UTF-8"?>
<clinical_study rank="64">
  <!-- This xml conforms to an XML Schema at:
    https://clinicaltrials.gov/ct2/html/images/info/public.xsd
 and an XML DTD at:
    https://clinicaltrials.gov/ct2/html/images/info/public.dtd -->
  <required_header>
    <download_date>ClinicalTrials.gov processed this data on December 01, 2015</download_date>
    <link_text>Link to the current ClinicalTrials.gov record.</link_text>
    <url>https://clinicaltrials.gov/show/NCT02424123</url>
  </required_header>
  <id_info>
    <org_study_id>LOCAL/2014/ET-02</org_study_id>
    <secondary_id>2015-A00157-42</secondary_id>
    <nct_id>NCT02424123</nct_id>
  </id_info>
  <brief_title>Is Protein S100B a Predictor of First-to-chronic Seizure Conversion in Adult?</brief_title>
  <acronym>SeizS100B</acronym>
  <official_title>Is Protein S100B a Predictor of First-to-chronic Seizure Conversion in Adult? A Prognostic Cohort Study</official_title>
  <sponsors>
    <lead_sponsor>
      <agency>Centre Hospitalier Universitaire de Nīmes</agency>
      <agency_class>Other</agency_class>
    </lead_sponsor>
  </sponsors>
  <source>Centre Hospitalier Universitaire de Nīmes</source>
  <oversight_info>
    <authority>France: Agence Nationale de Sécurité du Médicament et des produits de santé</authority>
    <authority>France: Committee for the Protection of Personnes</authority>
    <has_dmc>No</has_dmc>
  </oversight_info>
  <brief_summary>
    <textblock>
      Cryptogenic seizures represent an important clinical problem, accounting for at least 40% of
      adult onset epilepsy. Predicting seizure recurrence in subjects experiencing a first
      cryptogenic seizure is difficult due to the lack of prognostic biomarkers. Recent evidence
      has indicated that blood-brain barrier (BBB) dysfunction constitutes an etiological factor
      to seizures. In particular, it has been shown that modification of BBB permeability is
      associated with seizure activity. In addition, it was demonstrated that BBB permeability can
      be assessed by measuring serum level of the protein S100B. Based on these data and
      considerations the investigators will test whether the extent of BBB damage at time of first
      cryptogenic seizure is predictive for seizure recurrence.

      The main objective of this study is to evaluate the association between the absolute (ng/ml)
      serum S100B levels (measured at time of the first seizure) and the experience, or not, of
      seizure recurrence within one year of follow-up.
    </textblock>
  </brief_summary>
  <detailed_description>
    <textblock>
      The secondary objectives of this study are to investigate the:

      A) Prognostic capacity of serum S100B levels to predict seizure recurrence. B) Association
      between the variation (%) of serum S100B levels between first seizure episode and scheduled
      follow-up (D14-D28) and seizure recurrence.

      C) Correlation of S100B with IL-1b, IL-6, NSE serum levels at the same time points.

      D) Association of serology data with: a) EEG profile (normal/abnormal); b) recurrence of
      seizures (Y/N).

      E) Comparison of S100B serum levels in lesional vs cryptogenic patients. F) Establishment of
      a bio-bank (serum and cells).
    </textblock>
  </detailed_description>
  <overall_status>Not yet recruiting</overall_status>
  <start_date>June 2016</start_date>
  <completion_date type="Anticipated">June 2018</completion_date>
  <primary_completion_date type="Anticipated">June 2018</primary_completion_date>
  <phase>N/A</phase>
  <study_type>Observational</study_type>
  <study_design>Observational Model: Cohort, Time Perspective: Prospective</study_design>
  <primary_outcome>
    <measure>Serum S100B level</measure>
    <time_frame>Day 0 (T0+6 hours)</time_frame>
    <safety_issue>No</safety_issue>
    <description>ng/ml</description>
  </primary_outcome>
  <primary_outcome>
    <measure>Serum S100B level</measure>
    <time_frame>Day 0 (T0+12 hours)</time_frame>
    <safety_issue>No</safety_issue>
    <description>ng/ml</description>
  </primary_outcome>
  <primary_outcome>
    <measure>Seizure recurrence within 1 year</measure>
    <time_frame>12 months</time_frame>
    <safety_issue>No</safety_issue>
    <description>yes/no</description>
  </primary_outcome>
  <secondary_outcome>
    <measure>Serum S100B level</measure>
    <time_frame>Between days 14 and 28</time_frame>
    <safety_issue>No</safety_issue>
    <description>ng/ml</description>
  </secondary_outcome>
  <secondary_outcome>
    <measure>Serum S100B level</measure>
    <time_frame>6 months</time_frame>
    <safety_issue>No</safety_issue>
    <description>ng/ml</description>
  </secondary_outcome>
  <secondary_outcome>
    <measure>Serum S100B level</measure>
    <time_frame>12 months</time_frame>
    <safety_issue>No</safety_issue>
    <description>ng/ml</description>
  </secondary_outcome>
  <secondary_outcome>
    <measure>Serum S100B level</measure>
    <time_frame>at time of 2nd seizure (expected max of 12 months)</time_frame>
    <safety_issue>No</safety_issue>
    <description>ng/ml</description>
  </secondary_outcome>
  <secondary_outcome>
    <measure>Serum IL-1b level</measure>
    <time_frame>Day 0 (T0+6 hours)</time_frame>
    <safety_issue>No</safety_issue>
    <description>pg/mL</description>
  </secondary_outcome>
  <secondary_outcome>
    <measure>Serum IL-1b level</measure>
    <time_frame>Day 0 (T0+12 hours)</time_frame>
    <safety_issue>No</safety_issue>
    <description>pg/mL</description>
  </secondary_outcome>
  <secondary_outcome>
    <measure>Serum IL-1b level</measure>
    <time_frame>Between days 14 and 28</time_frame>
    <safety_issue>No</safety_issue>
    <description>pg/mL</description>
  </secondary_outcome>
  <secondary_outcome>
    <measure>Serum IL-6 level</measure>
    <time_frame>Day 0 (T0+6 hours)</time_frame>
    <safety_issue>No</safety_issue>
    <description>pg/mL</description>
  </secondary_outcome>
  <secondary_outcome>
    <measure>Serum IL-6 level</measure>
    <time_frame>Day 0 (T0+12 hours)</time_frame>
    <safety_issue>No</safety_issue>
    <description>pg/mL</description>
  </secondary_outcome>
  <secondary_outcome>
    <measure>Serum IL-6 level</measure>
    <time_frame>Between days 14 and 28</time_frame>
    <safety_issue>No</safety_issue>
    <description>pg/mL</description>
  </secondary_outcome>
  <secondary_outcome>
    <measure>Serum NSE level</measure>
    <time_frame>Day 0 (T0+6 hours)</time_frame>
    <safety_issue>No</safety_issue>
    <description>µg/dL</description>
  </secondary_outcome>
  <secondary_outcome>
    <measure>Serum NSE level</measure>
    <time_frame>Day 0 (T0+12 hours)</time_frame>
    <safety_issue>No</safety_issue>
    <description>µg/dL</description>
  </secondary_outcome>
  <secondary_outcome>
    <measure>Serum NSE level</measure>
    <time_frame>Between days 14 and 28</time_frame>
    <safety_issue>No</safety_issue>
    <description>µg/dL</description>
  </secondary_outcome>
  <secondary_outcome>
    <measure>Electro encephalogram profile</measure>
    <time_frame>Day 0</time_frame>
    <safety_issue>No</safety_issue>
  </secondary_outcome>
  <secondary_outcome>
    <measure>Electro encephalogram profile</measure>
    <time_frame>Between days 14 and 28</time_frame>
    <safety_issue>No</safety_issue>
  </secondary_outcome>
  <number_of_groups>1</number_of_groups>
  <enrollment type="Anticipated">75</enrollment>
  <condition>Epilepsy, Cryptogenic</condition>
  <condition>Seizures, Epileptic</condition>
  <arm_group>
    <arm_group_label>The study population</arm_group_label>
    <description>The study population is composed of patients between 18 and 60 years of age, of both sexes, recruited during consultations for a first cryptogenic epileptic seizure at the emergency department of Nîmes and Marseille Hospitals (CHRU).</description>
  </arm_group>
  <biospec_retention>Samples Without DNA</biospec_retention>
  <biospec_descr>
    <textblock>
      Processing of blood samples: 4-5ml of the blood sample will be centrifuged to isolate serum;
      S100B, IL-1b, IL-6, NSE levels will be investigated at D0 (T0+6h, T0+12h where T0 is seizure
      time) D14-D28. The remaining blood and cells will be stored at -80°C for future analyses.
    </textblock>
  </biospec_descr>
  <eligibility>
    <study_pop>
      <textblock>
        The study population is composed of patients between 18 and 60 years of age, of both
        sexes, recruited during consultations for a first cryptogenic epileptic seizure at the
        emergency department of Nîmes and Marseille Hospitals (CHRU).
      </textblock>
    </study_pop>
    <sampling_method>Non-Probability Sample</sampling_method>
    <criteria>
      <textblock>
        Inclusion Criteria:

          -  The patient has been correctly informed.

          -  The patient must have given his informed and signed consent.

          -  The patient must be insured or beneficiary of a health insurance plan.

          -  The patient is at least (≥) 18 years old and less than (&lt;) 60 years old.

          -  The patient has experienced a first generalized, cryptogenic epileptic seizure
             (patients with partial onset and secondary generalization can also be included).

          -  The seizure has occurred less than 24 hours ago.

        Exclusion Criteria:

          -  The patient is participating in another study that may interfere with the results or
             conclusions of this study.

          -  Within the past three months, the patient has participated in another study that may
             interfere with the results or conclusions of this study.

          -  The patient is in an exclusion period determined by a previous study.

          -  The patient is under judicial protection.

          -  The patient refuses to sign the consent.

          -  It is impossible to correctly inform the patient.

          -  The patient is pregnant or breast-feeding (MRI contraindicated).

          -  Patient has a previous abnormal brain imaging (MRI).

          -  Patient has abnormal biological tests for toxicology (alcohol, cocaine and cannabis
             tests), blood ionogram (hyponatremia &lt;130mM), liver enzymes (&gt;5N), inflammatory
             syndrome (elevated C-reactive protein).
      </textblock>
    </criteria>
    <gender>Both</gender>
    <minimum_age>18 Years</minimum_age>
    <maximum_age>59 Years</maximum_age>
    <healthy_volunteers>No</healthy_volunteers>
  </eligibility>
  <overall_official>
    <last_name>Nicola Marchi, MD</last_name>
    <role>Study Director</role>
    <affiliation>Institut de Génomique Fonctionnelle, CNRS, Montpellier</affiliation>
  </overall_official>
  <overall_contact>
    <last_name>Eric Thouvenot, MD, PhD</last_name>
    <phone>+33.(0)4.66.68.32.51</phone>
    <email>eric.thouvenot@chu-nimes.fr</email>
  </overall_contact>
  <overall_contact_backup>
    <last_name>Carey M Suehs, PhD</last_name>
    <phone>+33.(0)4.66.68.67.88</phone>
    <email>carey.suehs@chu-nimes.fr</email>
  </overall_contact_backup>
  <location>
    <facility>
      <name>APHM - Hôpital Nord</name>
      <address>
        <city>Marseille Cedex 20</city>
        <zip>13915</zip>
        <country>France</country>
      </address>
    </facility>
    <status>Not yet recruiting</status>
    <investigator>
      <last_name>Lisa Vaugier, MD</last_name>
      <role>Sub-Investigator</role>
    </investigator>
    <investigator>
      <last_name>Antoine Roche, MD, PhD</last_name>
      <role>Sub-Investigator</role>
    </investigator>
  </location>
  <location>
    <facility>
      <name>CHRU de Nîmes - Hôpital Universitaire Carémeau</name>
      <address>
        <city>Nîmes Cedex 09</city>
        <zip>30029</zip>
        <country>France</country>
      </address>
    </facility>
    <status>Not yet recruiting</status>
    <investigator>
      <last_name>Eric Thouvenot, MD, PhD</last_name>
      <role>Principal Investigator</role>
    </investigator>
    <investigator>
      <last_name>Caroline Briere, MD</last_name>
      <role>Sub-Investigator</role>
    </investigator>
    <investigator>
      <last_name>Pierre-Géraud Claret, MD</last_name>
      <role>Sub-Investigator</role>
    </investigator>
    <investigator>
      <last_name>Xavier Bobbia, MD</last_name>
      <role>Sub-Investigator</role>
    </investigator>
  </location>
  <location_countries>
    <country>France</country>
  </location_countries>
  <verification_date>October 2015</verification_date>
  <lastchanged_date>October 20, 2015</lastchanged_date>
  <firstreceived_date>April 20, 2015</firstreceived_date>
  <responsible_party>
    <responsible_party_type>Sponsor</responsible_party_type>
  </responsible_party>
  <is_fda_regulated>No</is_fda_regulated>
  <has_expanded_access>No</has_expanded_access>
  <condition_browse>
    <!-- CAUTION:  The following MeSH terms are assigned with an imperfect algorithm  -->
    <mesh_term>Epilepsy</mesh_term>
    <mesh_term>Seizures</mesh_term>
  </condition_browse>
  <!-- Results have not yet been posted for this study                                -->
</clinical_study>
