<?xml version="1.0" encoding="UTF-8"?>
<clinical_study rank="189">
  <!-- This xml conforms to an XML Schema at:
    https://clinicaltrials.gov/ct2/html/images/info/public.xsd
 and an XML DTD at:
    https://clinicaltrials.gov/ct2/html/images/info/public.dtd -->
  <required_header>
    <download_date>ClinicalTrials.gov processed this data on December 01, 2015</download_date>
    <link_text>Link to the current ClinicalTrials.gov record.</link_text>
    <url>https://clinicaltrials.gov/show/NCT01118962</url>
  </required_header>
  <id_info>
    <org_study_id>SP0962</org_study_id>
    <secondary_id>2014-004375-23</secondary_id>
    <nct_id>NCT01118962</nct_id>
  </id_info>
  <brief_title>Open-Label Extension Study to Assess the Safety and Seizure Frequency Associated With Lacosamide for Primary Generalized Tonic-Clonic Seizures in Subjects With Epilepsy</brief_title>
  <official_title>An Open-Label Extension Study to Assess the Safety and Seizure Frequency Associated With Long-Term Oral Lacosamide for Uncontrolled Primary Generalized Tonic-Clonic Seizures in Subjects With Idiopathic Generalized Epilepsy</official_title>
  <sponsors>
    <lead_sponsor>
      <agency>UCB BIOSCIENCES, Inc.</agency>
      <agency_class>Industry</agency_class>
    </lead_sponsor>
  </sponsors>
  <source>UCB Pharma</source>
  <oversight_info>
    <authority>United States: Food and Drug Administration</authority>
    <has_dmc>No</has_dmc>
  </oversight_info>
  <brief_summary>
    <textblock>
      The purpose is to obtain data on the safety and seizure frequency associated with long-term
      oral Lacosamide for uncontrolled primary generalized tonic-clonic (PGTC) seizures in
      subjects with idiopathic generalized Epilepsy. Additionally, to allow subjects who have
      completed SP0961 (NCT01118949) to continue to receive Lacosamide.
    </textblock>
  </brief_summary>
  <overall_status>Completed</overall_status>
  <start_date>August 2010</start_date>
  <completion_date type="Actual">October 2012</completion_date>
  <primary_completion_date type="Actual">October 2012</primary_completion_date>
  <phase>Phase 2</phase>
  <study_type>Interventional</study_type>
  <study_design>Endpoint Classification: Safety Study, Intervention Model: Single Group Assignment, Masking: Open Label, Primary Purpose: Treatment</study_design>
  <primary_outcome>
    <measure>Number of Participants With Treatment-emergent Adverse Events (TEAEs) From Visit 1 to the End of Study (Approximately 61 Weeks)</measure>
    <time_frame>From Visit 1 to the end of study (Approximately 61 weeks)</time_frame>
    <safety_issue>No</safety_issue>
  </primary_outcome>
  <primary_outcome>
    <measure>Number of Participants Withdrawn From the Study Due to Treatment-emergent Adverse Events (TEAEs) From Visit 1 to the End of Study (Approximately 61 Weeks)</measure>
    <time_frame>From Visit 1 to the end of study (Approximately 61 weeks)</time_frame>
    <safety_issue>No</safety_issue>
  </primary_outcome>
  <number_of_arms>1</number_of_arms>
  <enrollment type="Actual">39</enrollment>
  <condition>Epilepsy</condition>
  <arm_group>
    <arm_group_label>Lacosamide</arm_group_label>
    <arm_group_type>Experimental</arm_group_type>
    <description>Lacosamide was supplied as 50 mg and 100 mg tablets. The starting Lacosamide dose was the same dose reached by a subject at the end of SP0961 (NCT01118949).
Lacosamide was administered twice daily (approx. 12 hours apart, once in the morning and once in the evening) in 2 equally divided doses.</description>
  </arm_group>
  <intervention>
    <intervention_type>Drug</intervention_type>
    <intervention_name>Lacosamide</intervention_name>
    <description>Lacosamide was supplied as 50 mg and 100 mg tablets. The starting Lacosamide dose was the same dose reached by a subject at the end of SP0961 (NCT01118949). At the beginning of SP0962, the dose may be maintained, or increased or decreased by 100 mg /day, as deemed clinically appropriate to optimize tolerability and seizure reduction. Dose increases should be no faster than 100 mg/ day per week up to a maximum of 800 mg/ day. Lacosamide was administered twice daily (approx. 12 hours apart, once in the morning and once in the evening) in 2 equally divided doses for up to a 56-week Treatment Phase. The Treatment Phase was followed by a 5-week End-of-Study Phase, during which subjects had to be tapered off Lacosamide at a recommended decrease rate of 200 mg/ day per week.</description>
    <arm_group_label>Lacosamide</arm_group_label>
    <other_name>Vimpat®</other_name>
  </intervention>
  <eligibility>
    <criteria>
      <textblock>
        Inclusion Criteria:

          -  Subject completed the SP0961 (NCT01118949) study

          -  Subject is expected to benefit from participation in an open-label extension study
             with Lacosamide, in the opinion of the investigator

        Exclusion Criteria:

          -  Subject meets the withdrawal criteria for SP0961 (NCT01118949) or is experiencing an
             ongoing Serious Adverse Event (SAE)
      </textblock>
    </criteria>
    <gender>Both</gender>
    <minimum_age>16 Years</minimum_age>
    <maximum_age>65 Years</maximum_age>
    <healthy_volunteers>No</healthy_volunteers>
  </eligibility>
  <overall_official>
    <last_name>UCB Clinical Trial Call Center</last_name>
    <role>Study Director</role>
    <affiliation>+1 877 822 9493 (UCB)</affiliation>
  </overall_official>
  <location>
    <facility>
      <name>603</name>
      <address>
        <city>Phoenix</city>
        <state>Arizona</state>
        <country>United States</country>
      </address>
    </facility>
  </location>
  <location>
    <facility>
      <name>602</name>
      <address>
        <city>Little Rock</city>
        <state>Arkansas</state>
        <country>United States</country>
      </address>
    </facility>
  </location>
  <location>
    <facility>
      <name>628</name>
      <address>
        <city>Aurora</city>
        <state>Colorado</state>
        <country>United States</country>
      </address>
    </facility>
  </location>
  <location>
    <facility>
      <name>613</name>
      <address>
        <city>Atlanta</city>
        <state>Georgia</state>
        <country>United States</country>
      </address>
    </facility>
  </location>
  <location>
    <facility>
      <name>617</name>
      <address>
        <city>Boise</city>
        <state>Idaho</state>
        <country>United States</country>
      </address>
    </facility>
  </location>
  <location>
    <facility>
      <name>614</name>
      <address>
        <city>Fort Wayne</city>
        <state>Indiana</state>
        <country>United States</country>
      </address>
    </facility>
  </location>
  <location>
    <facility>
      <name>605</name>
      <address>
        <city>Lexington</city>
        <state>Kentucky</state>
        <country>United States</country>
      </address>
    </facility>
  </location>
  <location>
    <facility>
      <name>616</name>
      <address>
        <city>Louisville</city>
        <state>Kentucky</state>
        <country>United States</country>
      </address>
    </facility>
  </location>
  <location>
    <facility>
      <name>619</name>
      <address>
        <city>Scarborough</city>
        <state>Maine</state>
        <country>United States</country>
      </address>
    </facility>
  </location>
  <location>
    <facility>
      <name>609</name>
      <address>
        <city>Bethesda</city>
        <state>Maryland</state>
        <country>United States</country>
      </address>
    </facility>
  </location>
  <location>
    <facility>
      <name>615</name>
      <address>
        <city>Chesterfield</city>
        <state>Missouri</state>
        <country>United States</country>
      </address>
    </facility>
  </location>
  <location>
    <facility>
      <name>607</name>
      <address>
        <city>New York</city>
        <state>New York</state>
        <country>United States</country>
      </address>
    </facility>
  </location>
  <location>
    <facility>
      <name>620</name>
      <address>
        <city>Columbus</city>
        <state>Ohio</state>
        <country>United States</country>
      </address>
    </facility>
  </location>
  <location>
    <facility>
      <name>608</name>
      <address>
        <city>Charleston</city>
        <state>South Carolina</state>
        <country>United States</country>
      </address>
    </facility>
  </location>
  <location>
    <facility>
      <name>601</name>
      <address>
        <city>Nashville</city>
        <state>Tennessee</state>
        <country>United States</country>
      </address>
    </facility>
  </location>
  <location>
    <facility>
      <name>612</name>
      <address>
        <city>Dallas</city>
        <state>Texas</state>
        <country>United States</country>
      </address>
    </facility>
  </location>
  <location>
    <facility>
      <name>610</name>
      <address>
        <city>Norfolk</city>
        <state>Virginia</state>
        <country>United States</country>
      </address>
    </facility>
  </location>
  <location>
    <facility>
      <name>623</name>
      <address>
        <city>Renton</city>
        <state>Washington</state>
        <country>United States</country>
      </address>
    </facility>
  </location>
  <location>
    <facility>
      <name>624</name>
      <address>
        <city>Madison</city>
        <state>Wisconsin</state>
        <country>United States</country>
      </address>
    </facility>
  </location>
  <location_countries>
    <country>United States</country>
  </location_countries>
  <verification_date>March 2015</verification_date>
  <lastchanged_date>March 23, 2015</lastchanged_date>
  <firstreceived_date>May 5, 2010</firstreceived_date>
  <firstreceived_results_date>October 7, 2013</firstreceived_results_date>
  <responsible_party>
    <responsible_party_type>Sponsor</responsible_party_type>
  </responsible_party>
  <keyword>Primary Generalized Tonic-Clonic (PGTC) Seizures</keyword>
  <keyword>Absence Seizures</keyword>
  <keyword>Myoclonic Seizures</keyword>
  <keyword>Idiopathic Generalized Epilepsy (IGE)</keyword>
  <is_fda_regulated>Yes</is_fda_regulated>
  <is_section_801>Yes</is_section_801>
  <has_expanded_access>No</has_expanded_access>
  <condition_browse>
    <!-- CAUTION:  The following MeSH terms are assigned with an imperfect algorithm  -->
    <mesh_term>Epilepsy</mesh_term>
    <mesh_term>Epilepsy, Generalized</mesh_term>
    <mesh_term>Seizures</mesh_term>
  </condition_browse>
  <intervention_browse>
    <!-- CAUTION:  The following MeSH terms are assigned with an imperfect algorithm  -->
    <mesh_term>Lacosamide</mesh_term>
  </intervention_browse>

  <clinical_results>

    <participant_flow>
      <recruitment_details>This study began enrollment in August 2010. The study completed in October 2012. The participant flow consists of the Safety Set (SS).
The Safety Set consists of all subjects that were dosed at least once with Lacosamide (LCM).</recruitment_details>
      <group_list>
        <group group_id="P1">
          <title>Lacosamide</title>
          <description>Lacosamide was supplied as 50 mg and 100 mg tablets. The starting Lacosamide dose was the same dose reached by a subject at the end of SP0961 (NCT01118949).
Lacosamide was administered twice daily (approx. 12 hours apart, once in the morning and once in the evening) in 2 equally divided doses.</description>
        </group>
      </group_list>
      <period_list>
        <period>
          <title>Overall Study</title>
          <milestone_list>
            <milestone>
              <title>STARTED</title>
              <participants_list>
                <participants group_id="P1" count="39"/>
              </participants_list>
            </milestone>
            <milestone>
              <title>COMPLETED</title>
              <participants_list>
                <participants group_id="P1" count="29"/>
              </participants_list>
            </milestone>
            <milestone>
              <title>NOT COMPLETED</title>
              <participants_list>
                <participants group_id="P1" count="10"/>
              </participants_list>
            </milestone>
          </milestone_list>
          <drop_withdraw_reason_list>
            <drop_withdraw_reason>
              <title>Adverse Event</title>
              <participants_list>
                <participants group_id="P1" count="2"/>
              </participants_list>
            </drop_withdraw_reason>
            <drop_withdraw_reason>
              <title>Lack of Efficacy</title>
              <participants_list>
                <participants group_id="P1" count="1"/>
              </participants_list>
            </drop_withdraw_reason>
            <drop_withdraw_reason>
              <title>Protocol Violation</title>
              <participants_list>
                <participants group_id="P1" count="1"/>
              </participants_list>
            </drop_withdraw_reason>
            <drop_withdraw_reason>
              <title>Withdrawal by Subject</title>
              <participants_list>
                <participants group_id="P1" count="4"/>
              </participants_list>
            </drop_withdraw_reason>
            <drop_withdraw_reason>
              <title>Pregnancy</title>
              <participants_list>
                <participants group_id="P1" count="1"/>
              </participants_list>
            </drop_withdraw_reason>
            <drop_withdraw_reason>
              <title>Non-compliance with Medicinal Product</title>
              <participants_list>
                <participants group_id="P1" count="1"/>
              </participants_list>
            </drop_withdraw_reason>
          </drop_withdraw_reason_list>
        </period>
      </period_list>
    </participant_flow>

    <baseline>
      <population>Baseline measurements consist of the Safety Set (SS).
The Safety Set consists of all subjects that were dosed at least once with Lacosamide (LCM).</population>
      <group_list>
        <group group_id="B1">
          <title>Lacosamide</title>
          <description>Lacosamide was supplied as 50 mg and 100 mg tablets. The starting Lacosamide dose was the same dose reached by a subject at the end of SP0961 (NCT01118949).
Lacosamide was administered twice daily (approx. 12 hours apart, once in the morning and once in the evening) in 2 equally divided doses.</description>
        </group>
      </group_list>
      <measure_list>
        <measure>
          <title>Number of Participants</title>
          <units>participants</units>
          <param>Number</param>
          <category_list>
            <category>
              <measurement_list>
                <measurement group_id="B1" value="39"/>
              </measurement_list>
            </category>
          </category_list>
        </measure>
        <measure>
          <title>Age</title>
          <units>participants</units>
          <param>Number</param>
          <category_list>
            <category>
              <sub_title>&lt;=18 years</sub_title>
              <measurement_list>
                <measurement group_id="B1" value="3"/>
              </measurement_list>
            </category>
            <category>
              <sub_title>Between 18 and 65 years</sub_title>
              <measurement_list>
                <measurement group_id="B1" value="36"/>
              </measurement_list>
            </category>
            <category>
              <sub_title>&gt;=65 years</sub_title>
              <measurement_list>
                <measurement group_id="B1" value="0"/>
              </measurement_list>
            </category>
          </category_list>
        </measure>
        <measure>
          <title>Age</title>
          <units>years</units>
          <param>Mean</param>
          <dispersion>Standard Deviation</dispersion>
          <category_list>
            <category>
              <measurement_list>
                <measurement group_id="B1" value="30.3" spread="10.7"/>
              </measurement_list>
            </category>
          </category_list>
        </measure>
        <measure>
          <title>Gender</title>
          <units>participants</units>
          <param>Number</param>
          <category_list>
            <category>
              <sub_title>Female</sub_title>
              <measurement_list>
                <measurement group_id="B1" value="28"/>
              </measurement_list>
            </category>
            <category>
              <sub_title>Male</sub_title>
              <measurement_list>
                <measurement group_id="B1" value="11"/>
              </measurement_list>
            </category>
          </category_list>
        </measure>
        <measure>
          <title>Region of Enrollment</title>
          <units>participants</units>
          <param>Number</param>
          <category_list>
            <category>
              <sub_title>United States</sub_title>
              <measurement_list>
                <measurement group_id="B1" value="39"/>
              </measurement_list>
            </category>
          </category_list>
        </measure>
        <measure>
          <title>Weight</title>
          <units>Kilograms</units>
          <param>Mean</param>
          <dispersion>Standard Deviation</dispersion>
          <category_list>
            <category>
              <measurement_list>
                <measurement group_id="B1" value="77.66" spread="17.58"/>
              </measurement_list>
            </category>
          </category_list>
        </measure>
        <measure>
          <title>Height</title>
          <units>Centimeters</units>
          <param>Mean</param>
          <dispersion>Standard Deviation</dispersion>
          <category_list>
            <category>
              <measurement_list>
                <measurement group_id="B1" value="167.88" spread="8.25"/>
              </measurement_list>
            </category>
          </category_list>
        </measure>
      </measure_list>
    </baseline>

    <outcome_list>
      <outcome>
        <type>Primary</type>
        <title>Number of Participants With Treatment-emergent Adverse Events (TEAEs) From Visit 1 to the End of Study (Approximately 61 Weeks)</title>
        <time_frame>From Visit 1 to the end of study (Approximately 61 weeks)</time_frame>
        <safety_issue>No</safety_issue>
        <population>Of the 39 subjects in the Safety Set (SS), 39 were included in this analysis.
The SS consists of all subjects that were dosed at least once with Lacosamide (LCM).</population>
        <group_list>
          <group group_id="O1">
            <title>Lacosamide</title>
            <description>Lacosamide was supplied as 50 mg and 100 mg tablets. The starting Lacosamide dose was the same dose reached by a subject at the end of SP0961 (NCT01118949).
Lacosamide was administered twice daily (approx. 12 hours apart, once in the morning and once in the evening) in 2 equally divided doses.</description>
          </group>
        </group_list>
        <measure_list>
          <measure>
            <title>Number of Participants</title>
            <units>participants</units>
            <param>Number</param>
            <category_list>
              <category>
                <measurement_list>
                  <measurement group_id="O1" value="39"/>
                </measurement_list>
              </category>
            </category_list>
          </measure>
          <measure>
            <title>Number of Participants With Treatment-emergent Adverse Events (TEAEs) From Visit 1 to the End of Study (Approximately 61 Weeks)</title>
            <units>participants</units>
            <param>Number</param>
            <category_list>
              <category>
                <measurement_list>
                  <measurement group_id="O1" value="37"/>
                </measurement_list>
              </category>
            </category_list>
          </measure>
        </measure_list>
      </outcome>
      <outcome>
        <type>Primary</type>
        <title>Number of Participants Withdrawn From the Study Due to Treatment-emergent Adverse Events (TEAEs) From Visit 1 to the End of Study (Approximately 61 Weeks)</title>
        <time_frame>From Visit 1 to the end of study (Approximately 61 weeks)</time_frame>
        <safety_issue>No</safety_issue>
        <population>Of the 39 subjects in the Safety Set (SS), 39 were included in this analysis.
The SS consists of all subjects that were dosed at least once with Lacosamide (LCM).</population>
        <group_list>
          <group group_id="O1">
            <title>Lacosamide</title>
            <description>Lacosamide was supplied as 50 mg and 100 mg tablets. The starting Lacosamide dose was the same dose reached by a subject at the end of SP0961 (NCT01118949).
Lacosamide was administered twice daily (approx. 12 hours apart, once in the morning and once in the evening) in 2 equally divided doses.</description>
          </group>
        </group_list>
        <measure_list>
          <measure>
            <title>Number of Participants</title>
            <units>participants</units>
            <param>Number</param>
            <category_list>
              <category>
                <measurement_list>
                  <measurement group_id="O1" value="39"/>
                </measurement_list>
              </category>
            </category_list>
          </measure>
          <measure>
            <title>Number of Participants Withdrawn From the Study Due to Treatment-emergent Adverse Events (TEAEs) From Visit 1 to the End of Study (Approximately 61 Weeks)</title>
            <units>participants</units>
            <param>Number</param>
            <category_list>
              <category>
                <measurement_list>
                  <measurement group_id="O1" value="2"/>
                </measurement_list>
              </category>
            </category_list>
          </measure>
        </measure_list>
      </outcome>
    </outcome_list>

    <reported_events>
      <time_frame>Adverse Events were collected from August 2010 through October 2012. Adverse Event reporting consists of the Safety Set (SS). The Safety Set consists of all subjects that were dosed at least once with Lacosamide (LCM).</time_frame>
      <group_list>
        <group group_id="E1">
          <title>Lacosamide</title>
          <description>Lacosamide was supplied as 50 mg and 100 mg tablets. The starting Lacosamide dose was the same dose reached by a subject at the end of SP0961 (NCT01118949).
Lacosamide was administered twice daily (approx. 12 hours apart, once in the morning and once in the evening) in 2 equally divided doses.</description>
        </group>
      </group_list>
      <serious_events>
        <default_vocab>MedDRA (9.1)</default_vocab>
        <default_assessment>Non-systematic Assessment</default_assessment>
        <category_list>
          <category>
            <title>Total</title>
            <event_list>
              <event>
                <sub_title>Total, serious adverse events</sub_title>
                <counts group_id="E1" subjects_affected="3" subjects_at_risk="39"/>
              </event>
            </event_list>
          </category>
          <category>
            <title>Infections and infestations</title>
            <event_list>
              <event>
                <sub_title>PNEUMONIA</sub_title>
                <counts group_id="E1" events="1" subjects_affected="1" subjects_at_risk="39"/>
              </event>
            </event_list>
          </category>
          <category>
            <title>Nervous system disorders</title>
            <event_list>
              <event>
                <sub_title>CONVULSION</sub_title>
                <counts group_id="E1" events="1" subjects_affected="1" subjects_at_risk="39"/>
              </event>
              <event>
                <sub_title>MIGRAINE</sub_title>
                <counts group_id="E1" events="1" subjects_affected="1" subjects_at_risk="39"/>
              </event>
            </event_list>
          </category>
          <category>
            <title>Psychiatric disorders</title>
            <event_list>
              <event>
                <sub_title>ABNORMAL BEHAVIOUR</sub_title>
                <counts group_id="E1" events="1" subjects_affected="1" subjects_at_risk="39"/>
              </event>
            </event_list>
          </category>
        </category_list>
      </serious_events>
      <other_events>
        <frequency_threshold>5</frequency_threshold>
        <default_vocab>MedDRA (9.1)</default_vocab>
        <default_assessment>Non-systematic Assessment</default_assessment>
        <category_list>
          <category>
            <title>Total</title>
            <event_list>
              <event>
                <sub_title>Total, other adverse events</sub_title>
                <counts group_id="E1" subjects_affected="35" subjects_at_risk="39"/>
              </event>
            </event_list>
          </category>
          <category>
            <title>Cardiac disorders</title>
            <event_list>
              <event>
                <sub_title>PALPITATIONS</sub_title>
                <counts group_id="E1" events="2" subjects_affected="2" subjects_at_risk="39"/>
              </event>
            </event_list>
          </category>
          <category>
            <title>Eye disorders</title>
            <event_list>
              <event>
                <sub_title>DIPLOPIA</sub_title>
                <counts group_id="E1" events="4" subjects_affected="3" subjects_at_risk="39"/>
              </event>
            </event_list>
          </category>
          <category>
            <title>Gastrointestinal disorders</title>
            <event_list>
              <event>
                <sub_title>NAUSEA</sub_title>
                <counts group_id="E1" events="5" subjects_affected="5" subjects_at_risk="39"/>
              </event>
              <event>
                <sub_title>DIARRHOEA</sub_title>
                <counts group_id="E1" events="2" subjects_affected="2" subjects_at_risk="39"/>
              </event>
            </event_list>
          </category>
          <category>
            <title>General disorders</title>
            <event_list>
              <event>
                <sub_title>FATIGUE</sub_title>
                <counts group_id="E1" events="4" subjects_affected="3" subjects_at_risk="39"/>
              </event>
              <event>
                <sub_title>GAIT DISTURBANCE</sub_title>
                <counts group_id="E1" events="2" subjects_affected="2" subjects_at_risk="39"/>
              </event>
            </event_list>
          </category>
          <category>
            <title>Immune system disorders</title>
            <event_list>
              <event>
                <sub_title>SEASONAL ALLERGY</sub_title>
                <counts group_id="E1" events="3" subjects_affected="3" subjects_at_risk="39"/>
              </event>
            </event_list>
          </category>
          <category>
            <title>Infections and infestations</title>
            <event_list>
              <event>
                <sub_title>UPPER RESPIRATORY TRACT INFECTION</sub_title>
                <counts group_id="E1" events="13" subjects_affected="10" subjects_at_risk="39"/>
              </event>
              <event>
                <sub_title>SINUSITIS</sub_title>
                <counts group_id="E1" events="3" subjects_affected="3" subjects_at_risk="39"/>
              </event>
              <event>
                <sub_title>GASTROENTERITIS VIRAL</sub_title>
                <counts group_id="E1" events="3" subjects_affected="2" subjects_at_risk="39"/>
              </event>
              <event>
                <sub_title>INFLUENZA</sub_title>
                <counts group_id="E1" events="2" subjects_affected="2" subjects_at_risk="39"/>
              </event>
              <event>
                <sub_title>TOOTH ABSCESS</sub_title>
                <counts group_id="E1" events="2" subjects_affected="2" subjects_at_risk="39"/>
              </event>
            </event_list>
          </category>
          <category>
            <title>Injury, poisoning and procedural complications</title>
            <event_list>
              <event>
                <sub_title>FALL</sub_title>
                <counts group_id="E1" events="4" subjects_affected="4" subjects_at_risk="39"/>
              </event>
              <event>
                <sub_title>JOINT SPRAIN</sub_title>
                <counts group_id="E1" events="5" subjects_affected="4" subjects_at_risk="39"/>
              </event>
              <event>
                <sub_title>CONTUSION</sub_title>
                <counts group_id="E1" events="3" subjects_affected="3" subjects_at_risk="39"/>
              </event>
              <event>
                <sub_title>EXCORIATION</sub_title>
                <counts group_id="E1" events="2" subjects_affected="2" subjects_at_risk="39"/>
              </event>
              <event>
                <sub_title>MUSCLE STRAIN</sub_title>
                <counts group_id="E1" events="2" subjects_affected="2" subjects_at_risk="39"/>
              </event>
              <event>
                <sub_title>SKIN LACERATION</sub_title>
                <counts group_id="E1" events="2" subjects_affected="2" subjects_at_risk="39"/>
              </event>
            </event_list>
          </category>
          <category>
            <title>Investigations</title>
            <event_list>
              <event>
                <sub_title>WEIGHT INCREASED</sub_title>
                <counts group_id="E1" events="4" subjects_affected="4" subjects_at_risk="39"/>
              </event>
              <event>
                <sub_title>ALANINE AMINOTRANSFERASE INCREASED</sub_title>
                <counts group_id="E1" events="2" subjects_affected="2" subjects_at_risk="39"/>
              </event>
              <event>
                <sub_title>ARTERIAL BRUIT</sub_title>
                <counts group_id="E1" events="2" subjects_affected="2" subjects_at_risk="39"/>
              </event>
              <event>
                <sub_title>ASPARTATE AMINOTRANSFERASE INCREASED</sub_title>
                <counts group_id="E1" events="2" subjects_affected="2" subjects_at_risk="39"/>
              </event>
              <event>
                <sub_title>GAMMA-GLUTAMYLTRANSFERASE INCREASED</sub_title>
                <counts group_id="E1" events="2" subjects_affected="2" subjects_at_risk="39"/>
              </event>
            </event_list>
          </category>
          <category>
            <title>Metabolism and nutrition disorders</title>
            <event_list>
              <event>
                <sub_title>INCREASED APPETITE</sub_title>
                <counts group_id="E1" events="2" subjects_affected="2" subjects_at_risk="39"/>
              </event>
            </event_list>
          </category>
          <category>
            <title>Musculoskeletal and connective tissue disorders</title>
            <event_list>
              <event>
                <sub_title>MUSCULOSKELETAL PAIN</sub_title>
                <counts group_id="E1" events="3" subjects_affected="3" subjects_at_risk="39"/>
              </event>
              <event>
                <sub_title>ARTHRALGIA</sub_title>
                <counts group_id="E1" events="4" subjects_affected="2" subjects_at_risk="39"/>
              </event>
            </event_list>
          </category>
          <category>
            <title>Nervous system disorders</title>
            <event_list>
              <event>
                <sub_title>DIZZINESS</sub_title>
                <counts group_id="E1" events="12" subjects_affected="10" subjects_at_risk="39"/>
              </event>
              <event>
                <sub_title>HEADACHE</sub_title>
                <counts group_id="E1" events="12" subjects_affected="7" subjects_at_risk="39"/>
              </event>
              <event>
                <sub_title>TREMOR</sub_title>
                <counts group_id="E1" events="6" subjects_affected="6" subjects_at_risk="39"/>
              </event>
              <event>
                <sub_title>POSTICTAL STATE</sub_title>
                <counts group_id="E1" events="9" subjects_affected="2" subjects_at_risk="39"/>
              </event>
            </event_list>
          </category>
          <category>
            <title>Psychiatric disorders</title>
            <event_list>
              <event>
                <sub_title>ANXIETY</sub_title>
                <counts group_id="E1" events="5" subjects_affected="4" subjects_at_risk="39"/>
              </event>
              <event>
                <sub_title>CONFUSIONAL STATE</sub_title>
                <counts group_id="E1" events="4" subjects_affected="4" subjects_at_risk="39"/>
              </event>
              <event>
                <sub_title>DEPRESSION</sub_title>
                <counts group_id="E1" events="2" subjects_affected="2" subjects_at_risk="39"/>
              </event>
            </event_list>
          </category>
          <category>
            <title>Respiratory, thoracic and mediastinal disorders</title>
            <event_list>
              <event>
                <sub_title>DYSPNOEA</sub_title>
                <counts group_id="E1" events="4" subjects_affected="4" subjects_at_risk="39"/>
              </event>
              <event>
                <sub_title>RESPIRATORY DISORDER</sub_title>
                <counts group_id="E1" events="2" subjects_affected="2" subjects_at_risk="39"/>
              </event>
            </event_list>
          </category>
          <category>
            <title>Skin and subcutaneous tissue disorders</title>
            <event_list>
              <event>
                <sub_title>ALOPECIA</sub_title>
                <counts group_id="E1" events="2" subjects_affected="2" subjects_at_risk="39"/>
              </event>
            </event_list>
          </category>
        </category_list>
      </other_events>
    </reported_events>

    <certain_agreements>
      <pi_employee>Principal Investigators are NOT employed by the organization sponsoring the study.</pi_employee>
      <restrictive_agreement>UCB has &gt; 60 but &lt;= 180 days to review results communications prior to public release and may delete information that is confidential and compromises ongoing studies or is considered proprietary. This restriction is not intended to compromise the objective scientific integrity of the manuscript, it being understood that the results shall be published regardless of outcome.</restrictive_agreement>
    </certain_agreements>
    <point_of_contact>
      <name_or_title>UCB (Study Director)</name_or_title>
      <organization>UCB Clinical Trial Call Center</organization>
      <phone>+1 887 822 9493</phone>
    </point_of_contact>
  </clinical_results>
</clinical_study>
