<?xml version="1.0" encoding="UTF-8"?>
<clinical_study rank="134">
  <!-- This xml conforms to an XML Schema at:
    https://clinicaltrials.gov/ct2/html/images/info/public.xsd
 and an XML DTD at:
    https://clinicaltrials.gov/ct2/html/images/info/public.dtd -->
  <required_header>
    <download_date>ClinicalTrials.gov processed this data on November 27, 2015</download_date>
    <link_text>Link to the current ClinicalTrials.gov record.</link_text>
    <url>https://clinicaltrials.gov/show/NCT02177877</url>
  </required_header>
  <id_info>
    <org_study_id>SM-29027</org_study_id>
    <nct_id>NCT02177877</nct_id>
  </id_info>
  <brief_title>A Biosensor for Tracking Seizures: Linking a Wrist Accelerometer to an Online Epilepsy Diary</brief_title>
  <official_title>A Biosensor for Tracking Seizures: Linking a Wrist Accelerometer to an Online Epilepsy Diary</official_title>
  <sponsors>
    <lead_sponsor>
      <agency>Stanford University</agency>
      <agency_class>Other</agency_class>
    </lead_sponsor>
    <collaborator>
      <agency>SmartMonitor</agency>
      <agency_class>Other</agency_class>
    </collaborator>
  </sponsors>
  <source>Stanford University</source>
  <oversight_info>
    <authority>United States: Institutional Review Board</authority>
    <has_dmc>Yes</has_dmc>
  </oversight_info>
  <brief_summary>
    <textblock>
      This study will assess whether a movement detecting wristwatch can accurately detect
      seizures and seizure characteristics and record them into an online epilepsy diary. The
      patients may manually record a description into the online epilepsy diary of the symptoms
      they experienced before, during or after the seizure.
    </textblock>
  </brief_summary>
  <detailed_description>
    <textblock>
      Typically, health care providers receive inaccurate patient self- reports. This pilot trial
      will document the feasibility of accurately recording and logging seizures into a
      cloud-based diary, under circumstances of controlled video-EEG monitoring to serve as a
      comparison &quot;gold standard.&quot; More explicitly, we are testing the efficacy of the wristwatch
      in capturing movement parameters correlated with seizure activity and whether these
      parameters can be accurately uploaded into an online epilepsy diary. In the future,
      biosensor data could be valuable to more precisely obtain seizure data for clinical decision
      making as well as use in clinical trials.
    </textblock>
  </detailed_description>
  <overall_status>Recruiting</overall_status>
  <start_date>June 2014</start_date>
  <completion_date type="Anticipated">December 2015</completion_date>
  <primary_completion_date type="Anticipated">December 2015</primary_completion_date>
  <phase>N/A</phase>
  <study_type>Observational</study_type>
  <study_design>Time Perspective: Prospective</study_design>
  <primary_outcome>
    <measure>Capture rate of convulsive seizure events by the watch and watch-diary interface compared to video electroencephalography (vEEG)</measure>
    <time_frame>up to 7 days</time_frame>
    <safety_issue>No</safety_issue>
  </primary_outcome>
  <secondary_outcome>
    <measure>Capture rate of non-seizure events by the watch and watch-diary interface compared to vEEG</measure>
    <time_frame>up to 7 days</time_frame>
    <safety_issue>No</safety_issue>
  </secondary_outcome>
  <secondary_outcome>
    <measure>Frequency of movements of the watch diary interface vs vEEG</measure>
    <time_frame>up to 7 days</time_frame>
    <safety_issue>No</safety_issue>
  </secondary_outcome>
  <secondary_outcome>
    <measure>Amplitude of movements of the watch diary interface vs vEEG</measure>
    <time_frame>up to 7 days</time_frame>
    <safety_issue>No</safety_issue>
  </secondary_outcome>
  <secondary_outcome>
    <measure>Seizure semiology captured by the watch vs vEEG.</measure>
    <time_frame>up to 7 days.</time_frame>
    <safety_issue>No</safety_issue>
  </secondary_outcome>
  <secondary_outcome>
    <measure>Specificity of audio recordings of the watch vs vEEG</measure>
    <time_frame>up to 7 days</time_frame>
    <safety_issue>No</safety_issue>
    <description>Will record audio through the watch and vEEG to assess the specificity of this parameter for epileptic vs nonepileptic seizures</description>
  </secondary_outcome>
  <other_outcome>
    <measure>Recording accuracy of convulsive seizure events by the watch and watch-diary interface compared to vEEG</measure>
    <time_frame>up to 7 days</time_frame>
    <safety_issue>No</safety_issue>
    <description>Will measure the date and time, duration and shake intensity of convulsive seizure events by the watch and watch-diary interface compared to vEEG</description>
  </other_outcome>
  <other_outcome>
    <measure>Feasibility of use of device</measure>
    <time_frame>up to 7 days</time_frame>
    <safety_issue>No</safety_issue>
    <description>Will survey whether the device was easy, neutral, difficult to use</description>
  </other_outcome>
  <other_outcome>
    <measure>Recording accuracy of partial seizures</measure>
    <time_frame>up to 7 days</time_frame>
    <safety_issue>No</safety_issue>
    <description>Will compare partial seizure events detected by vEEG vs. watch-diary vs. patient log vs. caregiver log</description>
  </other_outcome>
  <number_of_groups>1</number_of_groups>
  <enrollment type="Anticipated">10</enrollment>
  <condition>Epilepsy</condition>
  <eligibility>
    <study_pop>
      <textblock>
        Adults with epilepsy over the age of 18 enrolled at the Stanford Epilepsy Monitoring Unit.
      </textblock>
    </study_pop>
    <sampling_method>Non-Probability Sample</sampling_method>
    <criteria>
      <textblock>
        Inclusion Criteria:

        -Adults over the age of 18 with known epileptic convulsive seizures already being admitted
        to the EMU for continuous video EEG.

        Exclusion Criteria:

          -  Patients with only non-convulsive events or only psychogenic non-epileptic seizures.

          -  Patients who are unable to provide consent.

          -  Patients who have developmental delay.
      </textblock>
    </criteria>
    <gender>Both</gender>
    <minimum_age>18 Years</minimum_age>
    <maximum_age>90 Years</maximum_age>
    <healthy_volunteers>No</healthy_volunteers>
  </eligibility>
  <overall_official>
    <last_name>Scheherazade Le, MD</last_name>
    <role>Principal Investigator</role>
    <affiliation>Stanford University</affiliation>
  </overall_official>
  <overall_contact>
    <last_name>Scheherazade Le, MD</last_name>
    <phone>6507236469</phone>
    <email>schele@stanford.edu</email>
  </overall_contact>
  <overall_contact_backup>
    <last_name>Mariel Velez, MD/PhD</last_name>
    <phone>6507239469</phone>
    <email>mvelez@stanford.edu</email>
  </overall_contact_backup>
  <location>
    <facility>
      <name>Stanford Hospital and Clinics</name>
      <address>
        <city>Stanford</city>
        <state>California</state>
        <zip>94305</zip>
        <country>United States</country>
      </address>
    </facility>
    <status>Recruiting</status>
    <contact>
      <last_name>Mariel Velez, MD/PhD</last_name>
      <phone>650-723-6469</phone>
      <email>mvelez@stanford.edu</email>
    </contact>
    <contact_backup>
      <last_name>Scheherazade Le, MD</last_name>
      <phone>6507236469</phone>
      <email>schele@stanford.edu</email>
    </contact_backup>
    <investigator>
      <last_name>Scheherazade Le, MD</last_name>
      <role>Principal Investigator</role>
    </investigator>
    <investigator>
      <last_name>Mariel Velez, MD/PhD</last_name>
      <role>Sub-Investigator</role>
    </investigator>
  </location>
  <location_countries>
    <country>United States</country>
  </location_countries>
  <verification_date>May 2015</verification_date>
  <lastchanged_date>May 22, 2015</lastchanged_date>
  <firstreceived_date>June 26, 2014</firstreceived_date>
  <responsible_party>
    <responsible_party_type>Principal Investigator</responsible_party_type>
    <investigator_affiliation>Stanford University</investigator_affiliation>
    <investigator_full_name>Scheherazade Le</investigator_full_name>
    <investigator_title>Principle Investigator</investigator_title>
  </responsible_party>
  <keyword>Epilepsy</keyword>
  <keyword>Seizures</keyword>
  <keyword>Wrist accelerometer</keyword>
  <keyword>Epilepsy diary</keyword>
  <keyword>Seizure detection</keyword>
  <keyword>Biosensor</keyword>
  <is_fda_regulated>No</is_fda_regulated>
  <has_expanded_access>No</has_expanded_access>
  <condition_browse>
    <!-- CAUTION:  The following MeSH terms are assigned with an imperfect algorithm  -->
    <mesh_term>Epilepsy</mesh_term>
  </condition_browse>
  <!-- Results have not yet been posted for this study                                -->
</clinical_study>
