<?xml version="1.0" encoding="UTF-8"?>
<clinical_study rank="395">
  <!-- This xml conforms to an XML Schema at:
    https://clinicaltrials.gov/ct2/html/images/info/public.xsd
 and an XML DTD at:
    https://clinicaltrials.gov/ct2/html/images/info/public.dtd -->
  <required_header>
    <download_date>ClinicalTrials.gov processed this data on November 27, 2015</download_date>
    <link_text>Link to the current ClinicalTrials.gov record.</link_text>
    <url>https://clinicaltrials.gov/show/NCT00179426</url>
  </required_header>
  <id_info>
    <org_study_id>2001-P-000596</org_study_id>
    <nct_id>NCT00179426</nct_id>
  </id_info>
  <brief_title>Effect of Antiseizure Medication on Hormone Levels and Sexual Function in Men With Epilepsy</brief_title>
  <official_title>Antiseizure Medication-Induced Elevation of Serum Estradiol and Reproductive Dysfunction in Men With Epilepsy</official_title>
  <sponsors>
    <lead_sponsor>
      <agency>Beth Israel Deaconess Medical Center</agency>
      <agency_class>Other</agency_class>
    </lead_sponsor>
    <collaborator>
      <agency>GlaxoSmithKline</agency>
      <agency_class>Industry</agency_class>
    </collaborator>
  </sponsors>
  <source>Beth Israel Deaconess Medical Center</source>
  <oversight_info>
    <authority>United States: Institutional Review Board</authority>
  </oversight_info>
  <brief_summary>
    <textblock>
      The purpose of this study is to determine if antiseizure drugs affect hormone levels and
      sexual function in men with seizures.
    </textblock>
  </brief_summary>
  <detailed_description>
    <textblock>
      This study involves donating two small tubes of blood for hormonal testing, which will be
      drawn at the same time as your routine blood draw for the monitoring of your antiseizure
      medication. You will also be asked to fill out a short confidential questionnaire regarding
      your sexual interest and function.
    </textblock>
  </detailed_description>
  <overall_status>Completed</overall_status>
  <start_date>October 1999</start_date>
  <completion_date>June 2006</completion_date>
  <phase>N/A</phase>
  <study_type>Observational</study_type>
  <study_design>Observational Model: Defined Population, Primary Purpose: Screening, Time Perspective: Cross-Sectional</study_design>
  <enrollment>175</enrollment>
  <condition>Seizure Disorder</condition>
  <condition>Epilepsy</condition>
  <eligibility>
    <criteria>
      <textblock>
        Inclusion Criteria:

          -  Must be a male between 18-50 years of age

          -  Must have seizures

          -  Must be on antiseizure medication for at least six months duration

        Exclusion Criteria:

          -  Must not have taken hormones, major tranquilizers or antidepressants for at least 3
             months
      </textblock>
    </criteria>
    <gender>Male</gender>
    <minimum_age>18 Years</minimum_age>
    <maximum_age>50 Years</maximum_age>
    <healthy_volunteers>No</healthy_volunteers>
  </eligibility>
  <overall_official>
    <last_name>Andrew G. Herzog, M.D., M.Sc.</last_name>
    <role>Principal Investigator</role>
    <affiliation>Beth Israel Deaconess Medical Center</affiliation>
  </overall_official>
  <location>
    <facility>
      <name>Beth Israel Deaconess Medical Center</name>
      <address>
        <city>Boston</city>
        <state>Massachusetts</state>
        <zip>02215</zip>
        <country>United States</country>
      </address>
    </facility>
  </location>
  <location_countries>
    <country>United States</country>
  </location_countries>
  <results_reference>
    <citation>Herzog AG, Drislane FW, Schomer DL, Pennell PB, Bromfield EB, Kelly KM, Farina EL, Frye CA. Differential effects of antiepileptic drugs on sexual function and reproductive hormones in men with epilepsy: interim analysis of a comparison between lamotrigine and enzyme-inducing antiepileptic drugs. Epilepsia. 2004 Jul;45(7):764-8.</citation>
    <PMID>15230699</PMID>
  </results_reference>
  <verification_date>September 2005</verification_date>
  <lastchanged_date>September 7, 2006</lastchanged_date>
  <firstreceived_date>September 12, 2005</firstreceived_date>
  <keyword>Seizure Disorder</keyword>
  <keyword>Hypogonadism</keyword>
  <keyword>Sexual Function</keyword>
  <keyword>Epilepsy</keyword>
  <has_expanded_access>No</has_expanded_access>
  <condition_browse>
    <!-- CAUTION:  The following MeSH terms are assigned with an imperfect algorithm  -->
    <mesh_term>Epilepsy</mesh_term>
  </condition_browse>
  <!-- Results have not yet been posted for this study                                -->
</clinical_study>
