<?xml version="1.0" encoding="UTF-8"?>
<clinical_study rank="347">
  <!-- This xml conforms to an XML Schema at:
    https://clinicaltrials.gov/ct2/html/images/info/public.xsd
 and an XML DTD at:
    https://clinicaltrials.gov/ct2/html/images/info/public.dtd -->
  <required_header>
    <download_date>ClinicalTrials.gov processed this data on November 27, 2015</download_date>
    <link_text>Link to the current ClinicalTrials.gov record.</link_text>
    <url>https://clinicaltrials.gov/show/NCT00029536</url>
  </required_header>
  <id_info>
    <org_study_id>2001P-0001408</org_study_id>
    <secondary_id>NINDS NS39466</secondary_id>
    <secondary_id>CRC</secondary_id>
    <nct_id>NCT00029536</nct_id>
  </id_info>
  <brief_title>Progesterone vs Placebo Therapy for Women With Epilepsy</brief_title>
  <official_title>Phase 3 Study of Progesterone vs Placebo Therapy</official_title>
  <sponsors>
    <lead_sponsor>
      <agency>Beth Israel Deaconess Medical Center</agency>
      <agency_class>Other</agency_class>
    </lead_sponsor>
    <collaborator>
      <agency>Brigham and Women's Hospital</agency>
      <agency_class>Other</agency_class>
    </collaborator>
    <collaborator>
      <agency>Columbia University</agency>
      <agency_class>Other</agency_class>
    </collaborator>
    <collaborator>
      <agency>Dartmouth-Hitchcock Medical Center</agency>
      <agency_class>Other</agency_class>
    </collaborator>
    <collaborator>
      <agency>Emory University</agency>
      <agency_class>Other</agency_class>
    </collaborator>
    <collaborator>
      <agency>Johns Hopkins University</agency>
      <agency_class>Other</agency_class>
    </collaborator>
    <collaborator>
      <agency>MINCEP Epilepsy Care</agency>
      <agency_class>Other</agency_class>
    </collaborator>
    <collaborator>
      <agency>Montreal Neurological Institute and Hospital</agency>
      <agency_class>Other</agency_class>
    </collaborator>
    <collaborator>
      <agency>Ohio State University</agency>
      <agency_class>Other</agency_class>
    </collaborator>
    <collaborator>
      <agency>Thomas Jefferson University</agency>
      <agency_class>Other</agency_class>
    </collaborator>
    <collaborator>
      <agency>University of Maryland</agency>
      <agency_class>Other</agency_class>
    </collaborator>
    <collaborator>
      <agency>University of Southern California</agency>
      <agency_class>Other</agency_class>
    </collaborator>
    <collaborator>
      <agency>University of Virginia</agency>
      <agency_class>Other</agency_class>
    </collaborator>
    <collaborator>
      <agency>Weill Medical College of Cornell University</agency>
      <agency_class>Other</agency_class>
    </collaborator>
  </sponsors>
  <source>Beth Israel Deaconess Medical Center</source>
  <oversight_info>
    <authority>United States: Food and Drug Administration</authority>
    <has_dmc>Yes</has_dmc>
  </oversight_info>
  <brief_summary>
    <textblock>
      There is considerable evidence to suggest that natural progesterone has anti-seizure
      properties. The purpose of this study is to determine if progesterone supplement during the
      second half of the menstrual cycle lessens seizure frequency in women with epilepsy.
    </textblock>
  </brief_summary>
  <detailed_description>
    <textblock>
      This is a 6-month study. The first 3 months will gather baseline information on seizures,
      antiepileptic drug levels , menstrual cycles, hormone levels, emotional function, and
      quality of life. The second 3 months will assess the effects of treatment on these
      parameters.
    </textblock>
  </detailed_description>
  <overall_status>Completed</overall_status>
  <start_date>October 2000</start_date>
  <completion_date type="Actual">June 2010</completion_date>
  <primary_completion_date type="Actual">June 2010</primary_completion_date>
  <phase>Phase 3</phase>
  <study_type>Interventional</study_type>
  <study_design>Allocation: Randomized, Endpoint Classification: Safety/Efficacy Study, Intervention Model: Parallel Assignment, Masking: Double Blind (Subject, Caregiver, Investigator, Outcomes Assessor), Primary Purpose: Treatment</study_design>
  <primary_outcome>
    <measure>Number of women who show a greater than 50% decline in average daily seizure frequency</measure>
    <time_frame>9 years</time_frame>
    <safety_issue>Yes</safety_issue>
  </primary_outcome>
  <secondary_outcome>
    <measure>Number of women who show a &gt;50% decline in average daily seizure frequency for the most severe seizure type.</measure>
    <time_frame>9 years</time_frame>
    <safety_issue>Yes</safety_issue>
  </secondary_outcome>
  <secondary_outcome>
    <measure>Number of women who show a greater than 50% decline in average daily seizure frequency for secondary generalized, complex partial and simple partial seizures considered separately</measure>
    <time_frame>9 years</time_frame>
    <safety_issue>Yes</safety_issue>
  </secondary_outcome>
  <secondary_outcome>
    <measure>Number of women who show a decline in average daily seizure frequency.</measure>
    <time_frame>9 years</time_frame>
    <safety_issue>Yes</safety_issue>
  </secondary_outcome>
  <secondary_outcome>
    <measure>Change in average daily seizure frequency during the entire cycle.</measure>
    <time_frame>9 years</time_frame>
    <safety_issue>Yes</safety_issue>
  </secondary_outcome>
  <secondary_outcome>
    <measure>Change in average daily seizure frequency during the period of progesterone use (Day 14 to -1) and no progesterone use (Day 1 to 13).</measure>
    <time_frame>9 years</time_frame>
    <safety_issue>No</safety_issue>
  </secondary_outcome>
  <secondary_outcome>
    <measure>Change in seizure severity on treatment versus baseline.</measure>
    <time_frame>9 years</time_frame>
    <safety_issue>No</safety_issue>
  </secondary_outcome>
  <secondary_outcome>
    <measure>Change in quality of life score.</measure>
    <time_frame>9 years</time_frame>
    <safety_issue>No</safety_issue>
  </secondary_outcome>
  <secondary_outcome>
    <measure>Association of change in seizure frequency with changes in serum levels of progesterone, allopregnanolone, estradiol and estradiol/progesterone.</measure>
    <time_frame>9 years</time_frame>
    <safety_issue>No</safety_issue>
  </secondary_outcome>
  <secondary_outcome>
    <measure>Association of change in seizure frequency with changes in serum levels of antiepileptic drugs</measure>
    <time_frame>9 years</time_frame>
    <safety_issue>Yes</safety_issue>
  </secondary_outcome>
  <number_of_arms>2</number_of_arms>
  <enrollment type="Actual">462</enrollment>
  <condition>Epilepsy</condition>
  <arm_group>
    <arm_group_label>1</arm_group_label>
    <arm_group_type>Experimental</arm_group_type>
    <description>Progesterone Lozenges</description>
  </arm_group>
  <arm_group>
    <arm_group_label>2</arm_group_label>
    <arm_group_type>Placebo Comparator</arm_group_type>
    <description>Matched Placebo</description>
  </arm_group>
  <intervention>
    <intervention_type>Biological</intervention_type>
    <intervention_name>Natural Progesterone</intervention_name>
    <description>200mg Progesterone Lozenges and Matched Placebo Lozenges</description>
    <arm_group_label>1</arm_group_label>
    <arm_group_label>2</arm_group_label>
  </intervention>
  <eligibility>
    <criteria>
      <textblock>
        INCLUSION:

          1. Subject must be between the ages of 13 and 45.

          2. Subject must have a history of seizures (documented by EEG).

          3. Subject must have had at least 2 seizures or auras per month during the past 3
             months.

          4. Subject must be on stable antiepileptic drug therapy for at least 2 months.

          5. Subject must have cycle intervals between 21 and 35 days during 6 months prior to
             entry.

        EXCLUSION:

          1. Subject that is pregnant or lactating.

          2. Subject that is on major tranquilizers, antidepressant medications, or reproductive
             hormones.

          3. Subject that is unable to document seizures.
      </textblock>
    </criteria>
    <gender>Female</gender>
    <minimum_age>13 Years</minimum_age>
    <maximum_age>45 Years</maximum_age>
    <healthy_volunteers>No</healthy_volunteers>
  </eligibility>
  <overall_official>
    <last_name>Andrew G Herzog, M.D., M.Sc.</last_name>
    <role>Principal Investigator</role>
    <affiliation>Beth Israel Deaconess Medical Center</affiliation>
  </overall_official>
  <location>
    <facility>
      <name>University of Southern California, Keck School of Medicine</name>
      <address>
        <city>Los Angeles</city>
        <state>California</state>
        <zip>90033</zip>
        <country>United States</country>
      </address>
    </facility>
  </location>
  <location>
    <facility>
      <name>Emory University School of Medicine</name>
      <address>
        <city>Atlanta</city>
        <state>Georgia</state>
        <zip>30322</zip>
        <country>United States</country>
      </address>
    </facility>
  </location>
  <location>
    <facility>
      <name>Johns Hopkins Bayview Medical Center; Johns Hopkins Hospital</name>
      <address>
        <city>Baltimore</city>
        <state>Maryland</state>
        <zip>21287</zip>
        <country>United States</country>
      </address>
    </facility>
  </location>
  <location>
    <facility>
      <name>University of Maryland</name>
      <address>
        <city>Baltimore</city>
        <state>Maryland</state>
        <zip>21201</zip>
        <country>United States</country>
      </address>
    </facility>
  </location>
  <location>
    <facility>
      <name>Beth Israel Deaconess Medical Center, Harvard Neuroendocrine Unit</name>
      <address>
        <city>Boston</city>
        <state>Massachusetts</state>
        <zip>02215</zip>
        <country>United States</country>
      </address>
    </facility>
  </location>
  <location>
    <facility>
      <name>Brigham and Women's Hospital</name>
      <address>
        <city>Boston</city>
        <state>Massachusetts</state>
        <zip>02115</zip>
        <country>United States</country>
      </address>
    </facility>
  </location>
  <location>
    <facility>
      <name>Henry Ford Hospital</name>
      <address>
        <city>Detroit</city>
        <state>Michigan</state>
        <zip>48202</zip>
        <country>United States</country>
      </address>
    </facility>
  </location>
  <location>
    <facility>
      <name>MINCEP Epilepsy Care</name>
      <address>
        <city>Minneapolis</city>
        <state>Minnesota</state>
        <zip>55416</zip>
        <country>United States</country>
      </address>
    </facility>
  </location>
  <location>
    <facility>
      <name>Dartmouth-Hitchcock Medical Center</name>
      <address>
        <city>Lebanon</city>
        <state>New Hampshire</state>
        <zip>03756</zip>
        <country>United States</country>
      </address>
    </facility>
  </location>
  <location>
    <facility>
      <name>Columbia Medical Center</name>
      <address>
        <city>New York</city>
        <state>New York</state>
        <zip>10032</zip>
        <country>United States</country>
      </address>
    </facility>
  </location>
  <location>
    <facility>
      <name>New York Presbyterian Hospital- Weill Medical College of Cornell University, Comprehensive Epilepsy Center</name>
      <address>
        <city>New York</city>
        <state>New York</state>
        <zip>10021</zip>
        <country>United States</country>
      </address>
    </facility>
  </location>
  <location>
    <facility>
      <name>Ohio State University</name>
      <address>
        <city>Columbus</city>
        <state>Ohio</state>
        <zip>43210</zip>
        <country>United States</country>
      </address>
    </facility>
  </location>
  <location>
    <facility>
      <name>Thomas Jefferson University Hospital, Comprehensive Epilepsy Center</name>
      <address>
        <city>Philadelphia</city>
        <state>Pennsylvania</state>
        <zip>19107</zip>
        <country>United States</country>
      </address>
    </facility>
  </location>
  <location>
    <facility>
      <name>University of Virginia</name>
      <address>
        <city>Charlottesville</city>
        <state>Virginia</state>
        <zip>22908</zip>
        <country>United States</country>
      </address>
    </facility>
  </location>
  <location>
    <facility>
      <name>Montreal Neurological Institute</name>
      <address>
        <city>Montreal</city>
        <state>Quebec</state>
        <zip>H3A 2B4</zip>
        <country>Canada</country>
      </address>
    </facility>
  </location>
  <location_countries>
    <country>Canada</country>
    <country>United States</country>
  </location_countries>
  <reference>
    <citation>Herzog AG. Progesterone therapy in women with complex partial and secondary generalized seizures. Neurology. 1995 Sep;45(9):1660-2.</citation>
    <PMID>7675223</PMID>
  </reference>
  <reference>
    <citation>Herzog AG. Progesterone therapy in women with epilepsy: a 3-year follow-up. Neurology. 1999 Jun 10;52(9):1917-8.</citation>
    <PMID>10371551</PMID>
  </reference>
  <reference>
    <citation>Herzog AG, Klein P, Ransil BJ. Three patterns of catamenial epilepsy. Epilepsia. 1997 Oct;38(10):1082-8.</citation>
    <PMID>9579954</PMID>
  </reference>
  <results_reference>
    <citation>Herzog AG, Harden CL, Liporace J, Pennell P, Schomer DL, Sperling M, Fowler K, Nikolov B, Shuman S, Newman M. Frequency of catamenial seizure exacerbation in women with localization-related epilepsy. Ann Neurol. 2004 Sep;56(3):431-4.</citation>
    <PMID>15349872</PMID>
  </results_reference>
  <verification_date>July 2010</verification_date>
  <lastchanged_date>July 20, 2010</lastchanged_date>
  <firstreceived_date>January 15, 2002</firstreceived_date>
  <responsible_party>
    <name_title>Andrew G. Herzog, MD</name_title>
    <organization>Beth Israel Deaconess Medical Center</organization>
  </responsible_party>
  <keyword>Epilepsy</keyword>
  <keyword>Seizure</keyword>
  <keyword>Hormone</keyword>
  <keyword>Progesterone</keyword>
  <keyword>Catamenial</keyword>
  <is_fda_regulated>Yes</is_fda_regulated>
  <is_section_801>Yes</is_section_801>
  <has_expanded_access>No</has_expanded_access>
  <condition_browse>
    <!-- CAUTION:  The following MeSH terms are assigned with an imperfect algorithm  -->
    <mesh_term>Epilepsy</mesh_term>
  </condition_browse>
  <intervention_browse>
    <!-- CAUTION:  The following MeSH terms are assigned with an imperfect algorithm  -->
    <mesh_term>Progesterone</mesh_term>
  </intervention_browse>
  <!-- Results have not yet been posted for this study                                -->
</clinical_study>
