<?xml version="1.0" encoding="UTF-8"?>
<clinical_study rank="399">
  <!-- This xml conforms to an XML Schema at:
    https://clinicaltrials.gov/ct2/html/images/info/public.xsd
 and an XML DTD at:
    https://clinicaltrials.gov/ct2/html/images/info/public.dtd -->
  <required_header>
    <download_date>ClinicalTrials.gov processed this data on December 01, 2015</download_date>
    <link_text>Link to the current ClinicalTrials.gov record.</link_text>
    <url>https://clinicaltrials.gov/show/NCT00393666</url>
  </required_header>
  <id_info>
    <org_study_id>NIH R01 NS055829</org_study_id>
    <secondary_id>HIC # 18514</secondary_id>
    <nct_id>NCT00393666</nct_id>
  </id_info>
  <brief_title>Why Are Patients With Absence Seizures Absent? A Brain Imaging Study</brief_title>
  <official_title>Functional Neuroimaging in Childhood Absence Epilepsy</official_title>
  <sponsors>
    <lead_sponsor>
      <agency>Yale University</agency>
      <agency_class>Other</agency_class>
    </lead_sponsor>
    <collaborator>
      <agency>National Institutes of Health (NIH)</agency>
      <agency_class>NIH</agency_class>
    </collaborator>
  </sponsors>
  <source>Yale University</source>
  <oversight_info>
    <authority>United States: Institutional Review Board</authority>
  </oversight_info>
  <brief_summary>
    <textblock>
      Our study examines which different brain regions are involved in child absence seizures and
      how they are related to attention and cognition.
    </textblock>
  </brief_summary>
  <detailed_description>
    <textblock>
      The fundamental mechanisms of altered brain function and impaired attention in childhood
      absence epilepsy (CAE) are not known. Absence seizures consist of brief 5-10 seconds
      episodes of unresponsiveness, associated with a 3-4 Hz &quot;spike-wave&quot; discharge on
      electroencephalogram (EEG). CAE affects 10-15% of children with epilepsy. In addition to the
      deficit during seizures, many children also suffer from milder attention impairment between
      absence episodes, which may not be due entirely to medications. Impaired attention during
      and between absence seizures has a major negative impact on patient quality of life due to
      deficits in school performance, potential for injuries, and social stigma.

      Recent studies suggest that impaired cognition in so-called &quot;generalized&quot; absence seizures
      may, in fact, depend on dysfunction in specific brain networks. Our central hypothesis is:
      abnormal function in focal brain regions, such as the anterior cingulate/medial prefrontal
      cortex and medial thalamus, causes impaired attention both during and between seizures in
      CAE. If confirmed, this may lead to innovative regional therapies targeted at improving
      impaired attention in CAE. Specifically, we hope to determine which specific cortical and
      sub-cortical networks are selectively involved when patients show impaired attention. Using
      simultaneous EEG and functional magnetic resonance imaging (fMRI), we will determine which
      brain regions are involved in absence seizures while using a continuous performance task
      (CPT) to test attention vigilance in the same patients. A few neuropsychology tests will
      then follow. Patients will be reimbursed $100 as well as all travel and parking expenses.

      For more information, please visit www.yalecae.com
    </textblock>
  </detailed_description>
  <overall_status>Recruiting</overall_status>
  <start_date>September 2006</start_date>
  <completion_date type="Anticipated">September 2015</completion_date>
  <primary_completion_date type="Anticipated">September 2015</primary_completion_date>
  <phase>N/A</phase>
  <study_type>Observational</study_type>
  <study_design>Observational Model: Case Control, Time Perspective: Prospective</study_design>
  <number_of_groups>1</number_of_groups>
  <enrollment type="Anticipated">180</enrollment>
  <condition>Childhood Absence Epilepsy</condition>
  <biospec_retention>Samples With DNA</biospec_retention>
  <biospec_descr>
    <textblock>
      Saliva samples
    </textblock>
  </biospec_descr>
  <eligibility>
    <study_pop>
      <textblock>
        Pediatric patients diagnosed with absence epilepsy
      </textblock>
    </study_pop>
    <sampling_method>Non-Probability Sample</sampling_method>
    <criteria>
      <textblock>
        Inclusion Criteria:

          -  Confirmed diagnosis of childhood absence epilepsy or juvenile absence epilepsy

          -  No other serious health problems or neurological problems

          -  6 years or older

        Exclusion Criteria:

          -  No history of myoclonic or tonic-clonic seizures
      </textblock>
    </criteria>
    <gender>Both</gender>
    <minimum_age>6 Years</minimum_age>
    <maximum_age>18 Years</maximum_age>
    <healthy_volunteers>Accepts Healthy Volunteers</healthy_volunteers>
  </eligibility>
  <overall_official>
    <last_name>Hal Blumenfeld, MD, PhD</last_name>
    <role>Principal Investigator</role>
    <affiliation>Yale University</affiliation>
  </overall_official>
  <overall_official>
    <last_name>Michiro Negishi, PhD</last_name>
    <role>Study Director</role>
    <affiliation>Diagnostic Radiology</affiliation>
  </overall_official>
  <overall_official>
    <last_name>R. Todd Constable, PhD</last_name>
    <role>Study Director</role>
    <affiliation>Yale University</affiliation>
  </overall_official>
  <overall_official>
    <last_name>Jennifer Guo, MS</last_name>
    <role>Study Director</role>
    <affiliation>Yale University</affiliation>
  </overall_official>
  <overall_contact>
    <last_name>Hal Blumenfeld, MD, PhD</last_name>
    <phone>203-815-7231</phone>
    <email>hal.blumenfeld@yale.edu</email>
  </overall_contact>
  <location>
    <facility>
      <name>Yale University School of Medicine, Neurology Department</name>
      <address>
        <city>New Haven</city>
        <state>Connecticut</state>
        <zip>06510</zip>
        <country>United States</country>
      </address>
    </facility>
    <status>Recruiting</status>
    <investigator>
      <last_name>Hal Blumenfeld, MD, PhD</last_name>
      <role>Principal Investigator</role>
    </investigator>
  </location>
  <location_countries>
    <country>United States</country>
  </location_countries>
  <verification_date>April 2015</verification_date>
  <lastchanged_date>April 30, 2015</lastchanged_date>
  <firstreceived_date>October 23, 2006</firstreceived_date>
  <responsible_party>
    <responsible_party_type>Principal Investigator</responsible_party_type>
    <investigator_affiliation>Yale University</investigator_affiliation>
    <investigator_full_name>Hal Blumenfeld</investigator_full_name>
    <investigator_title>Principal Investigator</investigator_title>
  </responsible_party>
  <keyword>Absence</keyword>
  <keyword>Epilepsy</keyword>
  <keyword>Seizure</keyword>
  <keyword>Brain</keyword>
  <is_fda_regulated>No</is_fda_regulated>
  <has_expanded_access>No</has_expanded_access>
  <condition_browse>
    <!-- CAUTION:  The following MeSH terms are assigned with an imperfect algorithm  -->
    <mesh_term>Epilepsy</mesh_term>
    <mesh_term>Epilepsy, Absence</mesh_term>
  </condition_browse>
  <!-- Results have not yet been posted for this study                                -->
</clinical_study>
