<?xml version="1.0" encoding="UTF-8"?>
<clinical_study rank="65">
  <!-- This xml conforms to an XML Schema at:
    https://clinicaltrials.gov/ct2/html/images/info/public.xsd
 and an XML DTD at:
    https://clinicaltrials.gov/ct2/html/images/info/public.dtd -->
  <required_header>
    <download_date>ClinicalTrials.gov processed this data on November 27, 2015</download_date>
    <link_text>Link to the current ClinicalTrials.gov record.</link_text>
    <url>https://clinicaltrials.gov/show/NCT00415376</url>
  </required_header>
  <id_info>
    <org_study_id>CDR0000520380</org_study_id>
    <secondary_id>NU-05CC11</secondary_id>
    <secondary_id>NU-1398-032</secondary_id>
    <secondary_id>UCB-NU-05CC11</secondary_id>
    <nct_id>NCT00415376</nct_id>
  </id_info>
  <brief_title>Levetiracetam in Treating Patients With Seizures Caused by Brain Metastases</brief_title>
  <official_title>A Pilot Study of the Efficacy of Levetiracetam in Patients With Seizures From Brain Metastases</official_title>
  <sponsors>
    <lead_sponsor>
      <agency>Northwestern University</agency>
      <agency_class>Other</agency_class>
    </lead_sponsor>
    <collaborator>
      <agency>National Cancer Institute (NCI)</agency>
      <agency_class>NIH</agency_class>
    </collaborator>
  </sponsors>
  <source>Northwestern University</source>
  <oversight_info>
    <authority>United States: Federal Government</authority>
  </oversight_info>
  <brief_summary>
    <textblock>
      RATIONALE: Anticonvulsant drugs, such as levetiracetam, may help control seizures caused by
      brain metastases.

      PURPOSE: This clinical trial is studying the side effects and how well levetiracetam works
      in treating patients with seizures caused by brain metastases.
    </textblock>
  </brief_summary>
  <detailed_description>
    <textblock>
      OBJECTIVES:

        -  Determine the optimal dose of levetiracetam required to control seizures from brain
           metastases in patients with solid tumors.

        -  Determine the frequency of side effects and tolerability of this drug when used to
           control seizures in these patients.

        -  Determine any improvement in antiepileptic drug-associated symptoms in these patients.

      OUTLINE: This is a pilot study. Patients are stratified according to baseline seizures (yes
      vs no) and/or baseline antiepileptic drugs (AEDs) (yes vs no). Patients are assigned to 1 of
      3 treatment groups.

        -  Group I (patients with no active baseline seizures): Patients receive oral
           levetiracetam twice daily beginning on day 1.

        -  Group II (patients requiring IV AEDs for baseline seizure control): Patients receive
           oral levetiracetam (instead of their current anticonvulsant therapy) twice daily
           beginning on day 1, after their presenting condition has stabilized.

        -  Group III (patients with active seizures controlled by other concurrent anticonvulsant
           monotherapy): Patients receive oral levetiracetam (instead of their current
           anticonvulsant therapy) twice daily beginning on day 1. Treatment with the other
           anticonvulsant drug is tapered beginning on day 3 as directed by the treating
           physician.

      In all groups, treatment continues for up to 6 months in the absence of uncontrolled
      seizures or unacceptable toxicities.

      During study therapy, patients maintain a seizure log that tracks frequency and type of
      seizures. Any patient who experiences a breakthrough seizure or multiple auras receives
      increasing doses of oral levetiracetam until the maximum dose is reached. Patients who
      continue to have seizures at the maximum dose level receive a second antiseizure medication
      at the discretion of the treating physician.

      Quality of life is assessed by the Fundamental Assessment of Cancer Treatment-Brain
      questionnaire at baseline and at 2 months.

      PROJECTED ACCRUAL: A total of 30 patients will be accrued for this study.
    </textblock>
  </detailed_description>
  <overall_status>Withdrawn</overall_status>
  <why_stopped>
    Unable to accrue subjects
  </why_stopped>
  <start_date>February 2007</start_date>
  <completion_date>July 2007</completion_date>
  <primary_completion_date type="Actual">July 2007</primary_completion_date>
  <phase>N/A</phase>
  <study_type>Interventional</study_type>
  <study_design>Primary Purpose: Supportive Care</study_design>
  <primary_outcome>
    <measure>Seizure control (lack of seizure activity)</measure>
  </primary_outcome>
  <enrollment type="Actual">0</enrollment>
  <condition>Brain and Central Nervous System Tumors</condition>
  <condition>Seizure</condition>
  <condition>Unspecified Adult Solid Tumor, Protocol Specific</condition>
  <intervention>
    <intervention_type>Drug</intervention_type>
    <intervention_name>levetiracetam</intervention_name>
  </intervention>
  <intervention>
    <intervention_type>Procedure</intervention_type>
    <intervention_name>quality-of-life assessment</intervention_name>
  </intervention>
  <eligibility>
    <criteria>
      <textblock>
        DISEASE CHARACTERISTICS:

          -  Histologically confirmed solid tumor

               -  Pathological confirmation of brain metastasis is not required provided the
                  clinical and neuroradiographic picture is typical

          -  Has had at least one prior seizure due to brain metastasis

        PATIENT CHARACTERISTICS:

          -  Life expectancy ≥ 12 weeks

          -  Not pregnant or nursing

          -  Negative pregnancy test

          -  Fertile patients must use effective contraception

          -  Absolute neutrophil count ≥ 1,500/mm³

          -  Platelet count ≥ 100,000/mm³

          -  Hemoglobin ≥ 10 g/dL

          -  BUN &lt; 5 times upper limit of normal (ULN)

          -  Creatinine &lt; 5 times ULN

          -  Bilirubin &lt; 1.5 times ULN

          -  AST and ALT ≤ 3 times ULN

          -  Alkaline phosphatase ≤ 2 times ULN

          -  No allergy to levetiracetam

        PRIOR CONCURRENT THERAPY:

          -  Prior levetiracetam allowed provided it was initiated within the past 14 days

          -  Other concurrent anticonvulsant monotherapy allowed provided therapy was initiated
             within the past 30 days
      </textblock>
    </criteria>
    <gender>Both</gender>
    <minimum_age>18 Years</minimum_age>
    <maximum_age>N/A</maximum_age>
    <healthy_volunteers>No</healthy_volunteers>
  </eligibility>
  <overall_official>
    <last_name>Jeffrey J. Raizer, MD</last_name>
    <role>Principal Investigator</role>
    <affiliation>Robert H. Lurie Cancer Center</affiliation>
  </overall_official>
  <removed_countries>
    <country>United States</country>
  </removed_countries>
  <verification_date>May 2012</verification_date>
  <lastchanged_date>May 17, 2012</lastchanged_date>
  <firstreceived_date>December 20, 2006</firstreceived_date>
  <responsible_party>
    <responsible_party_type>Sponsor</responsible_party_type>
  </responsible_party>
  <keyword>seizure</keyword>
  <keyword>adult tumors metastatic to brain</keyword>
  <keyword>unspecified adult solid tumor, protocol specific</keyword>
  <is_fda_regulated>Yes</is_fda_regulated>
  <is_section_801>No</is_section_801>
  <has_expanded_access>No</has_expanded_access>
  <condition_browse>
    <!-- CAUTION:  The following MeSH terms are assigned with an imperfect algorithm  -->
    <mesh_term>Central Nervous System Neoplasms</mesh_term>
    <mesh_term>Nervous System Neoplasms</mesh_term>
    <mesh_term>Seizures</mesh_term>
  </condition_browse>
  <intervention_browse>
    <!-- CAUTION:  The following MeSH terms are assigned with an imperfect algorithm  -->
    <mesh_term>Etiracetam</mesh_term>
  </intervention_browse>
  <!-- Results have not yet been posted for this study                                -->
</clinical_study>
