<?xml version="1.0" encoding="UTF-8"?>
<clinical_study rank="67">
  <!-- This xml conforms to an XML Schema at:
    https://clinicaltrials.gov/ct2/html/images/info/public.xsd
 and an XML DTD at:
    https://clinicaltrials.gov/ct2/html/images/info/public.dtd -->
  <required_header>
    <download_date>ClinicalTrials.gov processed this data on December 01, 2015</download_date>
    <link_text>Link to the current ClinicalTrials.gov record.</link_text>
    <url>https://clinicaltrials.gov/show/NCT00376766</url>
  </required_header>
  <id_info>
    <org_study_id>DTCIC 05 24</org_study_id>
    <nct_id>NCT00376766</nct_id>
  </id_info>
  <brief_title>Clinical Trial : TROCC (Quick Oral Treatment of Cluster Epileptic Seizures)</brief_title>
  <official_title>Rapid Oral Treatment of Cluster Epileptic Seizures. Efficacy Assessment of Levetiracetam in Cluster Seizures.</official_title>
  <sponsors>
    <lead_sponsor>
      <agency>University Hospital, Grenoble</agency>
      <agency_class>Other</agency_class>
    </lead_sponsor>
    <collaborator>
      <agency>Institut National de la Santé Et de la Recherche Médicale, France</agency>
      <agency_class>Other</agency_class>
    </collaborator>
    <collaborator>
      <agency>UCB Pharma</agency>
      <agency_class>Industry</agency_class>
    </collaborator>
  </sponsors>
  <source>University Hospital, Grenoble</source>
  <oversight_info>
    <authority>France: Afssaps - Agence française de sécurité sanitaire des produits de santé (Saint-Denis)</authority>
    <has_dmc>No</has_dmc>
  </oversight_info>
  <brief_summary>
    <textblock>
      This is a double blind, placebo controlled, add-on clinical trial, of levetiracetam efficacy
      and safety, in epilepsy cluster seizure.

      Efficacy is evaluated in the range of 2 to 24 hours after taking the tablet. If the patient
      has a seizure during this interval, he is considered as a non-respondent patient.
    </textblock>
  </brief_summary>
  <detailed_description>
    <textblock>
      Seizure clustering has been defined as a series of unusual frequency of seizures with return
      to baseline between events. The most common definition of cluster seizure is three seizures
      per 24 hours.

      The usual treatment of cluster seizure is benzodiazepin. This is recognized efficient
      therapy but has many side effects. Thus it is important to develop as an new therapeutic to
      improve patient care. Levetiracetam is an antiepileptic drug used in addition to other
      antiepileptic drugs with less side effects than benzodiazepin.

      The aim of this study is to evaluate the effectiveness and safety of levetiracetam in
      epilepsy cluster seizure.

      This is a double blind, placebo controlled, add-on clinical trial with two phases :

      Phase 1 : Double blind phase during 24 hours (H0 to H24). After consent signature and
      randomization, the patient takes two tablets of levetiracetam or placebo. If the patient has
      a seizure between H3 and H24, he is considered as a non-respondent patient. If there is a
      risk of rapid evolution to an statue epilepticus, the investigator can break the blind and
      adapt the patient treatment accordingly.

      Phase 2 : This is an open phase after H24. this phase consists of breaking the blind with
      free adaption of the therapy by the investigator, and patients follow-up during 1 month.

      The randomization is stratify by center. The size of randomization blocks is random because
      of the systematic breaking blind after 24 hours.
    </textblock>
  </detailed_description>
  <overall_status>Terminated</overall_status>
  <why_stopped>
    recruitment recruitment recruitment recruitment difficulties
  </why_stopped>
  <start_date>February 2007</start_date>
  <completion_date type="Actual">April 2008</completion_date>
  <primary_completion_date type="Actual">April 2008</primary_completion_date>
  <phase>Phase 3</phase>
  <study_type>Interventional</study_type>
  <study_design>Allocation: Randomized, Endpoint Classification: Efficacy Study, Intervention Model: Parallel Assignment, Masking: Double-Blind, Primary Purpose: Treatment</study_design>
  <primary_outcome>
    <measure>Ratio of patients who are free of seizure between H3 and H24 in both groups.</measure>
  </primary_outcome>
  <secondary_outcome>
    <measure>Items 1,2,3 of the Clinical Global Impression scale.</measure>
  </secondary_outcome>
  <secondary_outcome>
    <measure>Side effects during the study.</measure>
  </secondary_outcome>
  <secondary_outcome>
    <measure>Time between H0 and the last seizure.</measure>
  </secondary_outcome>
  <secondary_outcome>
    <measure>Type and ratio of epileptic fit between H0 and H24.</measure>
  </secondary_outcome>
  <secondary_outcome>
    <measure>Number of seizures occured between H3 and H10, H10 and H17, H17 and H24, corresponding to the half-time of the treatment (7 hours).</measure>
  </secondary_outcome>
  <secondary_outcome>
    <measure>Description of therapeutic adaptation at 1 month after patient enrolment.</measure>
  </secondary_outcome>
  <enrollment type="Anticipated">112</enrollment>
  <condition>Epilepsy</condition>
  <condition>Drug Resistant</condition>
  <intervention>
    <intervention_type>Drug</intervention_type>
    <intervention_name>levetiracetam</intervention_name>
  </intervention>
  <eligibility>
    <criteria>
      <textblock>
        Inclusion Criteria:

          -  Age from 18 to 65

          -  Drug resistant epilepsy, partial seizure

          -  Epilepsy diagnosed for more than 2 years

          -  Epilepsy treated for more than 1 year with no change of treatment in the month before
             the enrolment

          -  Onset of cluster seizure in the 24 hours before enrolment

          -  For women : effective contraception

          -  Affiliation to the French social security

        Exclusion Criteria:

          -  Inability to tolerate levetiracetam, likely poor compliance

          -  Patient taking antiepileptic treatment (benzodiazepine) in addition to current
             treatment during the last 48h00.

          -  Patient taking 1g/day of levetiracetam with Creatinin clearance &lt; 50ml/min

          -  Patient taking 2g/day of levetiracetam with Creatinin clearance &lt; 80ml/min

          -  Patient taking more than 2g/day of levetiracetam

          -  Hepatic or cardiovascular pathology

          -  Progressive psychiatric pathology

          -  Degenerative neurologic disease

          -  Cluster seizure due to an acute symptomatic reason

          -  Disorder of consciousness

          -  Suspicion of status epilepticus or rapid evolution to status epilepticus

          -  Suspicion of psychogenic nonepileptic seizure

          -  Pregnant woman or nursing woman

          -  Suicidal thoughts

          -  Incapacity to give consent, minor patient
      </textblock>
    </criteria>
    <gender>Both</gender>
    <minimum_age>18 Years</minimum_age>
    <maximum_age>65 Years</maximum_age>
    <healthy_volunteers>No</healthy_volunteers>
  </eligibility>
  <overall_official>
    <last_name>Louis Maillard, Dr</last_name>
    <role>Principal Investigator</role>
    <affiliation>Central Hospital, Nancy, France</affiliation>
  </overall_official>
  <overall_official>
    <last_name>Serge CHASSAGNON, Dr</last_name>
    <role>Principal Investigator</role>
    <affiliation>University Hospital of Strasbourg</affiliation>
  </overall_official>
  <overall_official>
    <last_name>Cecile SABOURY, Dr</last_name>
    <role>Principal Investigator</role>
    <affiliation>University Hospital of Strasbourg</affiliation>
  </overall_official>
  <overall_official>
    <last_name>Edouard HIRSH, Dr</last_name>
    <role>Principal Investigator</role>
    <affiliation>University Hospital of Strasbourg</affiliation>
  </overall_official>
  <overall_official>
    <last_name>William SZHURAJ, Dr</last_name>
    <role>Principal Investigator</role>
    <affiliation>University Hospital of Lille</affiliation>
  </overall_official>
  <overall_official>
    <last_name>Philippe DERAMBURE, Dr</last_name>
    <role>Principal Investigator</role>
    <affiliation>University Hospital of Lille</affiliation>
  </overall_official>
  <overall_official>
    <last_name>Jerome PETIT, Dr</last_name>
    <role>Principal Investigator</role>
    <affiliation>La Teppe Institution</affiliation>
  </overall_official>
  <overall_official>
    <last_name>Vincent TAREL, Dr</last_name>
    <role>Principal Investigator</role>
    <affiliation>Regional Hospital of Chambery</affiliation>
  </overall_official>
  <overall_official>
    <last_name>Dominique ROSENBERG, Dr</last_name>
    <role>Principal Investigator</role>
    <affiliation>University Hospital, Clermont-Ferrand</affiliation>
  </overall_official>
  <overall_official>
    <last_name>Helene CATENOIX, Dr</last_name>
    <role>Principal Investigator</role>
    <affiliation>University Hospital of Lyon</affiliation>
  </overall_official>
  <overall_official>
    <last_name>Philippe RYVELIN, Dr</last_name>
    <role>Principal Investigator</role>
    <affiliation>University Hospital of Lyon</affiliation>
  </overall_official>
  <overall_official>
    <last_name>Philippe CONVERS, Dr</last_name>
    <role>Principal Investigator</role>
    <affiliation>University Hospital of St Etienne</affiliation>
  </overall_official>
  <overall_official>
    <last_name>Pierre THOMAS, Dr</last_name>
    <role>Principal Investigator</role>
    <affiliation>University Hospital of Nice</affiliation>
  </overall_official>
  <location>
    <facility>
      <name>Neurology department</name>
      <address>
        <city>Nice</city>
        <state>Alpes de Haute provence</state>
        <zip>06002</zip>
        <country>France</country>
      </address>
    </facility>
  </location>
  <location>
    <facility>
      <name>Etablissement la Teppe</name>
      <address>
        <city>Tain l'Hermitage</city>
        <state>Drome</state>
        <zip>26600</zip>
        <country>France</country>
      </address>
    </facility>
  </location>
  <location>
    <facility>
      <name>Neurology department</name>
      <address>
        <city>Grenoble</city>
        <state>Isere</state>
        <zip>3043</zip>
        <country>France</country>
      </address>
    </facility>
  </location>
  <location>
    <facility>
      <name>Neurology department</name>
      <address>
        <city>St Etienne</city>
        <state>Loire</state>
        <zip>42055</zip>
        <country>France</country>
      </address>
    </facility>
  </location>
  <location>
    <facility>
      <name>Neurology department</name>
      <address>
        <city>Lille</city>
        <state>Nord</state>
        <zip>59037</zip>
        <country>France</country>
      </address>
    </facility>
  </location>
  <location>
    <facility>
      <name>Neurology department</name>
      <address>
        <city>Clermont-Ferrand</city>
        <state>Puy de Dome</state>
        <zip>63003</zip>
        <country>France</country>
      </address>
    </facility>
  </location>
  <location>
    <facility>
      <name>Neurology department</name>
      <address>
        <city>Lyon</city>
        <state>Rhone</state>
        <zip>69000</zip>
        <country>France</country>
      </address>
    </facility>
  </location>
  <location>
    <facility>
      <name>Neurology Department</name>
      <address>
        <city>Chambery</city>
        <state>Savoie</state>
        <zip>73000</zip>
        <country>France</country>
      </address>
    </facility>
  </location>
  <location>
    <facility>
      <name>Neurology department</name>
      <address>
        <city>Nancy</city>
        <zip>54035</zip>
        <country>France</country>
      </address>
    </facility>
  </location>
  <location>
    <facility>
      <name>Neurology department</name>
      <address>
        <city>Strasbourg</city>
        <zip>67091</zip>
        <country>France</country>
      </address>
    </facility>
  </location>
  <location_countries>
    <country>France</country>
  </location_countries>
  <reference>
    <citation>Haut SR, Shinnar S, Moshé SL. Seizure clustering: risks and outcomes. Epilepsia. 2005 Jan;46(1):146-9.</citation>
    <PMID>15660781</PMID>
  </reference>
  <reference>
    <citation>Dreifuss FE, Rosman NP, Cloyd JC, Pellock JM, Kuzniecky RI, Lo WD, Matsuo F, Sharp GB, Conry JA, Bergen DC, Bell WE. A comparison of rectal diazepam gel and placebo for acute repetitive seizures. N Engl J Med. 1998 Jun 25;338(26):1869-75.</citation>
    <PMID>9637805</PMID>
  </reference>
  <reference>
    <citation>Mitchell WG, Conry JA, Crumrine PK, Kriel RL, Cereghino JJ, Groves L, Rosenfeld WE. An open-label study of repeated use of diazepam rectal gel (Diastat) for episodes of acute breakthrough seizures and clusters: safety, efficacy, and tolerance. North American Diastat Group. Epilepsia. 1999 Nov;40(11):1610-7.</citation>
    <PMID>10565590</PMID>
  </reference>
  <reference>
    <citation>Shorvon SD, Löwenthal A, Janz D, Bielen E, Loiseau P. Multicenter double-blind, randomized, placebo-controlled trial of levetiracetam as add-on therapy in patients with refractory partial seizures. European Levetiracetam Study Group. Epilepsia. 2000 Sep;41(9):1179-86.</citation>
    <PMID>10999557</PMID>
  </reference>
  <reference>
    <citation>Cereghino JJ, Biton V, Abou-Khalil B, Dreifuss F, Gauer LJ, Leppik I. Levetiracetam for partial seizures: results of a double-blind, randomized clinical trial. Neurology. 2000 Jul 25;55(2):236-42.</citation>
    <PMID>10908898</PMID>
  </reference>
  <verification_date>May 2015</verification_date>
  <lastchanged_date>May 27, 2015</lastchanged_date>
  <firstreceived_date>September 14, 2006</firstreceived_date>
  <responsible_party>
    <responsible_party_type>Sponsor</responsible_party_type>
  </responsible_party>
  <keyword>Cluster seizure</keyword>
  <keyword>seizure clustering</keyword>
  <keyword>repetitive seizure</keyword>
  <keyword>Drug resistant epilepsy</keyword>
  <keyword>Levetiracetam</keyword>
  <keyword>keppra</keyword>
  <is_fda_regulated>No</is_fda_regulated>
  <has_expanded_access>No</has_expanded_access>
  <condition_browse>
    <!-- CAUTION:  The following MeSH terms are assigned with an imperfect algorithm  -->
    <mesh_term>Epilepsy</mesh_term>
    <mesh_term>Seizures</mesh_term>
  </condition_browse>
  <intervention_browse>
    <!-- CAUTION:  The following MeSH terms are assigned with an imperfect algorithm  -->
    <mesh_term>Etiracetam</mesh_term>
  </intervention_browse>
  <!-- Results have not yet been posted for this study                                -->
</clinical_study>
