<?xml version="1.0" encoding="UTF-8"?>
<clinical_study rank="436">
  <!-- This xml conforms to an XML Schema at:
    https://clinicaltrials.gov/ct2/html/images/info/public.xsd
 and an XML DTD at:
    https://clinicaltrials.gov/ct2/html/images/info/public.dtd -->
  <required_header>
    <download_date>ClinicalTrials.gov processed this data on December 01, 2015</download_date>
    <link_text>Link to the current ClinicalTrials.gov record.</link_text>
    <url>https://clinicaltrials.gov/show/NCT02036853</url>
  </required_header>
  <id_info>
    <org_study_id>2013-NEUR-001</org_study_id>
    <nct_id>NCT02036853</nct_id>
  </id_info>
  <brief_title>An Open-Label Trial of Triheptanoin in Patients With Glucose Transporter Type-1 Deficiency Syndrome</brief_title>
  <acronym>GLUT1DS</acronym>
  <official_title>An Open-Label Trial of Triheptanoin in Patients With Glucose Transporter Type-1 Deficiency Syndrome (GLUT1 DS)</official_title>
  <sponsors>
    <lead_sponsor>
      <agency>Adrian Lacy</agency>
      <agency_class>Other</agency_class>
    </lead_sponsor>
    <collaborator>
      <agency>Ultragenyx Pharmaceutical Inc</agency>
      <agency_class>Industry</agency_class>
    </collaborator>
  </sponsors>
  <source>Cook Children's Health Care System</source>
  <oversight_info>
    <authority>United States: Food and Drug Administration</authority>
    <has_dmc>Yes</has_dmc>
  </oversight_info>
  <brief_summary>
    <textblock>
      This study is being done to assess the safety and long-term efficacy of triheptanoin in
      patients with Glut1 DS over a 4-year treatment period. Glut 1 is a protein that helps
      transport glucose to the brain. Glucose is the brain's primary source of energy. Glut 1 DS
      prevents this protein from being effectively produced causing starvation of the brain.

      This study is being done to assess the safety and long-term efficacy of triheptanoin in
      pediatric patients with Glut1 DS over a 4-year treatment period. Glut 1 is a protein that
      helps transport glucose to the brain. Glucose is the brain's primary source of energy. Glut
      1 DS prevents this protein from being effectively produced, causing deprivation of energy to
      the neurons of the of the brain.

      Glut1 DS is a severely debilitating disease characterized by seizures, developmental delay
      and movement disorder. There are currently no approved treatments specific to Glut1 DS.
      Treatment generally includes medications for control of seizures. The use of a ketogenic
      diet can be effective in controlling seizures when medications are ineffective or provide
      insufficient control. However, the ketogenic diet may be very difficult for patients to
      maintain for long periods of time, and there may be negative secondary long-term effects of
      ketogenic diet.. Triheptanoin is metabolized to molecules that can provide an alternative
      energy source to the brain, and appears to help in controlling seizures without many of the
      difficulties of the ketogenic diet.

      Eligible patients may be those who have been diagnosed with GLUT1 DS, and have discontinued
      or are not currently on ketogenic diet, or are able to tolerate triheptanoin if they have
      been treated or are currently being treated with triheptanoin and do not qualify for any
      other clinical trial.
    </textblock>
  </brief_summary>
  <detailed_description>
    <textblock>
      Triheptanoin is proposed for the treatment of seizures in glucose transporter type-1
      deficiency syndrome (Glut1 DS). Glut1 DS is a rare disease with an estimated US prevalence
      of ~3,300.

      The proposed study is an open-label study to assess the safety and long-term efficacy of
      triheptanoin in patients with Glut1 DS over a 4-year treatment period. Eligible patients may
      be those who are able to tolerate triheptanoin if they have been treated or are currently
      being treated with triheptanoin and do not qualify for any other clinical trial. Subjects
      previously treated with triheptanoin will continue to dose at approximately 35% of total
      daily calories (~1-4g/kg/day, depending on age). Subjects who are naïve to triheptanoin will
      begin a 2-week fixed titration schedule up until they have reached 35% of total daily
      calories.

      The primary objective of the study is to evaluate the safety of triheptanoin via adverse
      event rates and laboratory values. The secondary objective is to evaluate the long-term
      efficacy of triheptanoin as measured by the change in seizure frequency from historical
      baseline.
    </textblock>
  </detailed_description>
  <overall_status>Recruiting</overall_status>
  <start_date>January 2014</start_date>
  <completion_date type="Anticipated">January 2019</completion_date>
  <primary_completion_date type="Anticipated">January 2018</primary_completion_date>
  <phase>Phase 2</phase>
  <study_type>Interventional</study_type>
  <study_design>Allocation: Non-Randomized, Endpoint Classification: Efficacy Study, Intervention Model: Single Group Assignment, Masking: Open Label, Primary Purpose: Treatment</study_design>
  <primary_outcome>
    <measure>Change in seizure frequency from historical baseline</measure>
    <time_frame>13 weeks, 26 weeks, 1 yr, 18 months, 2 yrs, 3 yrs, 4 yrs</time_frame>
    <safety_issue>No</safety_issue>
  </primary_outcome>
  <number_of_arms>2</number_of_arms>
  <enrollment type="Anticipated">50</enrollment>
  <condition>Glucose Transporter Type-1 Deficiency Syndrome (Glut1 DS)</condition>
  <arm_group>
    <arm_group_label>Schedule A</arm_group_label>
    <arm_group_type>Experimental</arm_group_type>
    <description>Subjects previously treated with triheptanoin</description>
  </arm_group>
  <arm_group>
    <arm_group_label>Schedule B</arm_group_label>
    <arm_group_type>Experimental</arm_group_type>
    <description>Naïve to triheptanoin</description>
  </arm_group>
  <intervention>
    <intervention_type>Drug</intervention_type>
    <intervention_name>Triheptanoin</intervention_name>
    <description>Schedule A: Subjects previously treated with triheptanoin will continue to dose at approximately 35% of total daily calories (~1-4g/kg/day, depending on age).
Schedule B: Subjects who are naïve to triheptanoin will begin a 2-week fixed titration schedule up until they have reached 35% of total daily calories (~1-4 g/kg/day depending on age). If a subject has not reached the target of 35% of total daily calories, by the end of the 2-week fixed titration period, dose titration should continue until achieved or until the maximally tolerated dose has been established.</description>
    <arm_group_label>Schedule A</arm_group_label>
    <arm_group_label>Schedule B</arm_group_label>
  </intervention>
  <eligibility>
    <criteria>
      <textblock>
        Inclusion Criteria:

        Individuals eligible to participate in this study must meet all of the following criteria:

          1. Patients with GLUT1 DS by physician diagnosis

          2. Males and females, ≥ 1 year old

          3. Allowed to be on concomitant AEDs

          4. Patients are able to tolerate triheptanoin if they have been (or are currently being)
             treated with this medication

          5. Must, in the opinion of the investigator, be willing and able to comply with study
             procedures and schedule

          6. Provide written assent (if appropriate) and written informed consent by a Legally
             Authorized Representative (LAR) after the nature of the study has been explained, and
             prior to any research-related procedures

          7. Sexually active subjects must be willing to use an acceptable method of contraception
             while participating in the study

          8. Females of childbearing potential must have a negative pregnancy test at Screening
             and be willing to have additional pregnancy tests during the study

        Exclusion Criteria:

        Individuals who meet any of the following exclusion criteria will not be eligible to
        participate in the study:

          1. Patients and their Legally Authorized Representatives (as appropriate) not willing or
             able to give written or verbal assent or written informed consent.

          2. Concomitant administration of a ketogenic diet for the treatment of GLUT1 deficiency

          3. In the Investigator's opinion, the patient may not be compliant

          4. Pregnant or breastfeeding an infant at screening

          5. Has a concurrent disease or condition, or laboratory abnormality that, in the view of
             the Investigator, places the subject at high risk for adverse events, or introduces
             additional safety concerns

          6. History of or current suicidal ideation, behavior and attempts

          7. Patient qualifies for any other clinical trial designed to progressively evaluate the
             safety and efficacy of triheptanoin as approved by the FDA under a separate IND which
             is open at Cook Children's
      </textblock>
    </criteria>
    <gender>Both</gender>
    <minimum_age>1 Year</minimum_age>
    <maximum_age>21 Years</maximum_age>
    <healthy_volunteers>No</healthy_volunteers>
  </eligibility>
  <overall_official>
    <last_name>Adrian Lacy, MD</last_name>
    <role>Principal Investigator</role>
    <affiliation>Cook Children's Medical Center</affiliation>
  </overall_official>
  <overall_contact>
    <last_name>Juli Ramirez, RN, CRC</last_name>
    <phone>682-885-7860</phone>
    <email>Juli.Ramirez@CookChildrens.org</email>
  </overall_contact>
  <location>
    <facility>
      <name>Cook Childrens Medical Center</name>
      <address>
        <city>Fort Worth</city>
        <state>Texas</state>
        <zip>76104</zip>
        <country>United States</country>
      </address>
    </facility>
    <status>Recruiting</status>
    <contact>
      <last_name>Juli Ramirez, RN, CRC</last_name>
      <phone>682-885-7860</phone>
      <email>Juli.Ramirez@CookChildrens.org</email>
    </contact>
    <contact_backup>
      <last_name>Laurie Bailey, PhD</last_name>
      <phone>682-885-2488</phone>
      <email>Laurie.Bailey@CookChildrens.org</email>
    </contact_backup>
    <investigator>
      <last_name>Adrian Lacy, MD</last_name>
      <role>Principal Investigator</role>
    </investigator>
  </location>
  <location_countries>
    <country>United States</country>
  </location_countries>
  <reference>
    <citation>Johnson W Jr; Cosmetic Ingredient Review Expert Panel. Final report on the safety assessment of trilaurin, triarachidin, tribehenin, tricaprin, tricaprylin, trierucin, triheptanoin, triheptylundecanoin, triisononanoin, triisopalmitin, triisostearin, trilinolein, trimyristin, trioctanoin, triolein, tripalmitin, tripalmitolein, triricinolein, tristearin, triundecanoin, glyceryl triacetyl hydroxystearate, glyceryl triacetyl ricinoleate, and glyceryl stearate diacetate. Int J Toxicol. 2001;20 Suppl 4:61-94. Review.</citation>
    <PMID>11800053</PMID>
  </reference>
  <reference>
    <citation>Pearson TS, Akman C, Hinton VJ, Engelstad K, De Vivo DC. Phenotypic spectrum of glucose transporter type 1 deficiency syndrome (Glut1 DS). Curr Neurol Neurosci Rep. 2013 Apr;13(4):342. doi: 10.1007/s11910-013-0342-7. Review.</citation>
    <PMID>23443458</PMID>
  </reference>
  <reference>
    <citation>Pong AW, Geary BR, Engelstad KM, Natarajan A, Yang H, De Vivo DC. Glucose transporter type I deficiency syndrome: epilepsy phenotypes and outcomes. Epilepsia. 2012 Sep;53(9):1503-10. doi: 10.1111/j.1528-1167.2012.03592.x. Epub 2012 Jul 19.</citation>
    <PMID>22812641</PMID>
  </reference>
  <reference>
    <citation>Roe CR. Inherited disorders of mitochondrial fatty acid oxidation: a new responsibility for the neonatologist. Semin Neonatol. 2002 Feb;7(1):37-47. Review.</citation>
    <PMID>12069537</PMID>
  </reference>
  <reference>
    <citation>Kinman RP, Kasumov T, Jobbins KA, Thomas KR, Adams JE, Brunengraber LN, Kutz G, Brewer WU, Roe CR, Brunengraber H. Parenteral and enteral metabolism of anaplerotic triheptanoin in normal rats. Am J Physiol Endocrinol Metab. 2006 Oct;291(4):E860-6. Epub 2006 May 16.</citation>
    <PMID>16705058</PMID>
  </reference>
  <reference>
    <citation>Deng S, Zhang GF, Kasumov T, Roe CR, Brunengraber H. Interrelations between C4 ketogenesis, C5 ketogenesis, and anaplerosis in the perfused rat liver. J Biol Chem. 2009 Oct 9;284(41):27799-807. doi: 10.1074/jbc.M109.048744. Epub 2009 Aug 8.</citation>
    <PMID>19666922</PMID>
  </reference>
  <reference>
    <citation>Gu L, Zhang GF, Kombu RS, Allen F, Kutz G, Brewer WU, Roe CR, Brunengraber H. Parenteral and enteral metabolism of anaplerotic triheptanoin in normal rats. II. Effects on lipolysis, glucose production, and liver acyl-CoA profile. Am J Physiol Endocrinol Metab. 2010 Feb;298(2):E362-71. doi: 10.1152/ajpendo.00384.2009. Epub 2009 Nov 10.</citation>
    <PMID>19903863</PMID>
  </reference>
  <reference>
    <citation>Marin-Valencia I, Good LB, Ma Q, Malloy CR, Pascual JM. Heptanoate as a neural fuel: energetic and neurotransmitter precursors in normal and glucose transporter I-deficient (G1D) brain. J Cereb Blood Flow Metab. 2013 Feb;33(2):175-82. doi: 10.1038/jcbfm.2012.151. Epub 2012 Oct 17.</citation>
    <PMID>23072752</PMID>
  </reference>
  <reference>
    <citation>Willis S, Stoll J, Sweetman L, Borges K. Anticonvulsant effects of a triheptanoin diet in two mouse chronic seizure models. Neurobiol Dis. 2010 Dec;40(3):565-72. doi: 10.1016/j.nbd.2010.07.017. Epub 2010 Aug 4.</citation>
    <PMID>20691264</PMID>
  </reference>
  <reference>
    <citation>Samala R, Willis S, Borges K. Anticonvulsant profile of a balanced ketogenic diet in acute mouse seizure models. Epilepsy Res. 2008 Oct;81(2-3):119-27. doi: 10.1016/j.eplepsyres.2008.05.001. Epub 2008 Jun 18.</citation>
    <PMID>18565731</PMID>
  </reference>
  <reference>
    <citation>Kim TH, Borges K, Petrou S, Reid CA. Triheptanoin reduces seizure susceptibility in a syndrome-specific mouse model of generalized epilepsy. Epilepsy Res. 2013 Jan;103(1):101-5. doi: 10.1016/j.eplepsyres.2012.09.016. Epub 2012 Nov 26.</citation>
    <PMID>23196212</PMID>
  </reference>
  <reference>
    <citation>Ataíde TdaR, de Olivera SK, da Silva FM, Vitorino Filha LGC, do N Tavares MC, Sant'Ana AEG. Toxicological analysis of the chronic consumption of diheptanoin and triheptanoin in rats. Intl J Food Sci Tech. 2009;44:484-492</citation>
  </reference>
  <reference>
    <citation>Roe CR, Sweetman L, Roe DS, David F, Brunengraber H. Treatment of cardiomyopathy and rhabdomyolysis in long-chain fat oxidation disorders using an anaplerotic odd-chain triglyceride. J Clin Invest. 2002 Jul;110(2):259-69.</citation>
    <PMID>12122118</PMID>
  </reference>
  <reference>
    <citation>Roe CR, Mochel F. Anaplerotic diet therapy in inherited metabolic disease: therapeutic potential. J Inherit Metab Dis. 2006 Apr-Jun;29(2-3):332-40. Review.</citation>
    <PMID>16763896</PMID>
  </reference>
  <reference>
    <citation>Mochel F, Duteil S, Marelli C, Jauffret C, Barles A, Holm J, Sweetman L, Benoist JF, Rabier D, Carlier PG, Durr A. Dietary anaplerotic therapy improves peripheral tissue energy metabolism in patients with Huntington's disease. Eur J Hum Genet. 2010 Sep;18(9):1057-60. doi: 10.1038/ejhg.2010.72. Epub 2010 May 26.</citation>
    <PMID>20512158</PMID>
  </reference>
  <reference>
    <citation>Baruteau J, Sachs P, Broué P, Brivet M, Abdoul H, Vianey-Saban C, Ogier de Baulny H. Clinical and biological features at diagnosis in mitochondrial fatty acid beta-oxidation defects: a French pediatric study from 187 patients. Complementary data. J Inherit Metab Dis. 2014 Jan;37(1):137-9. doi: 10.1007/s10545-013-9628-9. Epub 2013 Jun 27.</citation>
    <PMID>23807318</PMID>
  </reference>
  <reference>
    <citation>Goldstein A, Barone AR, DeWard SJ, Payne N, Vockley J. Triheptanoin therapy for inherited disorders of fatty acid oxidation. Mitochondrion. 2012;12(5):566</citation>
  </reference>
  <reference>
    <citation>Sparrow, SS, Cicchetti D, &amp; Balla DA. Vineland Adaptive Behavior Scales - 2nd Edition manual. Minneapolis, MN: NCS Pearson, Inc; 2005</citation>
  </reference>
  <reference>
    <citation>Barry MJ, VanSwearingen JM, Albright AL. Reliability and responsiveness of the Barry-Albright Dystonia Scale. Dev Med Child Neurol. 1999 Jun;41(6):404-11.</citation>
    <PMID>10400175</PMID>
  </reference>
  <reference>
    <citation>Varni JW, Burwinkle TM, Seid M. The PedsQL as a pediatric patient-reported outcome: reliability and validity of the PedsQL Measurement Model in 25,000 children. Expert Rev Pharmacoecon Outcomes Res. 2005 Dec;5(6):705-19. doi: 10.1586/14737167.5.6.705.</citation>
    <PMID>19807613</PMID>
  </reference>
  <verification_date>February 2015</verification_date>
  <lastchanged_date>February 2, 2015</lastchanged_date>
  <firstreceived_date>January 13, 2014</firstreceived_date>
  <responsible_party>
    <responsible_party_type>Sponsor-Investigator</responsible_party_type>
    <investigator_affiliation>Cook Children's Health Care System</investigator_affiliation>
    <investigator_full_name>Adrian Lacy</investigator_full_name>
    <investigator_title>Principal Investigator</investigator_title>
  </responsible_party>
  <keyword>Triheptanoin</keyword>
  <keyword>Glut1 DS</keyword>
  <keyword>Epilepsy</keyword>
  <keyword>Seizures</keyword>
  <is_fda_regulated>Yes</is_fda_regulated>
  <is_section_801>Yes</is_section_801>
  <has_expanded_access>No</has_expanded_access>
  <condition_browse>
    <!-- CAUTION:  The following MeSH terms are assigned with an imperfect algorithm  -->
    <mesh_term>Carbohydrate Metabolism, Inborn Errors</mesh_term>
    <mesh_term>Syndrome</mesh_term>
  </condition_browse>
  <!-- Results have not yet been posted for this study                                -->
</clinical_study>
