<?xml version="1.0" encoding="UTF-8"?>
<clinical_study rank="68">
  <!-- This xml conforms to an XML Schema at:
    https://clinicaltrials.gov/ct2/html/images/info/public.xsd
 and an XML DTD at:
    https://clinicaltrials.gov/ct2/html/images/info/public.dtd -->
  <required_header>
    <download_date>ClinicalTrials.gov processed this data on November 27, 2015</download_date>
    <link_text>Link to the current ClinicalTrials.gov record.</link_text>
    <url>https://clinicaltrials.gov/show/NCT02124564</url>
  </required_header>
  <id_info>
    <org_study_id>EP0057</org_study_id>
    <nct_id>NCT02124564</nct_id>
  </id_info>
  <brief_title>A Trial to Evaluate the Long Term Safety and Tolerability of Lacosamide Taken as Monotherapy in Adults With Partial-onset Seizures</brief_title>
  <official_title>Multicenter, Open-Label, Long-Term Study to Investigate the Safety of Conversion to Lacosamide at Doses up to 600 mg/Day as Monotherapy in Japanese Adults With Partial-Onset Seizures With or Without Secondary Generalization</official_title>
  <sponsors>
    <lead_sponsor>
      <agency>UCB Japan Co. Ltd.</agency>
      <agency_class>Industry</agency_class>
    </lead_sponsor>
  </sponsors>
  <source>UCB Pharma</source>
  <oversight_info>
    <authority>Japan: Ministry of Health, Labor and Welfare</authority>
    <has_dmc>No</has_dmc>
  </oversight_info>
  <brief_summary>
    <textblock>
      This study is to evaluate the long-term safety and tolerability of Lacosamide (LCM) 200
      mg/day to LCM 600 mg/day taken in monotherapy in Japanese subjects who currently have
      partial-onset seizures with or without secondary generalization and who are treated with a
      single Anti-Epileptic Drug (AED) with marketing approval in Japan.
    </textblock>
  </brief_summary>
  <overall_status>Active, not recruiting</overall_status>
  <start_date>April 2014</start_date>
  <completion_date type="Anticipated">July 2017</completion_date>
  <primary_completion_date type="Anticipated">July 2017</primary_completion_date>
  <phase>Phase 3</phase>
  <study_type>Interventional</study_type>
  <study_design>Endpoint Classification: Safety Study, Intervention Model: Single Group Assignment, Masking: Open Label, Primary Purpose: Treatment</study_design>
  <primary_outcome>
    <measure>Incidence of Treatment-Emergent Adverse Events (TEAEs) during the study</measure>
    <time_frame>From the Titration Period (investigational product is taken) to the End of Study Visit (up to 2.5 years)</time_frame>
    <safety_issue>No</safety_issue>
  </primary_outcome>
  <primary_outcome>
    <measure>Subject withdrawals due to Adverse Events (AEs) during the study</measure>
    <time_frame>From the Titration Period (investigational product is taken) to the End of Study Visit (up to 2.5 years)</time_frame>
    <safety_issue>No</safety_issue>
  </primary_outcome>
  <primary_outcome>
    <measure>Serious Adverse Events (SAEs) during the study</measure>
    <time_frame>From the Titration Period (investigational product is taken) to the End of Study Visit (up to 2.5 years)</time_frame>
    <safety_issue>No</safety_issue>
  </primary_outcome>
  <secondary_outcome>
    <measure>Proportion of subjects remaining seizure free for 6 consecutive months during the Monotherapy Period</measure>
    <time_frame>From the beginning of the Monotherapy Period to the end of the Follow-Up Period (up to 2.5 years until the time of approval granted)</time_frame>
    <safety_issue>No</safety_issue>
  </secondary_outcome>
  <secondary_outcome>
    <measure>Proportion of subjects remaining seizure free for 12 consecutive months during the Monotherapy Period</measure>
    <time_frame>From the beginning of the Monotherapy Period to the end of the Follow-Up Period (up to 2.5 years until the time of approval granted)</time_frame>
    <safety_issue>No</safety_issue>
  </secondary_outcome>
  <secondary_outcome>
    <measure>Time to discontinuation is evaluated as time to withdrawal of treatment due to AE or lack of efficacy (LOE) in the Monotherapy Period</measure>
    <time_frame>From the beginning of the Monotherapy Period to the end of the Follow-Up Period (up to 2.5 years until the time of approval granted)</time_frame>
    <safety_issue>No</safety_issue>
  </secondary_outcome>
  <number_of_arms>1</number_of_arms>
  <enrollment type="Anticipated">10</enrollment>
  <condition>Epilepsy</condition>
  <condition>Partial-onset Seizures</condition>
  <arm_group>
    <arm_group_label>Lacosamide</arm_group_label>
    <arm_group_type>Experimental</arm_group_type>
    <description>Open-label, single-arm</description>
  </arm_group>
  <intervention>
    <intervention_type>Drug</intervention_type>
    <intervention_name>Lacosamide</intervention_name>
    <description>Lacosamide (LCM) immediate-release, film-coated tablets at a strength of 50 mg orally administered twice daily in two equally divided doses.
4-week Titration Period: Starting on LCM 100 mg/day increased by 100 mg/day each week until 400 mg/day dose reached at the beginning of Week 4 .
The AED Withdrawal Period and Monotherapy Period (52- week Evaluation Period plus a Follow Up Period): During the AED Withdrawal and Monotherapy Period, the investigator may increase or decrease the dose of LCM to optimize tolerability and seizure control. The LCM dose may be decreased no lower than 200 mg/day or increased, no faster than 100 mg/day per week, up to 600 mg/day.</description>
    <arm_group_label>Lacosamide</arm_group_label>
    <other_name>Vimpat</other_name>
  </intervention>
  <eligibility>
    <criteria>
      <textblock>
        Inclusion Criteria:

          -  Subject is male or female and ≥16 years of age

          -  Subject has a diagnosis of epilepsy, having experienced unprovoked partial-onset
             seizures (IA, IB, or IC with clear focal origin) that are classifiable according to
             the International League Against Epilepsy (ILAE) Classification of Epileptic
             Seizures, 1981

          -  Subject experiences partial-onset seizures despite appropriately chosen and
             adequately tried treatment with 1 antiepileptic drug (AED)

          -  Subject has been treated for epilepsy with a stable dose of 1 marketed AED The use of
             benzodiazepines is permitted as rescue therapy for epilepsy. Benzodiazepines may have
             been used as needed but not more frequently than once per week.

        Exclusion Criteria:

          -  Subject has a history or presence of seizures of other types than partial onset (IA,
             IB, or IC with clear focal origin)

          -  Subject is taking benzodiazepines for a nonepilepsy indication (Exception:
             Concomitant use of benzodiazepines is allowed if the subject is taking them on a
             regular basis, has been on a stable dose for at least 1 month prior to Visit 1, and
             does not require changes in the dosage and administration throughout the study
             period. However, concomitant use of benzodiazepines on an as needed basis is not
             permitted.)

          -  Female subject who is pregnant or nursing, and/or a woman of childbearing potential
             who is not surgically sterile, 2 years postmenopausal or does not practice 1 highly
             effective method of contraception, unless sexually abstinent, for the duration of the
             study

          -  Female subject of childbearing potential taking enzyme-inducing antiepileptic drugs
             (EI-AEDs: CBZ, phenytoin, barbiturates, primidone, topiramate) who is not surgically
             sterile, 2 years postmenopausal or does not practice 1 highly effective method of
             contraception according to the World Health Organization (WHO) recommendation (ie,
             depot medroxyprogesterone acetate, norethisterone enantate, intrauterine devices,
             combined injectables, and progestogen implants) with administration of EI-AEDs or
             does not practice 2 combined methods of contraception (ie, combined hormonal
             contraception plus barrier method with spermicidal agent), unless sexually abstinent,
             for the duration of the study

          -  Subject has sick sinus syndrome without a pacemaker, or a second or third degree
             atrioventricular (AV) block, or subject has any other clinically relevant
             electrocardiogram (ECG) abnormalities

          -  Subject has a history of convulsive status epilepticus within the last 12 months
             prior to Visit 1
      </textblock>
    </criteria>
    <gender>Both</gender>
    <minimum_age>16 Years</minimum_age>
    <maximum_age>N/A</maximum_age>
    <healthy_volunteers>No</healthy_volunteers>
  </eligibility>
  <overall_official>
    <last_name>UCB Clinical Trial Call Center</last_name>
    <role>Study Director</role>
    <affiliation>+1 877 822 9493 (UCB)</affiliation>
  </overall_official>
  <location>
    <facility>
      <name>5</name>
      <address>
        <city>Asaka</city>
        <country>Japan</country>
      </address>
    </facility>
  </location>
  <location>
    <facility>
      <name>1</name>
      <address>
        <city>Hamamatsu</city>
        <country>Japan</country>
      </address>
    </facility>
  </location>
  <location>
    <facility>
      <name>11</name>
      <address>
        <city>Itami</city>
        <country>Japan</country>
      </address>
    </facility>
  </location>
  <location>
    <facility>
      <name>6</name>
      <address>
        <city>Kagoshima</city>
        <country>Japan</country>
      </address>
    </facility>
  </location>
  <location>
    <facility>
      <name>7</name>
      <address>
        <city>Kamakura</city>
        <country>Japan</country>
      </address>
    </facility>
  </location>
  <location>
    <facility>
      <name>10</name>
      <address>
        <city>Nagoya</city>
        <country>Japan</country>
      </address>
    </facility>
  </location>
  <location>
    <facility>
      <name>12</name>
      <address>
        <city>Saitama</city>
        <country>Japan</country>
      </address>
    </facility>
  </location>
  <location>
    <facility>
      <name>8</name>
      <address>
        <city>Sapporo</city>
        <country>Japan</country>
      </address>
    </facility>
  </location>
  <location>
    <facility>
      <name>13</name>
      <address>
        <city>Shinagawa</city>
        <country>Japan</country>
      </address>
    </facility>
  </location>
  <location>
    <facility>
      <name>4</name>
      <address>
        <city>Shizuoka</city>
        <country>Japan</country>
      </address>
    </facility>
  </location>
  <location>
    <facility>
      <name>9</name>
      <address>
        <city>Toyonaka</city>
        <country>Japan</country>
      </address>
    </facility>
  </location>
  <location_countries>
    <country>Japan</country>
  </location_countries>
  <verification_date>October 2015</verification_date>
  <lastchanged_date>October 22, 2015</lastchanged_date>
  <firstreceived_date>April 24, 2014</firstreceived_date>
  <responsible_party>
    <responsible_party_type>Sponsor</responsible_party_type>
  </responsible_party>
  <keyword>Lacosamide</keyword>
  <keyword>Epilepsy</keyword>
  <keyword>Focal, Partial-Onset Seizures with or without secondary generalization</keyword>
  <keyword>Monotherapy</keyword>
  <is_fda_regulated>Yes</is_fda_regulated>
  <is_section_801>Yes</is_section_801>
  <has_expanded_access>No</has_expanded_access>
  <condition_browse>
    <!-- CAUTION:  The following MeSH terms are assigned with an imperfect algorithm  -->
    <mesh_term>Seizures</mesh_term>
  </condition_browse>
  <intervention_browse>
    <!-- CAUTION:  The following MeSH terms are assigned with an imperfect algorithm  -->
    <mesh_term>Lacosamide</mesh_term>
  </intervention_browse>
  <!-- Results have not yet been posted for this study                                -->
</clinical_study>
