<?xml version="1.0" encoding="UTF-8"?>
<clinical_study rank="123">
  <!-- This xml conforms to an XML Schema at:
    https://clinicaltrials.gov/ct2/html/images/info/public.xsd
 and an XML DTD at:
    https://clinicaltrials.gov/ct2/html/images/info/public.dtd -->
  <required_header>
    <download_date>ClinicalTrials.gov processed this data on December 01, 2015</download_date>
    <link_text>Link to the current ClinicalTrials.gov record.</link_text>
    <url>https://clinicaltrials.gov/show/NCT01910129</url>
  </required_header>
  <id_info>
    <org_study_id>E-AU-01</org_study_id>
    <secondary_id>173/2013</secondary_id>
    <nct_id>NCT01910129</nct_id>
  </id_info>
  <brief_title>Neurostimulation to the Vagus Nerve for the Reduction in Frequency of Seizures Associated With Epilepsy</brief_title>
  <official_title>A Randomized, Multi-center, Double-blind, Parallel, Crossover Study of a Non-invasive Neurostimulation to the Vagus Nerve With the gammaCore Device for the Reduction in Frequency of Seizures Associated With Epilepsy.</official_title>
  <sponsors>
    <lead_sponsor>
      <agency>ElectroCore LLC</agency>
      <agency_class>Industry</agency_class>
    </lead_sponsor>
  </sponsors>
  <source>ElectroCore LLC</source>
  <oversight_info>
    <authority>Australia: Department of Health and Ageing Therapeutic Goods Administration</authority>
    <has_dmc>No</has_dmc>
  </oversight_info>
  <brief_summary>
    <textblock>
      The purpose of this study is to see the effects of non-invasive vagal nerve stimulation for
      the reduction in frequency of seizure associated with epilepsy in subjects 18 or older.
    </textblock>
  </brief_summary>
  <detailed_description>
    <textblock>
      The purpose of the study is to determine the effects of non-invasive vagus nerve stimulation
      for the reduction in frequency of seizure associated with epilepsy in subjects 18 or older.
      Subjects will record 4 weeks of baseline seizure activity before being randomized for a
      period of 4 weeks to receive and active treatment to an active-sham treatment. All subjects
      will then receive another 4 weeks of active treatment.
    </textblock>
  </detailed_description>
  <overall_status>Terminated</overall_status>
  <why_stopped>
    Slow enrollment
  </why_stopped>
  <start_date>July 2013</start_date>
  <completion_date type="Actual">October 2014</completion_date>
  <primary_completion_date type="Actual">July 2014</primary_completion_date>
  <phase>N/A</phase>
  <study_type>Interventional</study_type>
  <study_design>Allocation: Randomized, Endpoint Classification: Efficacy Study, Intervention Model: Parallel Assignment, Masking: Double Blind (Subject, Investigator), Primary Purpose: Prevention</study_design>
  <primary_outcome>
    <measure>frequency of seizure activity</measure>
    <time_frame>8 weeks</time_frame>
    <safety_issue>No</safety_issue>
  </primary_outcome>
  <primary_outcome>
    <measure>Severity of seizure</measure>
    <time_frame>8 weeks</time_frame>
    <safety_issue>No</safety_issue>
  </primary_outcome>
  <primary_outcome>
    <measure>duration of zeizure</measure>
    <time_frame>8 weeks</time_frame>
    <safety_issue>No</safety_issue>
  </primary_outcome>
  <secondary_outcome>
    <measure>Type of adverse events</measure>
    <time_frame>8 weeks</time_frame>
    <safety_issue>Yes</safety_issue>
  </secondary_outcome>
  <secondary_outcome>
    <measure>Frequency of adverse events</measure>
    <time_frame>8 weeks</time_frame>
    <safety_issue>Yes</safety_issue>
  </secondary_outcome>
  <other_outcome>
    <measure>Quality of Life</measure>
    <time_frame>8 weeks</time_frame>
    <safety_issue>No</safety_issue>
  </other_outcome>
  <number_of_arms>2</number_of_arms>
  <enrollment type="Actual">13</enrollment>
  <condition>Seizure</condition>
  <arm_group>
    <arm_group_label>gammaCore</arm_group_label>
    <arm_group_type>Active Comparator</arm_group_type>
    <description>Active stimulation treatment</description>
  </arm_group>
  <arm_group>
    <arm_group_label>active sham gammaCore</arm_group_label>
    <arm_group_type>Placebo Comparator</arm_group_type>
    <description>Inactive stimulation treatment</description>
  </arm_group>
  <intervention>
    <intervention_type>Device</intervention_type>
    <intervention_name>gammaCore</intervention_name>
    <description>vagal verve stimulation 3 times a day 8 hours apart</description>
    <arm_group_label>gammaCore</arm_group_label>
    <arm_group_label>active sham gammaCore</arm_group_label>
  </intervention>
  <eligibility>
    <criteria>
      <textblock>
        Inclusion Criteria:

          1. The patient is diagnosed with epilepsy with; primary generalized tonic-clonic or
             partial complex or simple complex or focal onset seizures, with or without secondary
             generalization.

          2. The patient's present antiepileptic drug (AED) therapy is ineffective or intolerable

          3. The patient is receiving a stable dose of up to 2 oral AED medication(s) and is not
             expected to have any change in his/her baseline AED treatment during the treatment
             period.

          4. The patient is having more than 2 recordable seizures a month.

        Exclusion Criteria:

          1. The patient has had status epilepticus within the last six months.

          2. The patient has had epilepsy surgery or a VNS implant.

          3. The patient has had a history or presence of seizures occurring only in clusters (too
             frequently or indistinctly separated to be reliably counted).

          4. The patient has had 4 weeks continuous seizure freedom last 2 months.

          5. The patient has psychogenic non-epileptic seizures (PNES) seizures.

          6. The patient has a concomitant progressive CNS disease including progressive myoclonus
             epilepsy.

          7. The patient has a significant history of cardiac, renal, neurologic (other than
             epilepsy), psychiatric, oncologic, endocrinologic, metabolic, or hepatic disease,
             which would adversely affect their participation in this study.

          8. The patient has had an episode of status epilepticus within 4 weeks of Screening.

        10. Has a lesion (including lymphadenopathy), dysaesthesia, previous surgery or abnormal
        anatomy at the GammaCore treatment site.

        11. Has known or suspected severe atherosclerotic cardiovascular disease, severe carotid
        artery disease (e.g. bruits or history of TIA or CVA), congestive heart failure (CHF),
        known severe coronary artery disease or recent myocardial infarction.

        12. Has an abnormal baseline ECG (e.g. second and third degree heart block, atrial
        fibrillation, atrial flutter, recent history of ventricular tachycardia or ventricular
        fibrillation, or clinically significant premature ventricular contraction).

        13. Has had a previous bilateral, right, or left cervical vagotomy. 14. Has uncontrolled
        high blood pressure. 15. Is currently implanted with an electrical and/or neurostimulator
        device, including but not limited to cardiac pacemaker or defibrillator, vagal
        neurostimulator, deep brain stimulator, spinal stimulator, bone growth stimulator, or
        cochlear implant.

        16. Has a history of carotid endarterectomy or vascular neck surgery on the right side.

        17. Has been implanted with metal cervical spine hardware or has a metallic implant near
        the GammaCore stimulation site.

        18. Has a recent or repeated history of syncope. 19. Has a known history or suspicion of
        substance abuse or addiction. 20. In the opinion of the investigator/research staff the
        subject is incapable of operating the GammaCore device as intended and performing the data
        collection procedures.

        21. Is pregnant, nursing, thinking of becoming pregnant in the next 9 months, or of
        childbearing years and is unwilling to use an accepted form of birth control.
      </textblock>
    </criteria>
    <gender>Both</gender>
    <minimum_age>18 Years</minimum_age>
    <maximum_age>70 Years</maximum_age>
    <healthy_volunteers>No</healthy_volunteers>
  </eligibility>
  <overall_official>
    <last_name>Roy Beran, Professor</last_name>
    <role>Principal Investigator</role>
  </overall_official>
  <location>
    <facility>
      <name>Southern Neurology</name>
      <address>
        <city>Kogarah</city>
        <state>New South Wales</state>
        <zip>2217</zip>
        <country>Australia</country>
      </address>
    </facility>
  </location>
  <location>
    <facility>
      <name>Strategic Health Evaluators</name>
      <address>
        <city>Sydney</city>
        <state>New South Wales</state>
        <zip>2067</zip>
        <country>Australia</country>
      </address>
    </facility>
  </location>
  <location_countries>
    <country>Australia</country>
  </location_countries>
  <verification_date>October 2014</verification_date>
  <lastchanged_date>October 21, 2014</lastchanged_date>
  <firstreceived_date>July 15, 2013</firstreceived_date>
  <responsible_party>
    <responsible_party_type>Sponsor</responsible_party_type>
  </responsible_party>
  <keyword>vagus nerve stimulation</keyword>
  <keyword>vagal nerve stimulation</keyword>
  <keyword>nVNS</keyword>
  <keyword>VNS</keyword>
  <keyword>epilepsy</keyword>
  <keyword>non invasive</keyword>
  <keyword>gammacore</keyword>
  <is_fda_regulated>No</is_fda_regulated>
  <has_expanded_access>No</has_expanded_access>
  <condition_browse>
    <!-- CAUTION:  The following MeSH terms are assigned with an imperfect algorithm  -->
    <mesh_term>Seizures</mesh_term>
  </condition_browse>
  <!-- Results have not yet been posted for this study                                -->
</clinical_study>
