<?xml version="1.0" encoding="UTF-8"?>
<clinical_study rank="464">
  <!-- This xml conforms to an XML Schema at:
    https://clinicaltrials.gov/ct2/html/images/info/public.xsd
 and an XML DTD at:
    https://clinicaltrials.gov/ct2/html/images/info/public.dtd -->
  <required_header>
    <download_date>ClinicalTrials.gov processed this data on December 01, 2015</download_date>
    <link_text>Link to the current ClinicalTrials.gov record.</link_text>
    <url>https://clinicaltrials.gov/show/NCT02465970</url>
  </required_header>
  <id_info>
    <org_study_id>35RC14_9808</org_study_id>
    <nct_id>NCT02465970</nct_id>
  </id_info>
  <brief_title>Effects of Transcranial Direct Current Stimulation (TDCS) in Drug-resistant Partial Epilepsy</brief_title>
  <acronym>BRAINSTIM</acronym>
  <official_title>BRAINSTIM : Effects of Transcranial Direct Current Stimulation (TDCS) in Drug-resistant Partial Epilepsy</official_title>
  <sponsors>
    <lead_sponsor>
      <agency>Rennes University Hospital</agency>
      <agency_class>Other</agency_class>
    </lead_sponsor>
  </sponsors>
  <source>Rennes University Hospital</source>
  <oversight_info>
    <authority>France: Ethics Committee</authority>
    <authority>France: Afssaps - Agence française de sécurité sanitaire des produits de santé (Saint-Denis)</authority>
    <has_dmc>No</has_dmc>
  </oversight_info>
  <brief_summary>
    <textblock>
      Drug-resistant partial epilepsy has a heavy impact on quality of life and sometimes on life
      expectancy itself. Only a minority of patients may benefit from a curative epilepsy surgery.
      Neurostimulation, which can be an effective add-on treatment, is currently mainly
      represented by vagus nervus stimulation. Transcranial direct current stimulation, a non
      -invasive technique already used in other areas of neurology, may be efficient on some
      partial epilepsies, in particular through the individual configuration of stimulation, made
      possible by recent technological advances.

      Main goal : To study the effect of transcranial electrical stimulation on the frequency of
      seizures in patients with drug-resistant partial epilepsy.

      Hypothesis : Reduction of 50% or more in the frequency of occurrence of seizures within 24
      hours following an individually configured TDCS session: responders in real TDCS vs placebo
      stimulation.
    </textblock>
  </brief_summary>
  <overall_status>Not yet recruiting</overall_status>
  <start_date>June 2015</start_date>
  <completion_date type="Anticipated">December 2017</completion_date>
  <primary_completion_date type="Anticipated">June 2017</primary_completion_date>
  <phase>Phase 2</phase>
  <study_type>Interventional</study_type>
  <study_design>Allocation: Randomized, Endpoint Classification: Efficacy Study, Intervention Model: Crossover Assignment, Masking: Single Blind (Subject), Primary Purpose: Treatment</study_design>
  <primary_outcome>
    <measure>Reduction of 50% or more in the frequency of occurrence of seizures within 24 hours following an individually configured TDCS session: responders in real TDCS vs placebo stimulation.</measure>
    <time_frame>24 hours</time_frame>
    <safety_issue>No</safety_issue>
  </primary_outcome>
  <secondary_outcome>
    <measure>Clinical : - Significant reduction of the frequency of occurrence of seizures within 24 hours, 48 hours, and 7 days following a session of TDCS.</measure>
    <time_frame>24 hours until 7 days</time_frame>
    <safety_issue>No</safety_issue>
  </secondary_outcome>
  <secondary_outcome>
    <measure>Clinical : - Reduction in the duration of seizures</measure>
    <time_frame>6 months</time_frame>
    <safety_issue>No</safety_issue>
  </secondary_outcome>
  <secondary_outcome>
    <measure>Electrophysiological : Decrease of epileptic EEG paroxysms at 8 and 24 hours after a TDCS session</measure>
    <time_frame>8-24 hours</time_frame>
    <safety_issue>No</safety_issue>
  </secondary_outcome>
  <secondary_outcome>
    <measure>- Clinical : If appropriate, reduction of the frequency of occurrence of secondary generalized seizures.</measure>
    <time_frame>6 months</time_frame>
    <safety_issue>No</safety_issue>
  </secondary_outcome>
  <secondary_outcome>
    <measure>-Clinical : Improvement in the quality of life within 7 days following a TDCS session</measure>
    <time_frame>7 days</time_frame>
    <safety_issue>No</safety_issue>
  </secondary_outcome>
  <secondary_outcome>
    <measure>Electrophysiological : - Decrease of epileptic EEG paroxysms immediately following a TDCS session.</measure>
    <time_frame>up to 1 min</time_frame>
    <safety_issue>No</safety_issue>
  </secondary_outcome>
  <number_of_arms>2</number_of_arms>
  <enrollment type="Anticipated">12</enrollment>
  <condition>Epilepsy</condition>
  <arm_group>
    <arm_group_label>TDCS session</arm_group_label>
    <arm_group_type>Experimental</arm_group_type>
    <description>Intervention : Stimulation is applied during a 60 min session with STARSTIM</description>
  </arm_group>
  <arm_group>
    <arm_group_label>TDCS Placebo</arm_group_label>
    <arm_group_type>Placebo Comparator</arm_group_type>
    <description>Intervention : Stimulation is not applied during a 60 min session with STARSTIM</description>
  </arm_group>
  <intervention>
    <intervention_type>Device</intervention_type>
    <intervention_name>STARSTIM</intervention_name>
    <description>Multifocal transcranial direct current stimulation.
CE-marked device, comprising a cap with 2 to 8 electrodes, connected with a programmable mobile stimulator.
The stimulation is applied during a 60 min session</description>
    <arm_group_label>TDCS session</arm_group_label>
    <other_name>TDCS TransCranial Direct Current Stimulation</other_name>
  </intervention>
  <intervention>
    <intervention_type>Device</intervention_type>
    <intervention_name>sham TDCS</intervention_name>
    <arm_group_label>TDCS Placebo</arm_group_label>
  </intervention>
  <eligibility>
    <criteria>
      <textblock>
        Inclusion Criteria:

          -  Age greater than or equal to 15 years;

          -  Patients with drug-partial resistant epilepsy with the following characteristics:

          -  Disabling epilepsy despite an optimized pharmacological treatment.

          -  An average of one seizure a day or more during the week preceding the inclusion

          -  Focal epilepsy in which epileptogenic zone is documented by paraclinical examinations
             consistent with clinical data

          -  Existence of measurable EEG markers of epilepsy

          -  Anti-epileptic drug treatment unmodified during the 2 weeks preceding the inclusion
             no change to treatment planned during the study.

          -  Signed informed consent.

        Exclusion Criteria:

          -  Patients under 15 years;

          -  Patients in which a standard quality EEG recording is not possible

          -  Patients with ictal bradycardia or ictal syncope ;

          -  Patients with heart disease which may result in heart arrhythmia ;

          -  Incapacitated patients (curatorship, guardianship), patients deprived of liberty.

          -  Pregnant or lactating women

          -  Vagus nervus stimulation is not an exclusion criteria
      </textblock>
    </criteria>
    <gender>Both</gender>
    <minimum_age>15 Years</minimum_age>
    <maximum_age>N/A</maximum_age>
    <healthy_volunteers>No</healthy_volunteers>
  </eligibility>
  <overall_official>
    <last_name>BIRABEN Arnaud</last_name>
    <role>Principal Investigator</role>
    <affiliation>Rennes HU</affiliation>
  </overall_official>
  <overall_contact>
    <last_name>RAYER yves</last_name>
    <phone>0299283722</phone>
    <email>drc@chu-rennes.fr</email>
  </overall_contact>
  <overall_contact_backup>
    <last_name>DENOYER Yves</last_name>
    <email>yt.denoyer@hotmail.com</email>
  </overall_contact_backup>
  <verification_date>June 2015</verification_date>
  <lastchanged_date>June 8, 2015</lastchanged_date>
  <firstreceived_date>June 1, 2015</firstreceived_date>
  <responsible_party>
    <responsible_party_type>Sponsor</responsible_party_type>
  </responsible_party>
  <keyword>Transcranial Direct Current Stimulation</keyword>
  <is_fda_regulated>No</is_fda_regulated>
  <has_expanded_access>No</has_expanded_access>
  <condition_browse>
    <!-- CAUTION:  The following MeSH terms are assigned with an imperfect algorithm  -->
    <mesh_term>Epilepsies, Partial</mesh_term>
    <mesh_term>Epilepsy</mesh_term>
  </condition_browse>
  <!-- Results have not yet been posted for this study                                -->
</clinical_study>
