<?xml version="1.0" encoding="UTF-8"?>
<clinical_study rank="80">
  <!-- This xml conforms to an XML Schema at:
    https://clinicaltrials.gov/ct2/html/images/info/public.xsd
 and an XML DTD at:
    https://clinicaltrials.gov/ct2/html/images/info/public.dtd -->
  <required_header>
    <download_date>ClinicalTrials.gov processed this data on December 01, 2015</download_date>
    <link_text>Link to the current ClinicalTrials.gov record.</link_text>
    <url>https://clinicaltrials.gov/show/NCT01051193</url>
  </required_header>
  <id_info>
    <org_study_id>CTRI476B1301E1</org_study_id>
    <nct_id>NCT01051193</nct_id>
  </id_info>
  <brief_title>Long-term Safety and Tolerability of TRI476 (Oxcarbazepine) in Children With Inadequately Controlled Partial Onset Seizures</brief_title>
  <official_title>A Multicentre, Open-label, Extension Study in Children With Inadequately Controlled Partial Onset Seizures to Investigate Long-term Safety and Tolerability of TRI476 (Oxcarbazepine) as Adjunctive Therapy</official_title>
  <sponsors>
    <lead_sponsor>
      <agency>Novartis Pharmaceuticals</agency>
      <agency_class>Industry</agency_class>
    </lead_sponsor>
  </sponsors>
  <source>Novartis</source>
  <oversight_info>
    <authority>Japan: Ministry of Health, Labor and Welfare</authority>
  </oversight_info>
  <brief_summary>
    <textblock>
      This study is designed to provide long term safety data of TRI476 in children with
      inadequately-controlled partial seizures. This study is conducted in patients who complete
      the core study CTRI476B1301. Blinding is maintained during the transition and dose
      adjustment phase of the extension study. All patients are treated with TRI476 from the dose
      adjustment phase onwards. The purpose of study is to confirm that TRI476 as adjunctive
      therapy is safe.
    </textblock>
  </brief_summary>
  <overall_status>Active, not recruiting</overall_status>
  <start_date>January 2010</start_date>
  <primary_completion_date type="Anticipated">May 2015</primary_completion_date>
  <phase>Phase 2/Phase 3</phase>
  <study_type>Interventional</study_type>
  <study_design>Allocation: Non-Randomized, Intervention Model: Single Group Assignment, Masking: Open Label, Primary Purpose: Treatment</study_design>
  <primary_outcome>
    <measure>Safety and tolerability (adverse events, laboratory tests, vital signs, electrocardiogram (ECG))</measure>
    <time_frame>52 weeks and until approval/launch</time_frame>
    <safety_issue>Yes</safety_issue>
  </primary_outcome>
  <secondary_outcome>
    <measure>Percent change in the partial seizure frequency per 28 days during the double-blind period from the screening period</measure>
    <time_frame>52 weeks and until approval/launch</time_frame>
    <safety_issue>No</safety_issue>
  </secondary_outcome>
  <secondary_outcome>
    <measure>Seizure Frequency of specific duration</measure>
    <time_frame>52 weeks and until approval/launch</time_frame>
    <safety_issue>No</safety_issue>
  </secondary_outcome>
  <secondary_outcome>
    <measure>Responder rate: defined as the proportion of patients with an at least 50% reduction in the partial epileptic seizure frequency</measure>
    <time_frame>52 weeks and until approval/launch</time_frame>
    <safety_issue>No</safety_issue>
  </secondary_outcome>
  <secondary_outcome>
    <measure>Percent changes in the seizure frequency by subtype</measure>
    <time_frame>52 weeks and until approval/launch</time_frame>
    <safety_issue>No</safety_issue>
  </secondary_outcome>
  <secondary_outcome>
    <measure>Clinical Global Impression of Change</measure>
    <time_frame>52 weeks and until approval/launch</time_frame>
    <safety_issue>No</safety_issue>
  </secondary_outcome>
  <number_of_arms>1</number_of_arms>
  <enrollment type="Anticipated">50</enrollment>
  <condition>Partial Onset Seizures</condition>
  <arm_group>
    <arm_group_label>TRI476</arm_group_label>
    <arm_group_type>Experimental</arm_group_type>
  </arm_group>
  <intervention>
    <intervention_type>Drug</intervention_type>
    <intervention_name>Oxcarbazepine</intervention_name>
    <arm_group_label>TRI476</arm_group_label>
  </intervention>
  <eligibility>
    <criteria>
      <textblock>
        Inclusion Criteria:

          -  Patients who completed the double-blind treatment phase of the core study (B1301).

          -  A parent/legal guardian must be present and give written consent for all patients
             enrolled in this trial. Patients consent must be obtained using assent document
             according to patients age.

          -  Females of childbearing potential must have a negative pregnancy test at Week 8 in
             the core study B1301.

        Exclusion Criteria:

          -  Patients with medical ineligibility to enter the extension, as assessed by the
             investigator at each site.

          -  Patients who participated in the core study, but did not complete it (prematurely
             discontinued)

        Other protocol-defined inclusion/exclusion criteria may apply.
      </textblock>
    </criteria>
    <gender>Both</gender>
    <minimum_age>4 Years</minimum_age>
    <maximum_age>15 Years</maximum_age>
    <healthy_volunteers>No</healthy_volunteers>
  </eligibility>
  <overall_official>
    <last_name>Novartis Pharmaceuticals</last_name>
    <role>Study Director</role>
    <affiliation>Novartis Pharmaceuticals</affiliation>
  </overall_official>
  <location>
    <facility>
      <name>#3</name>
      <address>
        <city>Bunkyo</city>
        <country>Japan</country>
      </address>
    </facility>
  </location>
  <location>
    <facility>
      <name>#6</name>
      <address>
        <city>Fukuoka</city>
        <country>Japan</country>
      </address>
    </facility>
  </location>
  <location>
    <facility>
      <name>#2</name>
      <address>
        <city>Kobe</city>
        <country>Japan</country>
      </address>
    </facility>
  </location>
  <location>
    <facility>
      <name>#1</name>
      <address>
        <city>Neyagawa</city>
        <country>Japan</country>
      </address>
    </facility>
  </location>
  <location>
    <facility>
      <name>#5</name>
      <address>
        <city>Okayama</city>
        <country>Japan</country>
      </address>
    </facility>
  </location>
  <location>
    <facility>
      <name>#4</name>
      <address>
        <city>Yokohama</city>
        <country>Japan</country>
      </address>
    </facility>
  </location>
  <location_countries>
    <country>Japan</country>
  </location_countries>
  <verification_date>October 2013</verification_date>
  <lastchanged_date>October 28, 2013</lastchanged_date>
  <firstreceived_date>January 15, 2010</firstreceived_date>
  <responsible_party>
    <responsible_party_type>Sponsor</responsible_party_type>
  </responsible_party>
  <keyword>Seizures</keyword>
  <keyword>oxcarbazepine</keyword>
  <keyword>child</keyword>
  <is_fda_regulated>No</is_fda_regulated>
  <has_expanded_access>No</has_expanded_access>
  <condition_browse>
    <!-- CAUTION:  The following MeSH terms are assigned with an imperfect algorithm  -->
    <mesh_term>Seizures</mesh_term>
  </condition_browse>
  <intervention_browse>
    <!-- CAUTION:  The following MeSH terms are assigned with an imperfect algorithm  -->
    <mesh_term>Carbamazepine</mesh_term>
    <mesh_term>Oxcarbazepine</mesh_term>
  </intervention_browse>
  <!-- Results have not yet been posted for this study                                -->
</clinical_study>
