<?xml version="1.0" encoding="UTF-8"?>
<clinical_study rank="361">
  <!-- This xml conforms to an XML Schema at:
    https://clinicaltrials.gov/ct2/html/images/info/public.xsd
 and an XML DTD at:
    https://clinicaltrials.gov/ct2/html/images/info/public.dtd -->
  <required_header>
    <download_date>ClinicalTrials.gov processed this data on November 27, 2015</download_date>
    <link_text>Link to the current ClinicalTrials.gov record.</link_text>
    <url>https://clinicaltrials.gov/show/NCT00515619</url>
  </required_header>
  <id_info>
    <org_study_id>SP0774</org_study_id>
    <secondary_id>2004-000152-16</secondary_id>
    <nct_id>NCT00515619</nct_id>
  </id_info>
  <brief_title>Assess Safety and Efficacy of Lacosamide in Patients With Partial Seizures</brief_title>
  <official_title>An International Open-label Extension Trial to Determine Safety and Efficacy of Long-term Oral Lacosamide (SPM 927) in Patients With Partial Seizures</official_title>
  <sponsors>
    <lead_sponsor>
      <agency>UCB Pharma</agency>
      <agency_class>Industry</agency_class>
    </lead_sponsor>
  </sponsors>
  <source>UCB Pharma</source>
  <oversight_info>
    <authority>Australia: Department of Health and Ageing Therapeutic Goods Administration</authority>
    <authority>Croatia: Ministry of Health and Social Care</authority>
    <authority>Czech Republic: State Institute for Drug Control</authority>
    <authority>Finland: Finnish Medicines Agency</authority>
    <authority>France: Afssaps - Agence française de sécurité sanitaire des produits de santé (Saint-Denis)</authority>
    <authority>Germany: Federal Institute for Drugs and Medical Devices</authority>
    <authority>Hungary: National Institute of Pharmacy</authority>
    <authority>Lithuania: State Medicine Control Agency - Ministry of Health</authority>
    <authority>Poland: Office for Registration of Medicinal Products, Medical Devices and Biocidal Products</authority>
    <authority>Russia: Ministry of Health of the Russian Federation</authority>
    <authority>Spain: Spanish Agency of Medicines</authority>
    <authority>Sweden: Medical Products Agency</authority>
    <authority>United Kingdom: Medicines and Healthcare Products Regulatory Agency</authority>
    <has_dmc>No</has_dmc>
  </oversight_info>
  <brief_summary>
    <textblock>
      The main purpose of this trial is to determine safety and efficacy of Lacosamide under long
      term therapy.
    </textblock>
  </brief_summary>
  <overall_status>Completed</overall_status>
  <start_date>December 2004</start_date>
  <completion_date type="Actual">August 2010</completion_date>
  <primary_completion_date type="Actual">August 2010</primary_completion_date>
  <phase>Phase 3</phase>
  <study_type>Interventional</study_type>
  <study_design>Allocation: Non-Randomized, Endpoint Classification: Safety/Efficacy Study, Intervention Model: Single Group Assignment, Masking: Open Label, Primary Purpose: Treatment</study_design>
  <primary_outcome>
    <measure>Number of Subjects Reporting at Least 1 Treatment-emergent Adverse Event (TEAE) During the Treatment Period (up to 5.5 Years)</measure>
    <time_frame>During the Treatment Period (up to 5.5 years)</time_frame>
    <safety_issue>No</safety_issue>
    <description>Adverse events are any untoward medical occurrences in a subject administered study treatment, whether or not these events are related to treatment.</description>
  </primary_outcome>
  <primary_outcome>
    <measure>Number of Subjects Prematurely Discontinuing Due to a Treatment-emergent Adverse Event (TEAE) During the Treatment Period (up to 5.5 Years)</measure>
    <time_frame>During the Treatment Period (up to 5.5 years)</time_frame>
    <safety_issue>No</safety_issue>
    <description>Adverse events are any untoward medical occurrences in a subject administered study treatment, whether or not these events are related to treatment.</description>
  </primary_outcome>
  <primary_outcome>
    <measure>Number of Subjects Reporting at Least 1 Serious Adverse Event (SAE) During the Treatment Period (up to 5.5 Years)</measure>
    <time_frame>During the Treatment Period (up to 5.5 years)</time_frame>
    <safety_issue>No</safety_issue>
    <description>A serious adverse event is any untoward medical occurrences in a subject administered study treatment, whether or not the event is related to treatment, with at least one of the follow outcomes: death, life-threatening, initial inpatient hospitalization or prolongation of hospitalization, significant or persistent disability/incapacity, congenital anomaly/birth defect, or an important medical event that may jeopardize the subject and require a medical/surgical intervention.</description>
  </primary_outcome>
  <secondary_outcome>
    <measure>Median Percentage Change From Baseline in 28-day Seizure Frequency During the Treatment Period (up to 5.5 Years)</measure>
    <time_frame>Baseline, Treatment Period (up to 5.5 years)</time_frame>
    <safety_issue>No</safety_issue>
    <description>Median percentage change is the median value with respect to the percent change from Baseline across the population of subjects. Percentage change is calculated as 100 times the difference of the seizure frequency for the treatment period and the Baseline seizure frequency divided by the baseline seizure frequency.
Negative changes from Baseline indicate an improvement (i.e., a reduction) in 28-day seizure frequency.</description>
  </secondary_outcome>
  <secondary_outcome>
    <measure>Percentage of at Least 50% Responders During the Treatment Period (up to 5.5 Years)</measure>
    <time_frame>Treatment Period (up to 5.5 years)</time_frame>
    <safety_issue>No</safety_issue>
    <description>At least 50 percent response is based on the percentage reduction in 28-day seizure frequency during the Treatment Period of the open-label extension relative to the Baseline Phase of the prior study. This endpoint reflects the percentage of subjects with at least 50% reduction (ie, at least 50% change) in 28-day partial onset seizure frequency</description>
  </secondary_outcome>
  <number_of_arms>1</number_of_arms>
  <enrollment type="Actual">376</enrollment>
  <condition>Epilepsy</condition>
  <arm_group>
    <arm_group_label>Lacosamide</arm_group_label>
    <arm_group_type>Experimental</arm_group_type>
    <description>50 mg and 100 mg tablets up to 800 mg/day as twice day (BID) dosing</description>
  </arm_group>
  <intervention>
    <intervention_type>Drug</intervention_type>
    <intervention_name>Lacosamide</intervention_name>
    <description>50 mg and 100 mg tablets up to 800 mg/day as twice day (BID) dosing throughout the trial</description>
    <arm_group_label>Lacosamide</arm_group_label>
    <other_name>SPM 927</other_name>
    <other_name>LCM</other_name>
  </intervention>
  <eligibility>
    <criteria>
      <textblock>
        Inclusion Criteria:

          -  diagnosis of Epilepsy

          -  completion of double blind trial

        Exclusion Criteria:

          -  taking other investigational drug than Lacosamide

          -  meeting withdrawal criteria from double blind trial
      </textblock>
    </criteria>
    <gender>Both</gender>
    <minimum_age>16 Years</minimum_age>
    <maximum_age>70 Years</maximum_age>
    <healthy_volunteers>No</healthy_volunteers>
  </eligibility>
  <overall_official>
    <last_name>UCB Clinical Trial Call Center</last_name>
    <role>Study Director</role>
    <affiliation>+1 877 822 9493</affiliation>
  </overall_official>
  <location>
    <facility>
      <address>
        <city>Randwick</city>
        <state>New South Wales</state>
        <country>Australia</country>
      </address>
    </facility>
  </location>
  <location>
    <facility>
      <address>
        <city>Maroochydore</city>
        <state>Queensland</state>
        <country>Australia</country>
      </address>
    </facility>
  </location>
  <location>
    <facility>
      <address>
        <city>Woodville</city>
        <state>South Australia</state>
        <country>Australia</country>
      </address>
    </facility>
  </location>
  <location>
    <facility>
      <address>
        <city>Clayton</city>
        <state>Victoria</state>
        <country>Australia</country>
      </address>
    </facility>
  </location>
  <location>
    <facility>
      <address>
        <city>Parkville</city>
        <state>Victoria</state>
        <country>Australia</country>
      </address>
    </facility>
  </location>
  <location>
    <facility>
      <address>
        <city>West Heidelberg</city>
        <state>Victoria</state>
        <country>Australia</country>
      </address>
    </facility>
  </location>
  <location>
    <facility>
      <address>
        <city>Adelaide</city>
        <country>Australia</country>
      </address>
    </facility>
  </location>
  <location>
    <facility>
      <address>
        <city>Zagreb</city>
        <country>Croatia</country>
      </address>
    </facility>
  </location>
  <location>
    <facility>
      <address>
        <city>Brno</city>
        <country>Czech Republic</country>
      </address>
    </facility>
  </location>
  <location>
    <facility>
      <address>
        <city>Hradec Kralove</city>
        <country>Czech Republic</country>
      </address>
    </facility>
  </location>
  <location>
    <facility>
      <address>
        <city>Olomouc</city>
        <country>Czech Republic</country>
      </address>
    </facility>
  </location>
  <location>
    <facility>
      <address>
        <city>Ostrava-Trebovice</city>
        <country>Czech Republic</country>
      </address>
    </facility>
  </location>
  <location>
    <facility>
      <address>
        <city>Plzen</city>
        <country>Czech Republic</country>
      </address>
    </facility>
  </location>
  <location>
    <facility>
      <address>
        <city>Prague</city>
        <country>Czech Republic</country>
      </address>
    </facility>
  </location>
  <location>
    <facility>
      <address>
        <city>Helsinki</city>
        <country>Finland</country>
      </address>
    </facility>
  </location>
  <location>
    <facility>
      <address>
        <city>Kuopio</city>
        <country>Finland</country>
      </address>
    </facility>
  </location>
  <location>
    <facility>
      <address>
        <city>Oulu</city>
        <country>Finland</country>
      </address>
    </facility>
  </location>
  <location>
    <facility>
      <address>
        <city>Tampere</city>
        <country>Finland</country>
      </address>
    </facility>
  </location>
  <location>
    <facility>
      <address>
        <city>Lille</city>
        <country>France</country>
      </address>
    </facility>
  </location>
  <location>
    <facility>
      <address>
        <city>Lyon</city>
        <country>France</country>
      </address>
    </facility>
  </location>
  <location>
    <facility>
      <address>
        <city>Montpellier</city>
        <country>France</country>
      </address>
    </facility>
  </location>
  <location>
    <facility>
      <address>
        <city>Paris</city>
        <country>France</country>
      </address>
    </facility>
  </location>
  <location>
    <facility>
      <address>
        <city>Toulouse</city>
        <country>France</country>
      </address>
    </facility>
  </location>
  <location>
    <facility>
      <address>
        <city>Berlin</city>
        <country>Germany</country>
      </address>
    </facility>
  </location>
  <location>
    <facility>
      <address>
        <city>Erlangen</city>
        <country>Germany</country>
      </address>
    </facility>
  </location>
  <location>
    <facility>
      <address>
        <city>Göttingen</city>
        <country>Germany</country>
      </address>
    </facility>
  </location>
  <location>
    <facility>
      <address>
        <city>Marburg</city>
        <zip>35039</zip>
        <country>Germany</country>
      </address>
    </facility>
  </location>
  <location>
    <facility>
      <address>
        <city>München</city>
        <country>Germany</country>
      </address>
    </facility>
  </location>
  <location>
    <facility>
      <address>
        <city>Ulm</city>
        <country>Germany</country>
      </address>
    </facility>
  </location>
  <location>
    <facility>
      <address>
        <city>Budapest</city>
        <country>Hungary</country>
      </address>
    </facility>
  </location>
  <location>
    <facility>
      <address>
        <city>Pécs</city>
        <country>Hungary</country>
      </address>
    </facility>
  </location>
  <location>
    <facility>
      <address>
        <city>Szeged</city>
        <country>Hungary</country>
      </address>
    </facility>
  </location>
  <location>
    <facility>
      <address>
        <city>Szombathely</city>
        <country>Hungary</country>
      </address>
    </facility>
  </location>
  <location>
    <facility>
      <address>
        <city>Kaunas</city>
        <country>Lithuania</country>
      </address>
    </facility>
  </location>
  <location>
    <facility>
      <address>
        <city>Vilnius</city>
        <country>Lithuania</country>
      </address>
    </facility>
  </location>
  <location>
    <facility>
      <address>
        <city>Bialystok</city>
        <country>Poland</country>
      </address>
    </facility>
  </location>
  <location>
    <facility>
      <address>
        <city>Gdansk</city>
        <country>Poland</country>
      </address>
    </facility>
  </location>
  <location>
    <facility>
      <address>
        <city>Krakow</city>
        <country>Poland</country>
      </address>
    </facility>
  </location>
  <location>
    <facility>
      <address>
        <city>Warsaw</city>
        <country>Poland</country>
      </address>
    </facility>
  </location>
  <location>
    <facility>
      <address>
        <city>Moscow</city>
        <country>Russian Federation</country>
      </address>
    </facility>
  </location>
  <location>
    <facility>
      <address>
        <city>St. Petersburg</city>
        <country>Russian Federation</country>
      </address>
    </facility>
  </location>
  <location>
    <facility>
      <address>
        <city>Girona</city>
        <country>Spain</country>
      </address>
    </facility>
  </location>
  <location>
    <facility>
      <address>
        <city>Granada</city>
        <country>Spain</country>
      </address>
    </facility>
  </location>
  <location>
    <facility>
      <address>
        <city>Madrid</city>
        <country>Spain</country>
      </address>
    </facility>
  </location>
  <location>
    <facility>
      <address>
        <city>Zaragoza</city>
        <country>Spain</country>
      </address>
    </facility>
  </location>
  <location>
    <facility>
      <address>
        <city>Gothenburg</city>
        <country>Sweden</country>
      </address>
    </facility>
  </location>
  <location>
    <facility>
      <address>
        <city>Linköping</city>
        <country>Sweden</country>
      </address>
    </facility>
  </location>
  <location>
    <facility>
      <address>
        <city>Stockholm</city>
        <country>Sweden</country>
      </address>
    </facility>
  </location>
  <location>
    <facility>
      <address>
        <city>Cardiff</city>
        <country>United Kingdom</country>
      </address>
    </facility>
  </location>
  <location>
    <facility>
      <address>
        <city>Dundee</city>
        <country>United Kingdom</country>
      </address>
    </facility>
  </location>
  <location>
    <facility>
      <address>
        <city>Glasgow</city>
        <country>United Kingdom</country>
      </address>
    </facility>
  </location>
  <location>
    <facility>
      <address>
        <city>London</city>
        <country>United Kingdom</country>
      </address>
    </facility>
  </location>
  <location>
    <facility>
      <address>
        <city>Salford</city>
        <country>United Kingdom</country>
      </address>
    </facility>
  </location>
  <location>
    <facility>
      <address>
        <city>Swansea</city>
        <country>United Kingdom</country>
      </address>
    </facility>
  </location>
  <location_countries>
    <country>Australia</country>
    <country>Croatia</country>
    <country>Czech Republic</country>
    <country>Finland</country>
    <country>France</country>
    <country>Germany</country>
    <country>Hungary</country>
    <country>Lithuania</country>
    <country>Poland</country>
    <country>Russian Federation</country>
    <country>Spain</country>
    <country>Sweden</country>
    <country>United Kingdom</country>
  </location_countries>
  <link>
    <url>http://www.vimpat.com/pdfs/PI.pdf</url>
    <description>Product Information</description>
  </link>
  <link>
    <url>http://www.fda.gov/Safety/MedWatch/SafetyInformation/default.htm</url>
    <description>FDA Safety Alerts and Recalls</description>
  </link>
  <results_reference>
    <citation>Borghs S, de la Loge C, Brabant Y, Cramer J. Sensitivity testing of the Seizure Severity Questionnaire (SSQ). Epilepsy Behav. 2014 Feb;31:281-5. doi: 10.1016/j.yebeh.2013.10.010. Epub 2013 Nov 22.</citation>
    <PMID>24275520</PMID>
  </results_reference>
  <verification_date>June 2015</verification_date>
  <lastchanged_date>June 16, 2015</lastchanged_date>
  <firstreceived_date>August 13, 2007</firstreceived_date>
  <firstreceived_results_date>August 5, 2011</firstreceived_results_date>
  <responsible_party>
    <responsible_party_type>Sponsor</responsible_party_type>
  </responsible_party>
  <is_fda_regulated>Yes</is_fda_regulated>
  <is_section_801>Yes</is_section_801>
  <has_expanded_access>No</has_expanded_access>
  <intervention_browse>
    <!-- CAUTION:  The following MeSH terms are assigned with an imperfect algorithm  -->
    <mesh_term>Lacosamide</mesh_term>
  </intervention_browse>

  <clinical_results>

    <participant_flow>
      <recruitment_details>The study was started in December of 2004 with recruitment occurring in Australia, Croatia, Czech Republic, Finland, France, Germany, Hungary, Lithuania, Poland, Russia, Spain, Sweden, and the United Kingdom. The study had last patient last visit in August of 2010.</recruitment_details>
      <pre_assignment_details>Safety Set consists of all subjects who received at least 1 dose of Lacosamide.</pre_assignment_details>
      <group_list>
        <group group_id="P1">
          <title>Lacosamide</title>
          <description>50 mg and 100 mg tablets of lacosamide up to 800 mg/day as twice day (BID) dosing throughout the trial (flexible dosing)</description>
        </group>
      </group_list>
      <period_list>
        <period>
          <title>Overall Study</title>
          <milestone_list>
            <milestone>
              <title>STARTED</title>
              <participants_list>
                <participants group_id="P1" count="376"/>
              </participants_list>
            </milestone>
            <milestone>
              <title>Safety Set</title>
              <participants_list>
                <participants group_id="P1" count="376"/>
              </participants_list>
            </milestone>
            <milestone>
              <title>COMPLETED</title>
              <participants_list>
                <participants group_id="P1" count="160"/>
              </participants_list>
            </milestone>
            <milestone>
              <title>NOT COMPLETED</title>
              <participants_list>
                <participants group_id="P1" count="216"/>
              </participants_list>
            </milestone>
          </milestone_list>
          <drop_withdraw_reason_list>
            <drop_withdraw_reason>
              <title>Adverse Event</title>
              <participants_list>
                <participants group_id="P1" count="34"/>
              </participants_list>
            </drop_withdraw_reason>
            <drop_withdraw_reason>
              <title>Lack of Efficacy</title>
              <participants_list>
                <participants group_id="P1" count="92"/>
              </participants_list>
            </drop_withdraw_reason>
            <drop_withdraw_reason>
              <title>Withdrawal by Subject</title>
              <participants_list>
                <participants group_id="P1" count="66"/>
              </participants_list>
            </drop_withdraw_reason>
            <drop_withdraw_reason>
              <title>Protocol Violation</title>
              <participants_list>
                <participants group_id="P1" count="3"/>
              </participants_list>
            </drop_withdraw_reason>
            <drop_withdraw_reason>
              <title>Lost to Follow-up</title>
              <participants_list>
                <participants group_id="P1" count="4"/>
              </participants_list>
            </drop_withdraw_reason>
            <drop_withdraw_reason>
              <title>Unsatisfactory compliance</title>
              <participants_list>
                <participants group_id="P1" count="6"/>
              </participants_list>
            </drop_withdraw_reason>
            <drop_withdraw_reason>
              <title>Other: Site discontinuing trials</title>
              <participants_list>
                <participants group_id="P1" count="2"/>
              </participants_list>
            </drop_withdraw_reason>
            <drop_withdraw_reason>
              <title>Other: Subject cannot attend visits</title>
              <participants_list>
                <participants group_id="P1" count="2"/>
              </participants_list>
            </drop_withdraw_reason>
            <drop_withdraw_reason>
              <title>Other: Subject required surgery</title>
              <participants_list>
                <participants group_id="P1" count="1"/>
              </participants_list>
            </drop_withdraw_reason>
            <drop_withdraw_reason>
              <title>Other: Subject moved to another country</title>
              <participants_list>
                <participants group_id="P1" count="1"/>
              </participants_list>
            </drop_withdraw_reason>
            <drop_withdraw_reason>
              <title>Other: Investigator decision</title>
              <participants_list>
                <participants group_id="P1" count="1"/>
              </participants_list>
            </drop_withdraw_reason>
            <drop_withdraw_reason>
              <title>Other: Subject became pregnant</title>
              <participants_list>
                <participants group_id="P1" count="1"/>
              </participants_list>
            </drop_withdraw_reason>
            <drop_withdraw_reason>
              <title>Other: Request from sponsor</title>
              <participants_list>
                <participants group_id="P1" count="1"/>
              </participants_list>
            </drop_withdraw_reason>
            <drop_withdraw_reason>
              <title>Other: Drug available on license</title>
              <participants_list>
                <participants group_id="P1" count="1"/>
              </participants_list>
            </drop_withdraw_reason>
            <drop_withdraw_reason>
              <title>Other: Subject interested in other AED</title>
              <participants_list>
                <participants group_id="P1" count="1"/>
              </participants_list>
            </drop_withdraw_reason>
          </drop_withdraw_reason_list>
        </period>
      </period_list>
    </participant_flow>

    <baseline>
      <group_list>
        <group group_id="B1">
          <title>Lacosamide</title>
          <description>50 mg and 100 mg tablets of lacosamide up to 800 mg/day as twice day (BID) dosing throughout the trial (flexible dosing)</description>
        </group>
      </group_list>
      <measure_list>
        <measure>
          <title>Number of Participants</title>
          <units>participants</units>
          <param>Number</param>
          <category_list>
            <category>
              <measurement_list>
                <measurement group_id="B1" value="376"/>
              </measurement_list>
            </category>
          </category_list>
        </measure>
        <measure>
          <title>Age</title>
          <units>participants</units>
          <param>Number</param>
          <category_list>
            <category>
              <sub_title>&lt;=18 years</sub_title>
              <measurement_list>
                <measurement group_id="B1" value="7"/>
              </measurement_list>
            </category>
            <category>
              <sub_title>Between 18 and 65 years</sub_title>
              <measurement_list>
                <measurement group_id="B1" value="366"/>
              </measurement_list>
            </category>
            <category>
              <sub_title>&gt;=65 years</sub_title>
              <measurement_list>
                <measurement group_id="B1" value="3"/>
              </measurement_list>
            </category>
          </category_list>
        </measure>
        <measure>
          <title>Age</title>
          <units>years</units>
          <param>Mean</param>
          <dispersion>Standard Deviation</dispersion>
          <category_list>
            <category>
              <measurement_list>
                <measurement group_id="B1" value="37.8" spread="11.53"/>
              </measurement_list>
            </category>
          </category_list>
        </measure>
        <measure>
          <title>Gender</title>
          <units>participants</units>
          <param>Number</param>
          <category_list>
            <category>
              <sub_title>Female</sub_title>
              <measurement_list>
                <measurement group_id="B1" value="169"/>
              </measurement_list>
            </category>
            <category>
              <sub_title>Male</sub_title>
              <measurement_list>
                <measurement group_id="B1" value="207"/>
              </measurement_list>
            </category>
          </category_list>
        </measure>
        <measure>
          <title>Region of Enrollment</title>
          <units>participants</units>
          <param>Number</param>
          <category_list>
            <category>
              <sub_title>Finland</sub_title>
              <measurement_list>
                <measurement group_id="B1" value="16"/>
              </measurement_list>
            </category>
            <category>
              <sub_title>Spain</sub_title>
              <measurement_list>
                <measurement group_id="B1" value="26"/>
              </measurement_list>
            </category>
            <category>
              <sub_title>Lithuania</sub_title>
              <measurement_list>
                <measurement group_id="B1" value="42"/>
              </measurement_list>
            </category>
            <category>
              <sub_title>Russian Federation</sub_title>
              <measurement_list>
                <measurement group_id="B1" value="31"/>
              </measurement_list>
            </category>
            <category>
              <sub_title>United Kingdom</sub_title>
              <measurement_list>
                <measurement group_id="B1" value="20"/>
              </measurement_list>
            </category>
            <category>
              <sub_title>France</sub_title>
              <measurement_list>
                <measurement group_id="B1" value="10"/>
              </measurement_list>
            </category>
            <category>
              <sub_title>Czech Republic</sub_title>
              <measurement_list>
                <measurement group_id="B1" value="50"/>
              </measurement_list>
            </category>
            <category>
              <sub_title>Hungary</sub_title>
              <measurement_list>
                <measurement group_id="B1" value="31"/>
              </measurement_list>
            </category>
            <category>
              <sub_title>Poland</sub_title>
              <measurement_list>
                <measurement group_id="B1" value="37"/>
              </measurement_list>
            </category>
            <category>
              <sub_title>Croatia</sub_title>
              <measurement_list>
                <measurement group_id="B1" value="31"/>
              </measurement_list>
            </category>
            <category>
              <sub_title>Australia</sub_title>
              <measurement_list>
                <measurement group_id="B1" value="31"/>
              </measurement_list>
            </category>
            <category>
              <sub_title>Germany</sub_title>
              <measurement_list>
                <measurement group_id="B1" value="35"/>
              </measurement_list>
            </category>
            <category>
              <sub_title>Sweden</sub_title>
              <measurement_list>
                <measurement group_id="B1" value="16"/>
              </measurement_list>
            </category>
          </category_list>
        </measure>
      </measure_list>
    </baseline>

    <outcome_list>
      <outcome>
        <type>Primary</type>
        <title>Number of Subjects Reporting at Least 1 Treatment-emergent Adverse Event (TEAE) During the Treatment Period (up to 5.5 Years)</title>
        <description>Adverse events are any untoward medical occurrences in a subject administered study treatment, whether or not these events are related to treatment.</description>
        <time_frame>During the Treatment Period (up to 5.5 years)</time_frame>
        <safety_issue>No</safety_issue>
        <population>Of the 376 subjects who entered the study, 376 are included in this summary based on the Safety Set (SS). SS population: number of subjects treated.</population>
        <group_list>
          <group group_id="O1">
            <title>Lacosamide</title>
            <description>50 mg and 100 mg tablets of lacosamide up to 800 mg/day as twice day (BID) dosing throughout the trial (flexible dosing)</description>
          </group>
        </group_list>
        <measure_list>
          <measure>
            <title>Number of Participants</title>
            <units>participants</units>
            <param>Number</param>
            <category_list>
              <category>
                <measurement_list>
                  <measurement group_id="O1" value="376"/>
                </measurement_list>
              </category>
            </category_list>
          </measure>
          <measure>
            <title>Number of Subjects Reporting at Least 1 Treatment-emergent Adverse Event (TEAE) During the Treatment Period (up to 5.5 Years)</title>
            <description>Adverse events are any untoward medical occurrences in a subject administered study treatment, whether or not these events are related to treatment.</description>
            <units>Subjects</units>
            <param>Number</param>
            <category_list>
              <category>
                <measurement_list>
                  <measurement group_id="O1" value="311"/>
                </measurement_list>
              </category>
            </category_list>
          </measure>
        </measure_list>
      </outcome>
      <outcome>
        <type>Primary</type>
        <title>Number of Subjects Prematurely Discontinuing Due to a Treatment-emergent Adverse Event (TEAE) During the Treatment Period (up to 5.5 Years)</title>
        <description>Adverse events are any untoward medical occurrences in a subject administered study treatment, whether or not these events are related to treatment.</description>
        <time_frame>During the Treatment Period (up to 5.5 years)</time_frame>
        <safety_issue>No</safety_issue>
        <population>Of the 376 subjects who entered the study, 376 are included in this summary based on the Safety Set (SS). SS population: number of subjects treated.</population>
        <group_list>
          <group group_id="O1">
            <title>Lacosamide</title>
            <description>50 mg and 100 mg tablets of lacosamide up to 800 mg/day as twice day (BID) dosing throughout the trial (flexible dosing)</description>
          </group>
        </group_list>
        <measure_list>
          <measure>
            <title>Number of Participants</title>
            <units>participants</units>
            <param>Number</param>
            <category_list>
              <category>
                <measurement_list>
                  <measurement group_id="O1" value="376"/>
                </measurement_list>
              </category>
            </category_list>
          </measure>
          <measure>
            <title>Number of Subjects Prematurely Discontinuing Due to a Treatment-emergent Adverse Event (TEAE) During the Treatment Period (up to 5.5 Years)</title>
            <description>Adverse events are any untoward medical occurrences in a subject administered study treatment, whether or not these events are related to treatment.</description>
            <units>Subjects</units>
            <param>Number</param>
            <category_list>
              <category>
                <measurement_list>
                  <measurement group_id="O1" value="33"/>
                </measurement_list>
              </category>
            </category_list>
          </measure>
        </measure_list>
      </outcome>
      <outcome>
        <type>Primary</type>
        <title>Number of Subjects Reporting at Least 1 Serious Adverse Event (SAE) During the Treatment Period (up to 5.5 Years)</title>
        <description>A serious adverse event is any untoward medical occurrences in a subject administered study treatment, whether or not the event is related to treatment, with at least one of the follow outcomes: death, life-threatening, initial inpatient hospitalization or prolongation of hospitalization, significant or persistent disability/incapacity, congenital anomaly/birth defect, or an important medical event that may jeopardize the subject and require a medical/surgical intervention.</description>
        <time_frame>During the Treatment Period (up to 5.5 years)</time_frame>
        <safety_issue>No</safety_issue>
        <population>Of the 376 subjects who entered the study, 376 are included in this summary based on the Safety Set (SS). SS population: number of subjects treated.</population>
        <group_list>
          <group group_id="O1">
            <title>Lacosamide</title>
            <description>50 mg and 100 mg tablets of lacosamide up to 800 mg/day as twice day (BID) dosing throughout the trial (flexible dosing)</description>
          </group>
        </group_list>
        <measure_list>
          <measure>
            <title>Number of Participants</title>
            <units>participants</units>
            <param>Number</param>
            <category_list>
              <category>
                <measurement_list>
                  <measurement group_id="O1" value="376"/>
                </measurement_list>
              </category>
            </category_list>
          </measure>
          <measure>
            <title>Number of Subjects Reporting at Least 1 Serious Adverse Event (SAE) During the Treatment Period (up to 5.5 Years)</title>
            <description>A serious adverse event is any untoward medical occurrences in a subject administered study treatment, whether or not the event is related to treatment, with at least one of the follow outcomes: death, life-threatening, initial inpatient hospitalization or prolongation of hospitalization, significant or persistent disability/incapacity, congenital anomaly/birth defect, or an important medical event that may jeopardize the subject and require a medical/surgical intervention.</description>
            <units>Subjects</units>
            <param>Number</param>
            <category_list>
              <category>
                <measurement_list>
                  <measurement group_id="O1" value="87"/>
                </measurement_list>
              </category>
            </category_list>
          </measure>
        </measure_list>
      </outcome>
      <outcome>
        <type>Secondary</type>
        <title>Median Percentage Change From Baseline in 28-day Seizure Frequency During the Treatment Period (up to 5.5 Years)</title>
        <description>Median percentage change is the median value with respect to the percent change from Baseline across the population of subjects. Percentage change is calculated as 100 times the difference of the seizure frequency for the treatment period and the Baseline seizure frequency divided by the baseline seizure frequency.
Negative changes from Baseline indicate an improvement (i.e., a reduction) in 28-day seizure frequency.</description>
        <time_frame>Baseline, Treatment Period (up to 5.5 years)</time_frame>
        <safety_issue>No</safety_issue>
        <population>Of the 376 subjects who were enrolled/treated in the study, 376 are included in this summary based on the Full Analysis Set (FAS). FAS population: number of subjects treated with at least 1 post-baseline seizure diary day with available data during the SP774 study.</population>
        <group_list>
          <group group_id="O1">
            <title>Lacosamide</title>
            <description>50 mg and 100 mg tablets of lacosamide up to 800 mg/day as twice day (BID) dosing throughout the trial (flexible dosing)</description>
          </group>
        </group_list>
        <measure_list>
          <measure>
            <title>Number of Participants</title>
            <units>participants</units>
            <param>Number</param>
            <category_list>
              <category>
                <measurement_list>
                  <measurement group_id="O1" value="376"/>
                </measurement_list>
              </category>
            </category_list>
          </measure>
          <measure>
            <title>Median Percentage Change From Baseline in 28-day Seizure Frequency During the Treatment Period (up to 5.5 Years)</title>
            <description>Median percentage change is the median value with respect to the percent change from Baseline across the population of subjects. Percentage change is calculated as 100 times the difference of the seizure frequency for the treatment period and the Baseline seizure frequency divided by the baseline seizure frequency.
Negative changes from Baseline indicate an improvement (i.e., a reduction) in 28-day seizure frequency.</description>
            <units>Percentage change</units>
            <param>Median</param>
            <dispersion>Full Range</dispersion>
            <category_list>
              <category>
                <measurement_list>
                  <measurement group_id="O1" value="-49.9" lower_limit="-100.0" upper_limit="422.8"/>
                </measurement_list>
              </category>
            </category_list>
          </measure>
        </measure_list>
      </outcome>
      <outcome>
        <type>Secondary</type>
        <title>Percentage of at Least 50% Responders During the Treatment Period (up to 5.5 Years)</title>
        <description>At least 50 percent response is based on the percentage reduction in 28-day seizure frequency during the Treatment Period of the open-label extension relative to the Baseline Phase of the prior study. This endpoint reflects the percentage of subjects with at least 50% reduction (ie, at least 50% change) in 28-day partial onset seizure frequency</description>
        <time_frame>Treatment Period (up to 5.5 years)</time_frame>
        <safety_issue>No</safety_issue>
        <population>Of the 376 subjects who were enrolled/treated in the study, 376 are included in this summary based on the Full Analysis Set (FAS). FAS population: number of subjects treated with at least 1 post-baseline seizure diary day with available data during the SP774 study.</population>
        <group_list>
          <group group_id="O1">
            <title>Lacosamide</title>
            <description>50 mg and 100 mg tablets of lacosamide up to 800 mg/day as twice day (BID) dosing throughout the trial (flexible dosing)</description>
          </group>
        </group_list>
        <measure_list>
          <measure>
            <title>Number of Participants</title>
            <units>participants</units>
            <param>Number</param>
            <category_list>
              <category>
                <measurement_list>
                  <measurement group_id="O1" value="376"/>
                </measurement_list>
              </category>
            </category_list>
          </measure>
          <measure>
            <title>Percentage of at Least 50% Responders During the Treatment Period (up to 5.5 Years)</title>
            <description>At least 50 percent response is based on the percentage reduction in 28-day seizure frequency during the Treatment Period of the open-label extension relative to the Baseline Phase of the prior study. This endpoint reflects the percentage of subjects with at least 50% reduction (ie, at least 50% change) in 28-day partial onset seizure frequency</description>
            <units>Percentage of subjects</units>
            <param>Number</param>
            <category_list>
              <category>
                <measurement_list>
                  <measurement group_id="O1" value="50.0"/>
                </measurement_list>
              </category>
            </category_list>
          </measure>
        </measure_list>
      </outcome>
    </outcome_list>

    <reported_events>
      <time_frame>The adverse event summaries are based on data collected during the 5.5 years of the study for all 376 patients</time_frame>
      <group_list>
        <group group_id="E1">
          <title>Lacosamide</title>
          <description>50 mg and 100 mg tablets of lacosamide up to 800 mg/day as twice day (BID) dosing throughout the trial (flexible dosing)</description>
        </group>
      </group_list>
      <serious_events>
        <default_vocab>MedDRA (9.1)</default_vocab>
        <default_assessment>Non-systematic Assessment</default_assessment>
        <category_list>
          <category>
            <title>Total</title>
            <event_list>
              <event>
                <sub_title>Total, serious adverse events</sub_title>
                <counts group_id="E1" subjects_affected="87" subjects_at_risk="376"/>
              </event>
            </event_list>
          </category>
          <category>
            <title>Blood and lymphatic system disorders</title>
            <event_list>
              <event>
                <sub_title>Anaemia</sub_title>
                <counts group_id="E1" events="1" subjects_affected="1" subjects_at_risk="376"/>
              </event>
            </event_list>
          </category>
          <category>
            <title>Cardiac disorders</title>
            <event_list>
              <event>
                <sub_title>Acute myocardial infarction</sub_title>
                <counts group_id="E1" events="1" subjects_affected="1" subjects_at_risk="376"/>
              </event>
              <event>
                <sub_title>Cardiac arrest</sub_title>
                <counts group_id="E1" events="1" subjects_affected="1" subjects_at_risk="376"/>
              </event>
              <event>
                <sub_title>Tachycardia</sub_title>
                <counts group_id="E1" events="1" subjects_affected="1" subjects_at_risk="376"/>
              </event>
            </event_list>
          </category>
          <category>
            <title>Congenital, familial and genetic disorders</title>
            <event_list>
              <event>
                <sub_title>Exomphalos</sub_title>
                <counts group_id="E1" events="1" subjects_affected="1" subjects_at_risk="376"/>
              </event>
            </event_list>
          </category>
          <category>
            <title>Endocrine disorders</title>
            <event_list>
              <event>
                <sub_title>Hyperthyroidism</sub_title>
                <counts group_id="E1" events="1" subjects_affected="1" subjects_at_risk="376"/>
              </event>
              <event>
                <sub_title>Inappropriate antidiuretic hormone secretion</sub_title>
                <counts group_id="E1" events="1" subjects_affected="1" subjects_at_risk="376"/>
              </event>
            </event_list>
          </category>
          <category>
            <title>Eye disorders</title>
            <event_list>
              <event>
                <sub_title>Diplopia</sub_title>
                <counts group_id="E1" events="1" subjects_affected="1" subjects_at_risk="376"/>
              </event>
              <event>
                <sub_title>Scotoma</sub_title>
                <counts group_id="E1" events="1" subjects_affected="1" subjects_at_risk="376"/>
              </event>
              <event>
                <sub_title>Eye haemorrhage</sub_title>
                <counts group_id="E1" events="1" subjects_affected="1" subjects_at_risk="376"/>
              </event>
            </event_list>
          </category>
          <category>
            <title>Gastrointestinal disorders</title>
            <event_list>
              <event>
                <sub_title>Anal fistula</sub_title>
                <counts group_id="E1" events="1" subjects_affected="1" subjects_at_risk="376"/>
              </event>
              <event>
                <sub_title>Haematemesis</sub_title>
                <counts group_id="E1" events="1" subjects_affected="1" subjects_at_risk="376"/>
              </event>
              <event>
                <sub_title>Mechanical ileus</sub_title>
                <counts group_id="E1" events="1" subjects_affected="1" subjects_at_risk="376"/>
              </event>
            </event_list>
          </category>
          <category>
            <title>General disorders</title>
            <event_list>
              <event>
                <sub_title>Chest pain</sub_title>
                <counts group_id="E1" events="2" subjects_affected="2" subjects_at_risk="376"/>
              </event>
              <event>
                <sub_title>Chest discomfort</sub_title>
                <counts group_id="E1" events="1" subjects_affected="1" subjects_at_risk="376"/>
              </event>
            </event_list>
          </category>
          <category>
            <title>Hepatobiliary disorders</title>
            <event_list>
              <event>
                <sub_title>Hepatomegaly</sub_title>
                <counts group_id="E1" events="1" subjects_affected="1" subjects_at_risk="376"/>
              </event>
              <event>
                <sub_title>Cholecystitis</sub_title>
                <counts group_id="E1" events="1" subjects_affected="1" subjects_at_risk="376"/>
              </event>
            </event_list>
          </category>
          <category>
            <title>Infections and infestations</title>
            <event_list>
              <event>
                <sub_title>Gastroenteritis</sub_title>
                <counts group_id="E1" events="1" subjects_affected="1" subjects_at_risk="376"/>
              </event>
              <event>
                <sub_title>Abscess limb</sub_title>
                <counts group_id="E1" events="1" subjects_affected="1" subjects_at_risk="376"/>
              </event>
              <event>
                <sub_title>Appendicitis</sub_title>
                <counts group_id="E1" events="1" subjects_affected="1" subjects_at_risk="376"/>
              </event>
              <event>
                <sub_title>Postoperative wound infection</sub_title>
                <counts group_id="E1" events="1" subjects_affected="1" subjects_at_risk="376"/>
              </event>
              <event>
                <sub_title>Intervertebral discitis</sub_title>
                <counts group_id="E1" events="1" subjects_affected="1" subjects_at_risk="376"/>
              </event>
              <event>
                <sub_title>Sepsis</sub_title>
                <counts group_id="E1" events="1" subjects_affected="1" subjects_at_risk="376"/>
              </event>
              <event>
                <sub_title>Pilonidal cyst</sub_title>
                <counts group_id="E1" events="1" subjects_affected="1" subjects_at_risk="376"/>
              </event>
              <event>
                <sub_title>Pneumonia</sub_title>
                <counts group_id="E1" events="1" subjects_affected="1" subjects_at_risk="376"/>
              </event>
            </event_list>
          </category>
          <category>
            <title>Injury, poisoning and procedural complications</title>
            <event_list>
              <event>
                <sub_title>Head injury</sub_title>
                <counts group_id="E1" events="3" subjects_affected="3" subjects_at_risk="376"/>
              </event>
              <event>
                <sub_title>Subdural haematoma</sub_title>
                <counts group_id="E1" events="3" subjects_affected="3" subjects_at_risk="376"/>
              </event>
              <event>
                <sub_title>Brain contusion</sub_title>
                <counts group_id="E1" events="3" subjects_affected="3" subjects_at_risk="376"/>
              </event>
              <event>
                <sub_title>Lower limb fracture</sub_title>
                <counts group_id="E1" events="3" subjects_affected="3" subjects_at_risk="376"/>
              </event>
              <event>
                <sub_title>Skin laceration</sub_title>
                <counts group_id="E1" events="2" subjects_affected="2" subjects_at_risk="376"/>
              </event>
              <event>
                <sub_title>Contusion</sub_title>
                <counts group_id="E1" events="3" subjects_affected="1" subjects_at_risk="376"/>
              </event>
              <event>
                <sub_title>Fall</sub_title>
                <counts group_id="E1" events="1" subjects_affected="1" subjects_at_risk="376"/>
              </event>
              <event>
                <sub_title>Skull fracture</sub_title>
                <counts group_id="E1" events="1" subjects_affected="1" subjects_at_risk="376"/>
              </event>
              <event>
                <sub_title>Jaw fracture</sub_title>
                <counts group_id="E1" events="1" subjects_affected="1" subjects_at_risk="376"/>
              </event>
              <event>
                <sub_title>Pelvic fracture</sub_title>
                <counts group_id="E1" events="1" subjects_affected="1" subjects_at_risk="376"/>
              </event>
              <event>
                <sub_title>Rib fracture</sub_title>
                <counts group_id="E1" events="1" subjects_affected="1" subjects_at_risk="376"/>
              </event>
              <event>
                <sub_title>Lumbar vertebral fracture</sub_title>
                <counts group_id="E1" events="1" subjects_affected="1" subjects_at_risk="376"/>
              </event>
              <event>
                <sub_title>Wrist fracture</sub_title>
                <counts group_id="E1" events="1" subjects_affected="1" subjects_at_risk="376"/>
              </event>
              <event>
                <sub_title>Skeletal injury</sub_title>
                <counts group_id="E1" events="1" subjects_affected="1" subjects_at_risk="376"/>
              </event>
              <event>
                <sub_title>Soft tissue injury</sub_title>
                <counts group_id="E1" events="1" subjects_affected="1" subjects_at_risk="376"/>
              </event>
              <event>
                <sub_title>Tooth fracture</sub_title>
                <counts group_id="E1" events="1" subjects_affected="1" subjects_at_risk="376"/>
              </event>
            </event_list>
          </category>
          <category>
            <title>Investigations</title>
            <event_list>
              <event>
                <sub_title>Weight decreased</sub_title>
                <counts group_id="E1" events="1" subjects_affected="1" subjects_at_risk="376"/>
              </event>
              <event>
                <sub_title>Electrocardiogram QT corrected interval prolonged</sub_title>
                <counts group_id="E1" events="1" subjects_affected="1" subjects_at_risk="376"/>
              </event>
              <event>
                <sub_title>Investigation</sub_title>
                <counts group_id="E1" events="1" subjects_affected="1" subjects_at_risk="376"/>
              </event>
            </event_list>
          </category>
          <category>
            <title>Metabolism and nutrition disorders</title>
            <event_list>
              <event>
                <sub_title>Hyponatraemia</sub_title>
                <counts group_id="E1" events="1" subjects_affected="1" subjects_at_risk="376"/>
              </event>
            </event_list>
          </category>
          <category>
            <title>Musculoskeletal and connective tissue disorders</title>
            <event_list>
              <event>
                <sub_title>Back pain</sub_title>
                <counts group_id="E1" events="1" subjects_affected="1" subjects_at_risk="376"/>
              </event>
              <event>
                <sub_title>Fibromyalgia</sub_title>
                <counts group_id="E1" events="1" subjects_affected="1" subjects_at_risk="376"/>
              </event>
            </event_list>
          </category>
          <category>
            <title>Neoplasms benign, malignant and unspecified (incl cysts and polyps)</title>
            <event_list>
              <event>
                <sub_title>Basal cell carcinoma</sub_title>
                <counts group_id="E1" events="1" subjects_affected="1" subjects_at_risk="376"/>
              </event>
              <event>
                <sub_title>Brain neoplasm malignant</sub_title>
                <counts group_id="E1" events="1" subjects_affected="1" subjects_at_risk="376"/>
              </event>
              <event>
                <sub_title>Breast Cancer</sub_title>
                <counts group_id="E1" events="1" subjects_affected="1" subjects_at_risk="376"/>
              </event>
            </event_list>
          </category>
          <category>
            <title>Nervous system disorders</title>
            <event_list>
              <event>
                <sub_title>Convulsion</sub_title>
                <counts group_id="E1" events="21" subjects_affected="15" subjects_at_risk="376"/>
              </event>
              <event>
                <sub_title>Epilepsy</sub_title>
                <counts group_id="E1" events="8" subjects_affected="7" subjects_at_risk="376"/>
              </event>
              <event>
                <sub_title>Status epilepticus</sub_title>
                <counts group_id="E1" events="5" subjects_affected="5" subjects_at_risk="376"/>
              </event>
              <event>
                <sub_title>Grand mal convulsion</sub_title>
                <counts group_id="E1" events="3" subjects_affected="3" subjects_at_risk="376"/>
              </event>
              <event>
                <sub_title>Headache</sub_title>
                <counts group_id="E1" events="2" subjects_affected="2" subjects_at_risk="376"/>
              </event>
              <event>
                <sub_title>Hydrocephalus</sub_title>
                <counts group_id="E1" events="2" subjects_affected="2" subjects_at_risk="376"/>
              </event>
              <event>
                <sub_title>Coordination abnormal</sub_title>
                <counts group_id="E1" events="2" subjects_affected="2" subjects_at_risk="376"/>
              </event>
              <event>
                <sub_title>Subarachnoid haemorrhage</sub_title>
                <counts group_id="E1" events="2" subjects_affected="2" subjects_at_risk="376"/>
              </event>
              <event>
                <sub_title>Monoparesis</sub_title>
                <counts group_id="E1" events="1" subjects_affected="1" subjects_at_risk="376"/>
              </event>
              <event>
                <sub_title>Somnolence</sub_title>
                <counts group_id="E1" events="1" subjects_affected="1" subjects_at_risk="376"/>
              </event>
              <event>
                <sub_title>Cerebral haematoma</sub_title>
                <counts group_id="E1" events="1" subjects_affected="1" subjects_at_risk="376"/>
              </event>
              <event>
                <sub_title>Paresis</sub_title>
                <counts group_id="E1" events="1" subjects_affected="1" subjects_at_risk="376"/>
              </event>
              <event>
                <sub_title>Sciatica</sub_title>
                <counts group_id="E1" events="1" subjects_affected="1" subjects_at_risk="376"/>
              </event>
              <event>
                <sub_title>Visual field defect</sub_title>
                <counts group_id="E1" events="1" subjects_affected="1" subjects_at_risk="376"/>
              </event>
              <event>
                <sub_title>Cerebral haemorrhage</sub_title>
                <counts group_id="E1" events="1" subjects_affected="1" subjects_at_risk="376"/>
              </event>
              <event>
                <sub_title>Complex partial seizures</sub_title>
                <counts group_id="E1" events="1" subjects_affected="1" subjects_at_risk="376"/>
              </event>
              <event>
                <sub_title>Encephalitis</sub_title>
                <counts group_id="E1" events="1" subjects_affected="1" subjects_at_risk="376"/>
              </event>
              <event>
                <sub_title>Aura</sub_title>
                <counts group_id="E1" events="1" subjects_affected="1" subjects_at_risk="376"/>
              </event>
              <event>
                <sub_title>Hemiparesis</sub_title>
                <counts group_id="E1" events="1" subjects_affected="1" subjects_at_risk="376"/>
              </event>
              <event>
                <sub_title>Intracranial pressure increased</sub_title>
                <counts group_id="E1" events="1" subjects_affected="1" subjects_at_risk="376"/>
              </event>
              <event>
                <sub_title>Simple partial seizures</sub_title>
                <counts group_id="E1" events="1" subjects_affected="1" subjects_at_risk="376"/>
              </event>
            </event_list>
          </category>
          <category>
            <title>Psychiatric disorders</title>
            <event_list>
              <event>
                <sub_title>Depression</sub_title>
                <counts group_id="E1" events="2" subjects_affected="2" subjects_at_risk="376"/>
              </event>
              <event>
                <sub_title>Epileptic psychosis</sub_title>
                <counts group_id="E1" events="3" subjects_affected="2" subjects_at_risk="376"/>
              </event>
              <event>
                <sub_title>Aggression</sub_title>
                <counts group_id="E1" events="1" subjects_affected="1" subjects_at_risk="376"/>
              </event>
              <event>
                <sub_title>Suicide attempt</sub_title>
                <counts group_id="E1" events="1" subjects_affected="1" subjects_at_risk="376"/>
              </event>
              <event>
                <sub_title>Suicidal ideation</sub_title>
                <counts group_id="E1" events="1" subjects_affected="1" subjects_at_risk="376"/>
              </event>
              <event>
                <sub_title>Pathological gambling</sub_title>
                <counts group_id="E1" events="1" subjects_affected="1" subjects_at_risk="376"/>
              </event>
              <event>
                <sub_title>Confusional state</sub_title>
                <counts group_id="E1" events="1" subjects_affected="1" subjects_at_risk="376"/>
              </event>
            </event_list>
          </category>
          <category>
            <title>Renal and urinary disorders</title>
            <event_list>
              <event>
                <sub_title>Calculus ureteric</sub_title>
                <counts group_id="E1" events="1" subjects_affected="1" subjects_at_risk="376"/>
              </event>
            </event_list>
          </category>
          <category>
            <title>Reproductive system and breast disorders</title>
            <event_list>
              <event>
                <sub_title>Metrorrhagia</sub_title>
                <counts group_id="E1" events="2" subjects_affected="2" subjects_at_risk="376"/>
              </event>
              <event>
                <sub_title>Ovarian cyst</sub_title>
                <counts group_id="E1" events="2" subjects_affected="2" subjects_at_risk="376"/>
              </event>
              <event>
                <sub_title>Bartholin's cyst</sub_title>
                <counts group_id="E1" events="1" subjects_affected="1" subjects_at_risk="376"/>
              </event>
              <event>
                <sub_title>Uterine polyp</sub_title>
                <counts group_id="E1" events="1" subjects_affected="1" subjects_at_risk="376"/>
              </event>
            </event_list>
          </category>
          <category>
            <title>Respiratory, thoracic and mediastinal disorders</title>
            <event_list>
              <event>
                <sub_title>Nasal septum deviation</sub_title>
                <counts group_id="E1" events="2" subjects_affected="2" subjects_at_risk="376"/>
              </event>
              <event>
                <sub_title>Dyspnoea</sub_title>
                <counts group_id="E1" events="1" subjects_affected="1" subjects_at_risk="376"/>
              </event>
              <event>
                <sub_title>Bronchial disorder</sub_title>
                <counts group_id="E1" events="1" subjects_affected="1" subjects_at_risk="376"/>
              </event>
              <event>
                <sub_title>Pulmonary embolism</sub_title>
                <counts group_id="E1" events="1" subjects_affected="1" subjects_at_risk="376"/>
              </event>
            </event_list>
          </category>
          <category>
            <title>Skin and subcutaneous tissue disorders</title>
            <event_list>
              <event>
                <sub_title>Rash</sub_title>
                <counts group_id="E1" events="1" subjects_affected="1" subjects_at_risk="376"/>
              </event>
            </event_list>
          </category>
          <category>
            <title>Social circumstances</title>
            <event_list>
              <event>
                <sub_title>Breast prosthesis user</sub_title>
                <counts group_id="E1" events="1" subjects_affected="1" subjects_at_risk="376"/>
              </event>
            </event_list>
          </category>
          <category>
            <title>Surgical and medical procedures</title>
            <event_list>
              <event>
                <sub_title>Shoulder operation</sub_title>
                <counts group_id="E1" events="1" subjects_affected="1" subjects_at_risk="376"/>
              </event>
              <event>
                <sub_title>Knee meniscectomy</sub_title>
                <counts group_id="E1" events="1" subjects_affected="1" subjects_at_risk="376"/>
              </event>
              <event>
                <sub_title>Hospitalisation</sub_title>
                <counts group_id="E1" events="1" subjects_affected="1" subjects_at_risk="376"/>
              </event>
              <event>
                <sub_title>Therapeutic procedure</sub_title>
                <counts group_id="E1" events="1" subjects_affected="1" subjects_at_risk="376"/>
              </event>
            </event_list>
          </category>
          <category>
            <title>Vascular disorders</title>
            <event_list>
              <event>
                <sub_title>Ischaemia</sub_title>
                <counts group_id="E1" events="1" subjects_affected="1" subjects_at_risk="376"/>
              </event>
            </event_list>
          </category>
        </category_list>
      </serious_events>
      <other_events>
        <frequency_threshold>5</frequency_threshold>
        <default_vocab>MedDRA (9.1)</default_vocab>
        <default_assessment>Non-systematic Assessment</default_assessment>
        <category_list>
          <category>
            <title>Total</title>
            <event_list>
              <event>
                <sub_title>Total, other adverse events</sub_title>
                <counts group_id="E1" subjects_affected="232" subjects_at_risk="376"/>
              </event>
            </event_list>
          </category>
          <category>
            <title>Ear and labyrinth disorders</title>
            <event_list>
              <event>
                <sub_title>Vertigo</sub_title>
                <counts group_id="E1" events="35" subjects_affected="31" subjects_at_risk="376"/>
              </event>
            </event_list>
          </category>
          <category>
            <title>Eye disorders</title>
            <event_list>
              <event>
                <sub_title>Diplopia</sub_title>
                <counts group_id="E1" events="63" subjects_affected="51" subjects_at_risk="376"/>
              </event>
            </event_list>
          </category>
          <category>
            <title>Gastrointestinal disorders</title>
            <event_list>
              <event>
                <sub_title>Vomiting</sub_title>
                <counts group_id="E1" events="33" subjects_affected="25" subjects_at_risk="376"/>
              </event>
            </event_list>
          </category>
          <category>
            <title>General disorders</title>
            <event_list>
              <event>
                <sub_title>Fatigue</sub_title>
                <counts group_id="E1" events="25" subjects_affected="22" subjects_at_risk="376"/>
              </event>
            </event_list>
          </category>
          <category>
            <title>Infections and infestations</title>
            <event_list>
              <event>
                <sub_title>Nasopharyngitis</sub_title>
                <counts group_id="E1" events="77" subjects_affected="52" subjects_at_risk="376"/>
              </event>
            </event_list>
          </category>
          <category>
            <title>Injury, poisoning and procedural complications</title>
            <event_list>
              <event>
                <sub_title>Contusion</sub_title>
                <counts group_id="E1" events="29" subjects_affected="20" subjects_at_risk="376"/>
              </event>
            </event_list>
          </category>
          <category>
            <title>Musculoskeletal and connective tissue disorders</title>
            <event_list>
              <event>
                <sub_title>Back pain</sub_title>
                <counts group_id="E1" events="38" subjects_affected="28" subjects_at_risk="376"/>
              </event>
            </event_list>
          </category>
          <category>
            <title>Nervous system disorders</title>
            <event_list>
              <event>
                <sub_title>Dizziness</sub_title>
                <counts group_id="E1" events="157" subjects_affected="91" subjects_at_risk="376"/>
              </event>
              <event>
                <sub_title>Headache</sub_title>
                <counts group_id="E1" events="97" subjects_affected="54" subjects_at_risk="376"/>
              </event>
              <event>
                <sub_title>Somnolence</sub_title>
                <counts group_id="E1" events="34" subjects_affected="27" subjects_at_risk="376"/>
              </event>
              <event>
                <sub_title>Tremor</sub_title>
                <counts group_id="E1" events="31" subjects_affected="23" subjects_at_risk="376"/>
              </event>
              <event>
                <sub_title>Balance disorder</sub_title>
                <counts group_id="E1" events="25" subjects_affected="19" subjects_at_risk="376"/>
              </event>
              <event>
                <sub_title>Convulsion</sub_title>
                <counts group_id="E1" events="23" subjects_affected="19" subjects_at_risk="376"/>
              </event>
            </event_list>
          </category>
          <category>
            <title>Psychiatric disorders</title>
            <event_list>
              <event>
                <sub_title>Depression</sub_title>
                <counts group_id="E1" events="20" subjects_affected="19" subjects_at_risk="376"/>
              </event>
            </event_list>
          </category>
        </category_list>
      </other_events>
    </reported_events>

    <certain_agreements>
      <pi_employee>Principal Investigators are NOT employed by the organization sponsoring the study.</pi_employee>
      <restrictive_agreement>UCB has &gt; 60 but &lt;= 180 days to review results communications prior to public release and may delete information that is confidential and compromises ongoing studies or is considered proprietary. This restriction is not intended to compromise the objective scientific integrity of the manuscript, it being understood that the results shall be published regardless of outcome.</restrictive_agreement>
    </certain_agreements>
    <point_of_contact>
      <name_or_title>UCB (Study Director)</name_or_title>
      <organization>UCB Clinical Trial Call Center</organization>
      <phone>+1 887 822 9493</phone>
    </point_of_contact>
  </clinical_results>
</clinical_study>
