<?xml version="1.0" encoding="UTF-8"?>
<clinical_study rank="403">
  <!-- This xml conforms to an XML Schema at:
    https://clinicaltrials.gov/ct2/html/images/info/public.xsd
 and an XML DTD at:
    https://clinicaltrials.gov/ct2/html/images/info/public.dtd -->
  <required_header>
    <download_date>ClinicalTrials.gov processed this data on November 27, 2015</download_date>
    <link_text>Link to the current ClinicalTrials.gov record.</link_text>
    <url>https://clinicaltrials.gov/show/NCT00001325</url>
  </required_header>
  <id_info>
    <org_study_id>920175</org_study_id>
    <secondary_id>92-N-0175</secondary_id>
    <nct_id>NCT00001325</nct_id>
  </id_info>
  <brief_title>Metabolic Abnormalities in Children With Epilepsy</brief_title>
  <official_title>Natural History of Metabolic Abnormalities in Children With Epilepsy</official_title>
  <sponsors>
    <lead_sponsor>
      <agency>National Institute of Neurological Disorders and Stroke (NINDS)</agency>
      <agency_class>NIH</agency_class>
    </lead_sponsor>
  </sponsors>
  <source>National Institutes of Health Clinical Center (CC)</source>
  <oversight_info>
    <authority>United States: Federal Government</authority>
  </oversight_info>
  <brief_summary>
    <textblock>
      This study is designed to use positron emission tomography to measure brain energy use.
      Positron Emission Tomography (PET) is a technique used to investigate the functional
      activity of the brain. The PET technique allows doctors to study the normal processes of the
      brain (central nervous system) of normal individuals and patients with neurologic illnesses
      without physical / structural damage to the brain.

      When a region of the brain is active, it uses more fuel in the form of oxygen and sugar
      (glucose). As the brain uses more fuel it produces more waste products, carbon dioxide and
      water. Blood carries fuel to the brain and waste products away from the brain. As brain
      activity increases blood flow to and from the area of activity increases also.

      Researchers can label a sugar with a small radioactive molecule called FDG
      (fluorodeoxyglucose). As areas of the brain use more sugar the PET scan will detect the FDG
      and show the areas of the brain that are active. By using this technique researchers hope to
      answer the following questions;

      4. Are changes in brain energy use (metabolism) present early in the course of epilepsy

      5. Do changes in brain metabolism match the severity of patient's seizures

      6. Do changes in metabolism occur over time or in response to drug therapy
    </textblock>
  </brief_summary>
  <detailed_description>
    <textblock>
      We propose to study children with recent onset partial epilepsy, cryptogenic infantile
      spasms, and idiopathic Lennox-Gastaut Syndrome with serial FDG-PET to elucidate the natural
      history and evolution of metabolic abnormalities associated with such epilepsies. The
      severity of the seizure disorder, and cognitive impairment, when present, will be correlated
      with the presence and extent of focal and global cerebral metabolic abnormalities.
    </textblock>
  </detailed_description>
  <overall_status>Completed</overall_status>
  <start_date>April 1992</start_date>
  <completion_date>June 2004</completion_date>
  <phase>N/A</phase>
  <study_type>Observational</study_type>
  <study_design>N/A</study_design>
  <enrollment>80</enrollment>
  <condition>Generalized Epilepsy</condition>
  <condition>Infantile Spasms</condition>
  <condition>Metabolic Disease</condition>
  <condition>Partial Epilepsy</condition>
  <condition>Seizures</condition>
  <intervention>
    <intervention_type>Drug</intervention_type>
    <intervention_name>18 FDG</intervention_name>
  </intervention>
  <eligibility>
    <criteria>
      <textblock>
        INCLUSION CRITERIA:

        Patients with partial seizures, infantile spasms and Lennox-Gastaut syndrome will be
        selected.

        EXCLUSION CRITERIA:

        Evidence of a structural lesion as cause for epilepsy.

        Degenerative or metabolic disease.

        Inability to comply with the protocol.
      </textblock>
    </criteria>
    <gender>Both</gender>
    <minimum_age>N/A</minimum_age>
    <maximum_age>N/A</maximum_age>
    <healthy_volunteers>No</healthy_volunteers>
  </eligibility>
  <location>
    <facility>
      <name>National Institute of Neurological Disorders and Stroke (NINDS)</name>
      <address>
        <city>Bethesda</city>
        <state>Maryland</state>
        <zip>20892</zip>
        <country>United States</country>
      </address>
    </facility>
  </location>
  <location_countries>
    <country>United States</country>
  </location_countries>
  <reference>
    <citation>Bourgeois BF, Prensky AL, Palkes HS, Talent BK, Busch SG. Intelligence in epilepsy: a prospective study in children. Ann Neurol. 1983 Oct;14(4):438-44.</citation>
    <PMID>6416142</PMID>
  </reference>
  <reference>
    <citation>Chugani HT, Phelps ME, Mazziotta JC. Positron emission tomography study of human brain functional development. Ann Neurol. 1987 Oct;22(4):487-97.</citation>
    <PMID>3501693</PMID>
  </reference>
  <reference>
    <citation>Engel J Jr, Kuhl DE, Phelps ME, Mazziotta JC. Interictal cerebral glucose metabolism in partial epilepsy and its relation to EEG changes. Ann Neurol. 1982 Dec;12(6):510-7.</citation>
    <PMID>6818896</PMID>
  </reference>
  <verification_date>June 2004</verification_date>
  <lastchanged_date>March 3, 2008</lastchanged_date>
  <firstreceived_date>November 3, 1999</firstreceived_date>
  <keyword>Positron</keyword>
  <keyword>Tomography</keyword>
  <keyword>Seizures</keyword>
  <keyword>Epileptic Focus</keyword>
  <keyword>Electroencephalography</keyword>
  <keyword>Metabolism</keyword>
  <keyword>Glucose</keyword>
  <keyword>Cerebral</keyword>
  <keyword>Positron Emission Tomography</keyword>
  <keyword>Lennox Gastaut Syndrome</keyword>
  <has_expanded_access>No</has_expanded_access>
  <condition_browse>
    <!-- CAUTION:  The following MeSH terms are assigned with an imperfect algorithm  -->
    <mesh_term>Epilepsies, Partial</mesh_term>
    <mesh_term>Epilepsy</mesh_term>
    <mesh_term>Epilepsy, Generalized</mesh_term>
    <mesh_term>Metabolic Diseases</mesh_term>
    <mesh_term>Spasms, Infantile</mesh_term>
  </condition_browse>
  <!-- Results have not yet been posted for this study                                -->
</clinical_study>
