<?xml version="1.0" encoding="UTF-8"?>
<clinical_study rank="278">
  <!-- This xml conforms to an XML Schema at:
    https://clinicaltrials.gov/ct2/html/images/info/public.xsd
 and an XML DTD at:
    https://clinicaltrials.gov/ct2/html/images/info/public.dtd -->
  <required_header>
    <download_date>ClinicalTrials.gov processed this data on December 01, 2015</download_date>
    <link_text>Link to the current ClinicalTrials.gov record.</link_text>
    <url>https://clinicaltrials.gov/show/NCT01318018</url>
  </required_header>
  <id_info>
    <org_study_id>KTB</org_study_id>
    <nct_id>NCT01318018</nct_id>
  </id_info>
  <brief_title>Investigation on the Value of Bilateral Index (BIS) Monitoring for Magnetic Seizure Versus Electroconvulsive Therapy</brief_title>
  <sponsors>
    <lead_sponsor>
      <agency>University Hospital, Bonn</agency>
      <agency_class>Other</agency_class>
    </lead_sponsor>
  </sponsors>
  <source>University Hospital, Bonn</source>
  <oversight_info>
    <authority>Germany: Ethics Commission</authority>
    <has_dmc>No</has_dmc>
  </oversight_info>
  <brief_summary>
    <textblock>
      Electroconvulsive therapy (ECT) has been shown to be an effective treatment for patients
      suffering from depression, who do not respond to medical treatment. However it is often
      dismissed by patients, who feel uncomfortably about the application of electric shocks to
      their heads. In 2000, magnetic seizure therapy (MST) has been introduced which uses
      magnetism instead of electricity to evoke convulsions. MST seems to be as effective as ECT
      in terms of its antidepressant potency but may be associated with less severe cognitive side
      effects.

      Control of anaesthesia during seizure therapy is demanding since light anesthesia might be
      associated with awareness, whereas deep anesthesia impedes the antidepressant effect of the
      convulsion. Therefore, Bispectral index (BIS) monitoring is frequently used to tailor
      anaesthesia for ECT, however little is known about BIS following MST.

      The investigators hypothesize that in comparing MST with ECT, (a) patients show a faster
      increase in BIS and that (b)less left-right differences occur in BIS.
    </textblock>
  </brief_summary>
  <overall_status>Completed</overall_status>
  <start_date>February 2011</start_date>
  <phase>N/A</phase>
  <study_type>Observational</study_type>
  <study_design>Observational Model: Case Control, Time Perspective: Prospective</study_design>
  <number_of_groups>2</number_of_groups>
  <enrollment type="Anticipated">20</enrollment>
  <condition>Depression</condition>
  <arm_group>
    <arm_group_label>Magnetic Seizure Therapy Group</arm_group_label>
    <description>Patients receiving magnetic seizure therapy for depression</description>
  </arm_group>
  <arm_group>
    <arm_group_label>Electroconvulsive Therapy Group</arm_group_label>
    <description>Patients receiving electroconvulsive therapy for depression</description>
  </arm_group>
  <eligibility>
    <study_pop>
      <textblock>
        Patients suffering from depression
      </textblock>
    </study_pop>
    <sampling_method>Probability Sample</sampling_method>
    <criteria>
      <textblock>
        Inclusion Criteria:

          -  depression

        Exclusion Criteria:

          -  age &lt; 18 years old

          -  pregnancy
      </textblock>
    </criteria>
    <gender>Both</gender>
    <minimum_age>18 Years</minimum_age>
    <maximum_age>N/A</maximum_age>
    <healthy_volunteers>No</healthy_volunteers>
  </eligibility>
  <overall_official>
    <last_name>Martin Soehle, Priv.-Doz. Dr. med., MD, DESA</last_name>
    <role>Principal Investigator</role>
    <affiliation>Dept of Anaesthesiology and Intensive Care Medicine</affiliation>
  </overall_official>
  <location>
    <facility>
      <name>Dept. of Anaesthesiology and Intensive Care Medicine &amp; Dept. of Psychiatry and Psychotherapy, University of Bonn Hospital</name>
      <address>
        <city>Bonn</city>
        <country>Germany</country>
      </address>
    </facility>
  </location>
  <location_countries>
    <country>Germany</country>
  </location_countries>
  <verification_date>April 2012</verification_date>
  <lastchanged_date>April 15, 2012</lastchanged_date>
  <firstreceived_date>March 17, 2011</firstreceived_date>
  <responsible_party>
    <responsible_party_type>Principal Investigator</responsible_party_type>
    <investigator_affiliation>University Hospital, Bonn</investigator_affiliation>
    <investigator_full_name>Martin Soehle</investigator_full_name>
    <investigator_title>Consultant</investigator_title>
  </responsible_party>
  <keyword>depression</keyword>
  <keyword>bispectral index</keyword>
  <keyword>electroconvulsive therapy</keyword>
  <keyword>magnetic seizure therapy</keyword>
  <is_fda_regulated>No</is_fda_regulated>
  <has_expanded_access>No</has_expanded_access>
  <!-- Results have not yet been posted for this study                                -->
</clinical_study>
