<?xml version="1.0" encoding="UTF-8"?>
<clinical_study rank="72">
  <!-- This xml conforms to an XML Schema at:
    https://clinicaltrials.gov/ct2/html/images/info/public.xsd
 and an XML DTD at:
    https://clinicaltrials.gov/ct2/html/images/info/public.dtd -->
  <required_header>
    <download_date>ClinicalTrials.gov processed this data on November 27, 2015</download_date>
    <link_text>Link to the current ClinicalTrials.gov record.</link_text>
    <url>https://clinicaltrials.gov/show/NCT02458820</url>
  </required_header>
  <id_info>
    <org_study_id>14-011635</org_study_id>
    <secondary_id>5K23NS075363</secondary_id>
    <nct_id>NCT02458820</nct_id>
  </id_info>
  <brief_title>Prompt Diagnosis and Treatment of Subclinical Seizures After Cardiac Arrest</brief_title>
  <official_title>Prompt Diagnosis and Treatment of Subclinical Seizures After Cardiac Arrest</official_title>
  <sponsors>
    <lead_sponsor>
      <agency>Children's Hospital of Philadelphia</agency>
      <agency_class>Other</agency_class>
    </lead_sponsor>
    <collaborator>
      <agency>National Institute of Neurological Disorders and Stroke (NINDS)</agency>
      <agency_class>NIH</agency_class>
    </collaborator>
  </sponsors>
  <source>Children's Hospital of Philadelphia</source>
  <oversight_info>
    <authority>United States: Institutional Review Board</authority>
    <authority>United States: Food and Drug Administration</authority>
    <has_dmc>No</has_dmc>
  </oversight_info>
  <brief_summary>
    <textblock>
      Non-convulsive seizures (NCS) following cardiac arrest are common and are associated with
      worse neurologic outcomes and increased mortality. More prolonged seizures (status
      epilepticus) are associated with worse outcomes. Earlier diagnosis and treatment of seizures
      may lead to earlier termination of seizures and decreased seizure burden.

      This study will evaluate whether bedside intensive care unit (ICU) provider interpretation
      of a type of EEG called DSA EEG can be used by non-neurologists to diagnosis seizures more
      rapidly than continuous EEG's routinely read by neurologists.
    </textblock>
  </brief_summary>
  <detailed_description>
    <textblock>
      Acute symptomatic electroencephalographic (EEG) seizures are common in children who
      experience a cardiac arrest, and are associated with worse short term survival. In larger
      studies of critically ill children with heterogeneous acute encephalopathy etiologies, EEG
      seizures occur in 10-40% of monitored patients, and there is increasing evidence that high
      seizure burdens are associated with worse outcomes. Furthermore, status epilepticus
      treatment delays are associated with reduced medication efficacy for status epilepticus
      termination. The majority of EEG seizures in critically ill children have no clinical
      correlate and therefore detection requires EEG monitoring. Many institutions do not have
      access to continuous EEG monitoring services. Additionally, even when EEG &quot;monitoring&quot; is
      performed, data review is generally intermittent, leading to delays between seizure onset
      and detection.The purpose of the study is to determine the efficacy of real-time DSA pattern
      interpretation for the detection of seizures by bedside ICU practitioners.The primary
      objective of this study is to determine the whether the real-time DSA patterns interpreted
      by bedside ICU practitioners can decrease the time to accurate NCS detection following
      pediatric cardiac arrest. All subjects who receive chest compressions and have return of
      spontaneous circulation and are cared for the CHOP Pediatric Intensive Care Unit (PICU) will
      be screened. If patients meet inclusion criteria they will be approached for consent.
      Written informed consent will be obtained from parents/guardians. Assent will not be
      obtained as these children are intubated and comatose after arrest.Patients will be randomly
      assigned to receive standard of care, continuous EEG monitoring, versus continuous EEG
      monitoring plus real-time ICU provider DSA interpretation. This will go on for the duration
      of clinically indicated EEG monitoring.

      For patients enrolled in the standard continuous EEG arm of the study, EEG will be recorded
      and interpreted as per standard of care. If a seizure is noted by the neurology service, the
      standard seizure treatment protocol will be used by the clinical team.Patients monitored
      with standard EEG and DSA will undergo at least hourly interpretation of DSA by the ICU
      bedside care provider. If the bedside care provider is concerned that there is a seizure on
      DSA they will contact the EEG tech on call for confirmation. If a seizure is confirmed by
      neurology, the standard seizure treatment protocol will be used by the clinical
      team.Following completion of EEG intervention arms, the patients will be followed and
      discharge survival and discharge Pediatric Cerebral Performance Category (PCPC) will be
      documented.
    </textblock>
  </detailed_description>
  <overall_status>Not yet recruiting</overall_status>
  <start_date>June 2015</start_date>
  <completion_date type="Anticipated">June 2017</completion_date>
  <primary_completion_date type="Anticipated">June 2017</primary_completion_date>
  <phase>N/A</phase>
  <study_type>Interventional</study_type>
  <study_design>Allocation: Randomized, Endpoint Classification: Efficacy Study, Intervention Model: Parallel Assignment, Masking: Open Label, Primary Purpose: Diagnostic</study_design>
  <primary_outcome>
    <measure>Average time from EEG seizure onset to seizure recognition</measure>
    <time_frame>3 days</time_frame>
    <safety_issue>No</safety_issue>
    <description>EEG monitoring and DSA interpretation by ICU practitioners will continue for the duration of clinically indicated EEG monitoring which will be no more than 3 days. The average time from seizure onset to seizure recognition between the EEG group and the EEG + DSA group will be compared.</description>
  </primary_outcome>
  <number_of_arms>2</number_of_arms>
  <enrollment type="Anticipated">80</enrollment>
  <condition>Heart Arrest</condition>
  <condition>Seizures</condition>
  <arm_group>
    <arm_group_label>Usual Care</arm_group_label>
    <arm_group_type>No Intervention</arm_group_type>
    <description>Patients will be recorded and interpreted as per standard of care. If a seizure is noted by the neurology service, the standard seizure treatment protocol will be used by the clinical team.</description>
  </arm_group>
  <arm_group>
    <arm_group_label>DSA EEG + Usual Care</arm_group_label>
    <arm_group_type>Experimental</arm_group_type>
    <description>Patients will undergo at least hourly interpretation of DSA by the ICU bedside care provider. If the bedside care provider is concerned that there is a seizure on DSA they will contact the EEG tech on call for confirmation. If a seizure is confirmed by neurology, the standard seizure treatment protocol will be used by the clinical team.</description>
  </arm_group>
  <intervention>
    <intervention_type>Procedure</intervention_type>
    <intervention_name>DSA EEG</intervention_name>
    <description>Color density spectral array (DSA) is a quantitative electroencephalogram (EEG) technique that uses Fourier transformation to present EEG power (amplitude2/Hz, by color) and frequency (y-axis) over time (x-axis). It is commercially available and used routinely by neurophysiologists for EEG interpretation. Up to several hours of EEG can be displayed as a single image.</description>
    <arm_group_label>DSA EEG + Usual Care</arm_group_label>
    <other_name>Color density spectral array electroencephalogram</other_name>
  </intervention>
  <eligibility>
    <criteria>
      <textblock>
        Inclusion Criteria:

          1. Subjects age &gt; 48 hours

          2. Return of Spontaneous Circulation (ROSC) for &gt; 20 minutes after a cardiac arrest

          3. Treated in the PICU

          4. Clinical team ordering continuous EEG monitoring

        Exclusion Criteria:

          1. Age &lt; 48 hours old and &lt; 38 weeks gestational age

          2. No available computers with DSA software
      </textblock>
    </criteria>
    <gender>Both</gender>
    <minimum_age>N/A</minimum_age>
    <maximum_age>N/A</maximum_age>
    <healthy_volunteers>No</healthy_volunteers>
  </eligibility>
  <overall_official>
    <last_name>Alexis Topjian, MD, MSCE</last_name>
    <role>Principal Investigator</role>
    <affiliation>Children's Hospital of Philadelphia</affiliation>
  </overall_official>
  <overall_contact>
    <last_name>Alexis Topjian, MD, MSCE</last_name>
    <phone>215-590-3915</phone>
    <email>topjian@chop.edu</email>
  </overall_contact>
  <location>
    <facility>
      <name>Children's Hospital of Philadelphia</name>
      <address>
        <city>Philadelphia</city>
        <state>Pennsylvania</state>
        <zip>19104</zip>
        <country>United States</country>
      </address>
    </facility>
    <status>Not yet recruiting</status>
    <contact>
      <last_name>Alexis Topjian, MD</last_name>
      <phone>215-590-3915</phone>
      <email>topjian@chop.edu</email>
    </contact>
  </location>
  <location_countries>
    <country>United States</country>
  </location_countries>
  <verification_date>May 2015</verification_date>
  <lastchanged_date>May 28, 2015</lastchanged_date>
  <firstreceived_date>May 28, 2015</firstreceived_date>
  <responsible_party>
    <responsible_party_type>Sponsor</responsible_party_type>
  </responsible_party>
  <keyword>Cardiopulmonary Resuscitation</keyword>
  <keyword>Return of Spontaneous Circulation</keyword>
  <keyword>ROSC</keyword>
  <keyword>Electroencephalogram</keyword>
  <is_fda_regulated>Yes</is_fda_regulated>
  <is_section_801>No</is_section_801>
  <has_expanded_access>No</has_expanded_access>
  <condition_browse>
    <!-- CAUTION:  The following MeSH terms are assigned with an imperfect algorithm  -->
    <mesh_term>Heart Arrest</mesh_term>
    <mesh_term>Seizures</mesh_term>
  </condition_browse>
  <!-- Results have not yet been posted for this study                                -->
</clinical_study>
