<?xml version="1.0" encoding="UTF-8"?>
<clinical_study rank="393">
  <!-- This xml conforms to an XML Schema at:
    https://clinicaltrials.gov/ct2/html/images/info/public.xsd
 and an XML DTD at:
    https://clinicaltrials.gov/ct2/html/images/info/public.dtd -->
  <required_header>
    <download_date>ClinicalTrials.gov processed this data on December 01, 2015</download_date>
    <link_text>Link to the current ClinicalTrials.gov record.</link_text>
    <url>https://clinicaltrials.gov/show/NCT02089243</url>
  </required_header>
  <id_info>
    <org_study_id>xijing-009</org_study_id>
    <nct_id>NCT02089243</nct_id>
  </id_info>
  <brief_title>Controlled Randomized Vagus Nerve Stimulation (VNS) Therapy Versus Resection (CoRaVNStiR)</brief_title>
  <acronym>CoRaVNStiR</acronym>
  <official_title>Prospective Randomized Controlled Study of Vagus Nerve Stimulation Therapy in the Patients With Medically Refractory Medial Temporal Lobe Epilepsy; Controlled Randomized Vagus Nerve Stimulation Versus Resection (CoRaVNStiR)</official_title>
  <sponsors>
    <lead_sponsor>
      <agency>Xijing Hospital</agency>
      <agency_class>Other</agency_class>
    </lead_sponsor>
  </sponsors>
  <source>Xijing Hospital</source>
  <oversight_info>
    <authority>China: State Food and Drug Administation</authority>
    <has_dmc>Yes</has_dmc>
  </oversight_info>
  <brief_summary>
    <textblock>
      Background: There are a variety of treatment options for medically refractory medial
      temporal lobe epilepsy. Evidence from randomized trials indicates vagus nerve stimulation
      therapy can be used as a proven therapy for medically refractory medial temporal lobe
      epilepsy. Resective surgery is one of the most commonly used methods to treat medically
      refractory medial temporal lobe epilepsy. The aim of this study is to compare the effects of
      vagus nerve stimulation therapy and resective surgery in the treatment of the medically
      refractory medial temporal lobe epilepsy.

      Methods/Design: In this article, we report the design and protocol of a randomized
      controlled trial to treat medically refractory medial temporal lobe epilepsy with vagus
      nerve stimulation therapy or resective surgery. In total, 40 patients aged 12 to 60 years
      with medically refractory medial temporal lobe epilepsy will be assessed. There are two
      treatment groups. These patients are randomly assigned to be in one of the following two
      treatment groups, i.e. 1) undergo temporal lobe resection group, 2) receive vagus nerve
      stimulation therapy group. The primary outcome is to assess whether vagus nerve stimulation
      produces a reduction in mean monthly seizure frequency that is comparable to resection at 3
      months, 6 months, 9 months and 12 months of follow-up. The secondary outcomes include the
      neuropsychological, seizure severity, seizure type, quality of life, mood assessment,
      operative and postoperative complications and long-term side effects, compared to resection.

      Discussion: The result of this trial will assess the efficacy of using vagus nerve
      stimulation therapy or resective surgery to treat medically refractory medial temporal lobe
      epilepsy, and to determine a better therapy for treating medically refractory medial
      temporal lobe epilepsy.
    </textblock>
  </brief_summary>
  <detailed_description>
    <textblock>
      Published data suggest that patients with temporal lobe epilepsy who continue to experience
      seizures after trials of two or three antiepileptic drugs are unlikely to become
      seizure-free with further attempts at resection. Such patients may experience poor quality
      of life and functional outcomes from continuing seizures and the adverse effects associated
      with further attempts at resection. Vagus nerve stimulation is a minimally invasive
      treatment for epilepsy with well-established effectiveness as an adjunctive treatment for
      partial seizures refractory to resection, but there are no vagus nerve stimulation is a
      minimally invasive treatment for epilepsy with well-established effectiveness as an
      adjunctive treatment for partial seizures refractory to resection, but there are no
      controlled randomized clinical trials comparing the effectiveness of Vagus Nerve Stimulation
      therapy with resection in such patients.
    </textblock>
  </detailed_description>
  <overall_status>Not yet recruiting</overall_status>
  <start_date>June 2014</start_date>
  <completion_date type="Anticipated">July 2017</completion_date>
  <primary_completion_date type="Anticipated">July 2016</primary_completion_date>
  <phase>N/A</phase>
  <study_type>Interventional</study_type>
  <study_design>Allocation: Randomized, Endpoint Classification: Safety/Efficacy Study, Intervention Model: Parallel Assignment, Masking: Single Blind (Subject), Primary Purpose: Treatment</study_design>
  <primary_outcome>
    <measure>seizure frequency</measure>
    <time_frame>3 months</time_frame>
    <safety_issue>Yes</safety_issue>
  </primary_outcome>
  <secondary_outcome>
    <measure>neuropsychological examination</measure>
    <time_frame>12 months</time_frame>
    <safety_issue>No</safety_issue>
  </secondary_outcome>
  <secondary_outcome>
    <measure>responder rates</measure>
    <time_frame>during 3 month intervals</time_frame>
    <safety_issue>No</safety_issue>
  </secondary_outcome>
  <secondary_outcome>
    <measure>mean seizure free interval</measure>
    <time_frame>during 3 month intervals</time_frame>
    <safety_issue>No</safety_issue>
  </secondary_outcome>
  <secondary_outcome>
    <measure>seizure severity</measure>
    <time_frame>during 3-month intervals</time_frame>
    <safety_issue>No</safety_issue>
  </secondary_outcome>
  <secondary_outcome>
    <measure>quality of life</measure>
    <time_frame>3 months, 6 months, 9 months and 12 months</time_frame>
    <safety_issue>No</safety_issue>
  </secondary_outcome>
  <secondary_outcome>
    <measure>complications</measure>
    <time_frame>during twelve months after inclusion.</time_frame>
    <safety_issue>Yes</safety_issue>
  </secondary_outcome>
  <number_of_arms>2</number_of_arms>
  <enrollment type="Anticipated">40</enrollment>
  <condition>Epilepsy</condition>
  <arm_group>
    <arm_group_label>Vagus nerve stimulation therapy</arm_group_label>
    <arm_group_type>Experimental</arm_group_type>
    <description>Surgical follow-up typically occurred 2 weeks postoperatively and, subsequently, on a variable schedule as indicated. The adjustments in device parameters were performed, individually, and solely at the discretion of the primary epileptologist with a formal protocol guiding changes. Retrospective chart review was performed to collect follow-up and outcome data. At the time of last available clinical follow-up, the following data were collected: mean weekly seizure frequency (from seizure logs kept by caretakers or patient or caretaker report averaged of the last 3 months prior to ﬁnal follow-up), complications of VNS therapy, duration of VNS therapy, timing and all subsequent surgical procedures.</description>
  </arm_group>
  <arm_group>
    <arm_group_label>Resective surgery</arm_group_label>
    <arm_group_type>Experimental</arm_group_type>
    <description>The type of surgery performed consisted of standard anterior temporal lobectomy, electrocorticography tailored temporal lobectomy, anteromedial temporal lobectomy, transcortical or transsylvian or subtemporal selective amygdalohippocampectomy, temporal lobe disconnection and hippocampal transection.</description>
  </arm_group>
  <intervention>
    <intervention_type>Procedure</intervention_type>
    <intervention_name>Vagus nerve stimulation therapy</intervention_name>
    <description>The adjustments in device parameters were performed, individually, and solely at the discretion of the primary epileptologist with a formal protocol guiding changes.</description>
    <arm_group_label>Vagus nerve stimulation therapy</arm_group_label>
  </intervention>
  <intervention>
    <intervention_type>Procedure</intervention_type>
    <intervention_name>Resective surgery</intervention_name>
    <description>The experienced neurosurgery are responsible for the selection of surgical techniques employed for medically refractory medial temporal lobe epilepsy that provide an effective treatment with significant preservation of neurological function and acceptable surgical risks.</description>
    <arm_group_label>Resective surgery</arm_group_label>
  </intervention>
  <eligibility>
    <criteria>
      <textblock>
        Inclusion Criteria:

          -  Presurgical candidates with pharmacoresistant partial seizures despite optimal
             medical treatment and history of medically refractory medial temporal lobe epilepsy

          -  Age above 12 years, below 60 years

          -  Average of 2 partial seizures per month during a baseline of 2 months

          -  Recording of seizures must have been done in a prospective manner using standard
             seizure diaries

          -  Video-EEG characteristics showing temporal lobe seizure onset (left-sided or
             right-sided seizure onset) in at least one recorded habitual seizure

          -  Presence of a structural abnormality in the medial temporal lobe, suggestive of
             hippocampal sclerosis as evidenced by optimum MRI

          -  Women of child-bearing age will be required to use a reliable method of contraception
             during the study duration,

          -  Patient must be able to provide reliable seizure counts using seizure diaries and to
             complete the evaluations specified in the study procedures flow chart

          -  Patient must provide written informed consent, or legal guardian must give written
             permission and the minor provide written assent.

        Exclusion Criteria:

          -  Extratemporal epilepsy; multifocal epilepsy; evidence of bilateral medial medically
             refractory medial temporal lobe epilepsy

          -  MRI evidence of potentially epileptogenic lesions outside the medial temporal lobe
             such as dysplasias, tumours or cavernomas

          -  Prior resective intracranial surgery

          -  Patients who are candidates for invasive video-EEG recording or have previously been
             investigated with invasive video-EEG recording

          -  Patients who previously underwent any other type of neurostimulation for treating
             epilepsy

          -  Patients who unable to fill in questionnaires and comply with protocol requirements

          -  Progressive neurological or medical conditions

          -  Medical or psychiatric conditions precluding surgery or compliance

          -  Patients taking antidepressant medication

          -  Pregnancy at study onset

          -  Previous (within the last 3 months), ongoing or planned participation in other
             treatment study protocols for epilepsy

          -  Contraindication for intracranial surgery

          -  Contraindication for Vagus Nerve Stimulation Therapy

          -  Patient has had a bilateral or left cervical vagotomy, currently uses, or is expected
             to use during the study, short-wave diathermy, microwave diathermy, or therapeutic
             ultrasound diathermy,

          -  A VNS Therapy System implant would (in the investigator's judgment) pose an
             unacceptable surgical or medical risk for the patient

          -  Patient is expected to require full body magnetic resonance imaging during the
             clinical study

          -  Patient has had a previous VNS Therapy System implant.
      </textblock>
    </criteria>
    <gender>Both</gender>
    <minimum_age>12 Years</minimum_age>
    <maximum_age>60 Years</maximum_age>
    <healthy_volunteers>No</healthy_volunteers>
  </eligibility>
  <overall_official>
    <last_name>Yanchun YC Deng, MD, PhD</last_name>
    <role>Study Director</role>
    <affiliation>the Department of Neurology, Xijing Hospital</affiliation>
  </overall_official>
  <overall_contact>
    <last_name>Yanchun YC Deng, MD. PhD.</last_name>
    <phone>+86 29 84773994</phone>
    <email>yanchund@fmmu.edu.cn</email>
  </overall_contact>
  <location>
    <facility>
      <name>the Department of Neurology, Xijing Hospital</name>
      <address>
        <city>Xi'an</city>
        <state>Shaanxi</state>
        <zip>710032</zip>
        <country>China</country>
      </address>
    </facility>
    <status>Not yet recruiting</status>
    <contact>
      <last_name>Yanchun YC Deng, MD, PhD</last_name>
      <phone>+86 29 84773994</phone>
      <email>yanchund@fmmu.edu.cn</email>
    </contact>
  </location>
  <location_countries>
    <country>China</country>
  </location_countries>
  <verification_date>March 2014</verification_date>
  <lastchanged_date>March 13, 2014</lastchanged_date>
  <firstreceived_date>April 10, 2013</firstreceived_date>
  <responsible_party>
    <responsible_party_type>Sponsor</responsible_party_type>
  </responsible_party>
  <keyword>Epilepsy,Temporal Lobe</keyword>
  <keyword>Brain Diseases</keyword>
  <is_fda_regulated>No</is_fda_regulated>
  <has_expanded_access>No</has_expanded_access>
  <condition_browse>
    <!-- CAUTION:  The following MeSH terms are assigned with an imperfect algorithm  -->
    <mesh_term>Epilepsy</mesh_term>
  </condition_browse>
  <!-- Results have not yet been posted for this study                                -->
</clinical_study>
