<?xml version="1.0" encoding="UTF-8"?>
<clinical_study rank="52">
  <!-- This xml conforms to an XML Schema at:
    https://clinicaltrials.gov/ct2/html/images/info/public.xsd
 and an XML DTD at:
    https://clinicaltrials.gov/ct2/html/images/info/public.dtd -->
  <required_header>
    <download_date>ClinicalTrials.gov processed this data on November 27, 2015</download_date>
    <link_text>Link to the current ClinicalTrials.gov record.</link_text>
    <url>https://clinicaltrials.gov/show/NCT02072824</url>
  </required_header>
  <id_info>
    <org_study_id>A0081042</org_study_id>
    <secondary_id>2013-003420-37</secondary_id>
    <nct_id>NCT02072824</nct_id>
  </id_info>
  <brief_title>A Safety, Efficacy, and Tolerability Trial of Pregabalin as Add-On Treatment in Pediatric Subjects &lt;4 Years of Age With Partial Onset Seizures.</brief_title>
  <official_title>A Double-blind, Placebo-controlled, Parallel-group, Multicenter Study Of The Efficacy And Safety Of Pregabalin As Adjunctive Therapy In Children 1 Month Through &lt;4 Years Of Age With Partial Onset Seizures</official_title>
  <sponsors>
    <lead_sponsor>
      <agency>Pfizer</agency>
      <agency_class>Industry</agency_class>
    </lead_sponsor>
  </sponsors>
  <source>Pfizer</source>
  <oversight_info>
    <authority>United States: Food and Drug Administration</authority>
    <has_dmc>Yes</has_dmc>
  </oversight_info>
  <brief_summary>
    <textblock>
      This study is designed to evaluate the effectiveness of 2 doses of pregabalin to reduce
      seizure frequency as an add on therapy in pediatric subjects 1 month to &lt;4 years of age with
      refractory partial onset seizures. It is hypothesized that both doses of pregabalin will
      demonstrate superior efficacy when compared to placebo by reducing the partial onset seizure
      frequency and that pregabalin will be safe and well tolerated.
    </textblock>
  </brief_summary>
  <overall_status>Recruiting</overall_status>
  <start_date>September 2014</start_date>
  <completion_date type="Anticipated">January 2017</completion_date>
  <primary_completion_date type="Anticipated">January 2017</primary_completion_date>
  <phase>Phase 3</phase>
  <study_type>Interventional</study_type>
  <study_design>Allocation: Randomized, Endpoint Classification: Safety/Efficacy Study, Intervention Model: Parallel Assignment, Masking: Double Blind (Subject, Caregiver, Investigator), Primary Purpose: Treatment</study_design>
  <primary_outcome>
    <measure>Percent reduction of 24 hour seizure rate for all partial onset seizures relative to placebo during the double-blind assessment phase.</measure>
    <time_frame>Video-EEG recordings for a target minimum of 48 hours</time_frame>
    <safety_issue>No</safety_issue>
    <description>Percent reduction of partial onset seizures during the double-blind assessment phase, collected by video-EEG recording.</description>
  </primary_outcome>
  <secondary_outcome>
    <measure>Responder rate, defined as the proportion of subjects who had at least a 50% reduction in 24 hour partial onset seizure rate.</measure>
    <time_frame>calculated from 48 hour basline through the 2 week double-blind treatment phase</time_frame>
    <safety_issue>No</safety_issue>
    <description>The proportion of subjects who have at least a 50% reduction in 24 hour partial onset seizure rate during the double-blind assessment phase, as measured from baseline (data collected during the 48 hour baseline video-EEG phase).</description>
  </secondary_outcome>
  <number_of_arms>3</number_of_arms>
  <enrollment type="Anticipated">123</enrollment>
  <condition>Partial Onset Seizures</condition>
  <arm_group>
    <arm_group_label>Study Drug Level 1</arm_group_label>
    <arm_group_type>Experimental</arm_group_type>
  </arm_group>
  <arm_group>
    <arm_group_label>Study Drug Level 2</arm_group_label>
    <arm_group_type>Experimental</arm_group_type>
  </arm_group>
  <arm_group>
    <arm_group_label>Placebo</arm_group_label>
    <arm_group_type>Placebo Comparator</arm_group_type>
  </arm_group>
  <intervention>
    <intervention_type>Drug</intervention_type>
    <intervention_name>Pregabalin Dose Level 1</intervention_name>
    <description>Pregabalin liquid dosed daily three times a day in equally divided doses escalated to 7.0 mg/kg/day beginning at Randomization through Taper Phase then tapered to 3.5 mg/kg/day during 1 week Taper Phase</description>
    <arm_group_label>Study Drug Level 1</arm_group_label>
  </intervention>
  <intervention>
    <intervention_type>Drug</intervention_type>
    <intervention_name>Pregabalin Dose Level 2</intervention_name>
    <description>Pregabalin liquid dosed daily three times a day in equally divided doses escalated to 14.0 mg/kg/day beginning at Randomization through Taper Phase then tapered to 3.5 mg/kg/day during 1 week Taper Phase</description>
    <arm_group_label>Study Drug Level 2</arm_group_label>
  </intervention>
  <intervention>
    <intervention_type>Drug</intervention_type>
    <intervention_name>Placebo</intervention_name>
    <description>Placebo Liquid dosed three times daily beginning at Randomization through Taper Phase</description>
    <arm_group_label>Placebo</arm_group_label>
  </intervention>
  <eligibility>
    <criteria>
      <textblock>
        Inclusion Criteria:

          -  Subject must have 3 partial onset seizures in the month prior to screening.

          -  Subject must have 2 partial onset seizures during the 48 hour baseline phase.

          -  Signed Informed Consent.

          -  On 1-3 stable anti-epileptic drugs at screening.

        Exclusion Criteria:

          -  Primary generalized seizures including clonic, tonic, clonic-tonic, absence, febrile
             seizures, and infantile spasms.

          -  Lennox-Gasteau, BECTS, and Dravet's syndrome.

          -  Status epliepticus within 1 year of screening.

          -  Any change in AED regimen with 7 days of screening.

          -  Progressive structural central nervous system (CNS) lesion or a progressive
             encephalopathy.

          -  Progressive errors of metabolism.
      </textblock>
    </criteria>
    <gender>Both</gender>
    <minimum_age>1 Month</minimum_age>
    <maximum_age>3 Years</maximum_age>
    <healthy_volunteers>No</healthy_volunteers>
  </eligibility>
  <overall_official>
    <last_name>Pfizer CT.gov Call Center</last_name>
    <role>Study Director</role>
    <affiliation>Pfizer</affiliation>
  </overall_official>
  <overall_contact>
    <last_name>Pfizer CT.gov Call Center</last_name>
    <phone>1-800-718-1021</phone>
  </overall_contact>
  <location>
    <facility>
      <name>Children's Hospital Los Angeles</name>
      <address>
        <city>Los Angeles</city>
        <state>California</state>
        <zip>90027</zip>
        <country>United States</country>
      </address>
    </facility>
    <status>Recruiting</status>
  </location>
  <location>
    <facility>
      <name>Children's National Medical Center</name>
      <address>
        <city>Washington</city>
        <state>District of Columbia</state>
        <zip>20010</zip>
        <country>United States</country>
      </address>
    </facility>
    <status>Recruiting</status>
  </location>
  <location>
    <facility>
      <name>Pediatric Epilepsy Center if Central Florida</name>
      <address>
        <city>Orlando</city>
        <state>Florida</state>
        <zip>32189</zip>
        <country>United States</country>
      </address>
    </facility>
    <status>Recruiting</status>
  </location>
  <location>
    <facility>
      <name>Pediatric Neurology, PA</name>
      <address>
        <city>Orlando</city>
        <state>Florida</state>
        <zip>32819</zip>
        <country>United States</country>
      </address>
    </facility>
    <status>Recruiting</status>
  </location>
  <location>
    <facility>
      <name>Pediatric Epilepsy &amp; Neurology Specialists, PA</name>
      <address>
        <city>Tampa</city>
        <state>Florida</state>
        <zip>33609</zip>
        <country>United States</country>
      </address>
    </facility>
    <status>Recruiting</status>
  </location>
  <location>
    <facility>
      <name>University of Chicago Medical Center</name>
      <address>
        <city>Chicago</city>
        <state>Illinois</state>
        <zip>60637</zip>
        <country>United States</country>
      </address>
    </facility>
    <status>Recruiting</status>
  </location>
  <location>
    <facility>
      <name>Kosair Charities Pediatric Clinical Research Unit</name>
      <address>
        <city>Louisville</city>
        <state>Kentucky</state>
        <zip>40202</zip>
        <country>United States</country>
      </address>
    </facility>
    <status>Recruiting</status>
  </location>
  <location>
    <facility>
      <name>University of Louisville Physicians</name>
      <address>
        <city>Louisville</city>
        <state>Kentucky</state>
        <zip>40202</zip>
        <country>United States</country>
      </address>
    </facility>
    <status>Recruiting</status>
  </location>
  <location>
    <facility>
      <name>University of Louisville</name>
      <address>
        <city>Louisville</city>
        <state>Kentucky</state>
        <zip>40202</zip>
        <country>United States</country>
      </address>
    </facility>
    <status>Recruiting</status>
  </location>
  <location>
    <facility>
      <name>Boston Children's Hospital</name>
      <address>
        <city>Boston</city>
        <state>Massachusetts</state>
        <zip>02115</zip>
        <country>United States</country>
      </address>
    </facility>
    <status>Recruiting</status>
  </location>
  <location>
    <facility>
      <name>Saint Peter's University Hospital</name>
      <address>
        <city>New Brunswick</city>
        <state>New Jersey</state>
        <zip>08901</zip>
        <country>United States</country>
      </address>
    </facility>
    <status>Recruiting</status>
  </location>
  <location>
    <facility>
      <name>Akron Children's Hospital</name>
      <address>
        <city>Akron</city>
        <state>Ohio</state>
        <zip>44308-1062</zip>
        <country>United States</country>
      </address>
    </facility>
    <status>Recruiting</status>
  </location>
  <location>
    <facility>
      <name>Road Runner Research</name>
      <address>
        <city>San Antonio</city>
        <state>Texas</state>
        <zip>78258</zip>
        <country>United States</country>
      </address>
    </facility>
    <status>Recruiting</status>
  </location>
  <location>
    <facility>
      <name>Seattle Children's Hospital</name>
      <address>
        <city>Seattle</city>
        <state>Washington</state>
        <zip>98105</zip>
        <country>United States</country>
      </address>
    </facility>
    <status>Recruiting</status>
  </location>
  <location>
    <facility>
      <name>Seattle Children's Hospital</name>
      <address>
        <city>Seattle</city>
        <state>Washington</state>
        <zip>98105-3901</zip>
        <country>United States</country>
      </address>
    </facility>
    <status>Recruiting</status>
  </location>
  <location>
    <facility>
      <name>MultiCare Health System - Mary Bridge Children's Health Center (IP Shipment Address ONLY)</name>
      <address>
        <city>Tacoma</city>
        <state>Washington</state>
        <zip>98415</zip>
        <country>United States</country>
      </address>
    </facility>
    <status>Recruiting</status>
  </location>
  <location>
    <facility>
      <name>MultiCare Health System Mary Bridge Childrens Hospital and Health Center</name>
      <address>
        <city>Tacoma</city>
        <state>Washington</state>
        <zip>98405</zip>
        <country>United States</country>
      </address>
    </facility>
    <status>Recruiting</status>
  </location>
  <location>
    <facility>
      <name>MultiCare Institute for Research &amp; Innovation</name>
      <address>
        <city>Tacoma</city>
        <state>Washington</state>
        <zip>98405</zip>
        <country>United States</country>
      </address>
    </facility>
    <status>Recruiting</status>
  </location>
  <location>
    <facility>
      <name>UZ Brussel</name>
      <address>
        <city>Brussels</city>
        <state>Bruxelles Capitale</state>
        <zip>1090</zip>
        <country>Belgium</country>
      </address>
    </facility>
    <status>Recruiting</status>
  </location>
  <location>
    <facility>
      <name>UZ Gent - Kinderziekenhuis Prinses Elisabeth</name>
      <address>
        <city>Gent</city>
        <state>Oost Vlaanderen</state>
        <zip>9000</zip>
        <country>Belgium</country>
      </address>
    </facility>
    <status>Recruiting</status>
  </location>
  <location>
    <facility>
      <name>University Hospital Jena</name>
      <address>
        <city>Jena</city>
        <state>Thüringen</state>
        <zip>07745</zip>
        <country>Germany</country>
      </address>
    </facility>
    <status>Recruiting</status>
  </location>
  <location>
    <facility>
      <name>General Children's Hospital Pendeli</name>
      <address>
        <city>Athens</city>
        <state>Athens, Greece</state>
        <zip>15236</zip>
        <country>Greece</country>
      </address>
    </facility>
    <status>Recruiting</status>
  </location>
  <location>
    <facility>
      <name>General Children's Hospital &quot;Aglaia Kyriakou&quot;</name>
      <address>
        <city>Goudi, Athens</city>
        <state>Athens, Greece</state>
        <zip>11527</zip>
        <country>Greece</country>
      </address>
    </facility>
    <status>Recruiting</status>
  </location>
  <location>
    <facility>
      <name>Dr. Kenessey Albert Korhaz es Rendelointezet</name>
      <address>
        <city>Balassagyarmat</city>
        <zip>H-2660</zip>
        <country>Hungary</country>
      </address>
    </facility>
    <status>Recruiting</status>
  </location>
  <location>
    <facility>
      <name>Magyarorszagi Reformatus Egyhaz Bethesda Gyermekkorhaz, Gyermekneurologia</name>
      <address>
        <city>Budapest</city>
        <zip>H-1146</zip>
        <country>Hungary</country>
      </address>
    </facility>
    <status>Recruiting</status>
  </location>
  <location>
    <facility>
      <name>Semmelweis Egyetem, I. Sz. Gyermekgyogyaszati Klinika</name>
      <address>
        <city>Budapest</city>
        <zip>H-1083</zip>
        <country>Hungary</country>
      </address>
    </facility>
    <status>Recruiting</status>
  </location>
  <location>
    <facility>
      <name>Bnai Zion Medical Center</name>
      <address>
        <city>Haifa</city>
        <zip>3104802</zip>
        <country>Israel</country>
      </address>
    </facility>
    <status>Recruiting</status>
  </location>
  <location>
    <facility>
      <name>The E. Wolfson Medical Center</name>
      <address>
        <city>Holon</city>
        <zip>5810001</zip>
        <country>Israel</country>
      </address>
    </facility>
    <status>Recruiting</status>
  </location>
  <location>
    <facility>
      <name>Tel Aviv Sourasky Medical Center</name>
      <address>
        <city>Tel Aviv</city>
        <zip>6423906</zip>
        <country>Israel</country>
      </address>
    </facility>
    <status>Recruiting</status>
  </location>
  <location>
    <facility>
      <name>The Chaim Sheba Medical Center</name>
      <address>
        <city>Tel-Hashomer</city>
        <zip>5262000</zip>
        <country>Israel</country>
      </address>
    </facility>
    <status>Recruiting</status>
  </location>
  <location>
    <facility>
      <name>Seoul National University Hospital</name>
      <address>
        <city>Seoul</city>
        <state>Korea</state>
        <zip>110-744</zip>
        <country>Korea, Republic of</country>
      </address>
    </facility>
    <status>Recruiting</status>
  </location>
  <location>
    <facility>
      <name>Hospital Raja Perempuan Zainab II</name>
      <address>
        <city>Kota Bharu</city>
        <state>Kelantan</state>
        <zip>15586</zip>
        <country>Malaysia</country>
      </address>
    </facility>
    <status>Recruiting</status>
  </location>
  <location>
    <facility>
      <name>Hospital Raja Permaisuri Bainun</name>
      <address>
        <city>Ipoh</city>
        <state>Perak</state>
        <zip>30990</zip>
        <country>Malaysia</country>
      </address>
    </facility>
    <status>Recruiting</status>
  </location>
  <location>
    <facility>
      <name>Epilepsiecentrum Kempenhaeghe</name>
      <address>
        <city>Heeze</city>
        <state>Noord-Brabant</state>
        <zip>5591 VE</zip>
        <country>Netherlands</country>
      </address>
    </facility>
    <status>Recruiting</status>
  </location>
  <location>
    <facility>
      <name>Cebu Doctors University Hospital</name>
      <address>
        <city>Cebu City</city>
        <state>Cebu</state>
        <zip>6000</zip>
        <country>Philippines</country>
      </address>
    </facility>
    <status>Recruiting</status>
  </location>
  <location>
    <facility>
      <name>Perpetual Succour Hospital</name>
      <address>
        <city>Cebu City</city>
        <zip>6000</zip>
        <country>Philippines</country>
      </address>
    </facility>
    <status>Recruiting</status>
  </location>
  <location>
    <facility>
      <name>University of Santo Tomas Hospital</name>
      <address>
        <city>Manila</city>
        <zip>1008</zip>
        <country>Philippines</country>
      </address>
    </facility>
    <status>Recruiting</status>
  </location>
  <location>
    <facility>
      <name>Szpital Dzieciecy im. prof. dr med. Jana Bogdanowicza,</name>
      <address>
        <city>Warszawa</city>
        <zip>03-924</zip>
        <country>Poland</country>
      </address>
    </facility>
    <status>Recruiting</status>
  </location>
  <location>
    <facility>
      <name>Spitalul Clinic de Copii &quot;Dr. Victor Gomoiu&quot;</name>
      <address>
        <city>Bucuresti</city>
        <zip>022102</zip>
        <country>Romania</country>
      </address>
    </facility>
    <status>Recruiting</status>
  </location>
  <location>
    <facility>
      <name>Spitalul Clinic de Urgente pentru Copii &quot;Sf. Maria&quot;</name>
      <address>
        <city>Iasi</city>
        <zip>700309</zip>
        <country>Romania</country>
      </address>
    </facility>
    <status>Recruiting</status>
  </location>
  <location>
    <facility>
      <name>Spitalul de Psihiatrie &quot;Dr. Gh. Preda&quot;</name>
      <address>
        <city>Sibiu</city>
        <zip>550082</zip>
        <country>Romania</country>
      </address>
    </facility>
    <status>Recruiting</status>
  </location>
  <location>
    <facility>
      <name>Centrul Medical Dr. Bacos Cosma</name>
      <address>
        <city>Timisoara</city>
        <zip>300314</zip>
        <country>Romania</country>
      </address>
    </facility>
    <status>Recruiting</status>
  </location>
  <location>
    <facility>
      <name>Institute for Child and Youth Healthcare of Vojvodina</name>
      <address>
        <city>Novi Sad</city>
        <state>Vojvodina</state>
        <zip>21000</zip>
        <country>Serbia</country>
      </address>
    </facility>
    <status>Recruiting</status>
  </location>
  <location>
    <facility>
      <name>Mother and Child Health Care Institute of Serbia &quot;Dr Vukan Cupic&quot;</name>
      <address>
        <city>Belgrade</city>
        <zip>11000</zip>
        <country>Serbia</country>
      </address>
    </facility>
    <status>Recruiting</status>
  </location>
  <location>
    <facility>
      <name>University Children's Hospital Belgrade</name>
      <address>
        <city>Belgrade</city>
        <zip>11000</zip>
        <country>Serbia</country>
      </address>
    </facility>
    <status>Recruiting</status>
  </location>
  <location>
    <facility>
      <name>Clinical Center of Kragujevac</name>
      <address>
        <city>Kragujevac</city>
        <zip>34000</zip>
        <country>Serbia</country>
      </address>
    </facility>
    <status>Recruiting</status>
  </location>
  <location>
    <facility>
      <name>Detska fakultna nemocnica s poliklinikou Bratislava</name>
      <address>
        <city>Bratislava</city>
        <zip>83340</zip>
        <country>Slovakia</country>
      </address>
    </facility>
    <status>Recruiting</status>
  </location>
  <location>
    <facility>
      <name>Dr. J.F. Roos Private Practice</name>
      <address>
        <city>Durban</city>
        <state>KwaZulu Natal</state>
        <zip>4001</zip>
        <country>South Africa</country>
      </address>
    </facility>
    <status>Recruiting</status>
  </location>
  <location>
    <facility>
      <name>2 Military Hospital</name>
      <address>
        <city>Wynberg</city>
        <state>Western Cape</state>
        <zip>7824</zip>
        <country>South Africa</country>
      </address>
    </facility>
    <status>Recruiting</status>
  </location>
  <location>
    <facility>
      <name>Hospital Universitario Fundación Jiménez Díaz</name>
      <address>
        <city>Madrid</city>
        <zip>28040</zip>
        <country>Spain</country>
      </address>
    </facility>
    <status>Recruiting</status>
  </location>
  <location>
    <facility>
      <name>Hospital Universitario La Paz</name>
      <address>
        <city>Madrid</city>
        <zip>28046</zip>
        <country>Spain</country>
      </address>
    </facility>
    <status>Recruiting</status>
  </location>
  <location>
    <facility>
      <name>Hospital Universitario Miguel Servet</name>
      <address>
        <city>Zaragoza</city>
        <zip>50009</zip>
        <country>Spain</country>
      </address>
    </facility>
    <status>Recruiting</status>
  </location>
  <location>
    <facility>
      <name>China Medical University Hospital</name>
      <address>
        <city>Taichung</city>
        <zip>40447</zip>
        <country>Taiwan</country>
      </address>
    </facility>
    <status>Recruiting</status>
  </location>
  <location>
    <facility>
      <name>National Taiwan University Hospital</name>
      <address>
        <city>Taipei</city>
        <zip>100</zip>
        <country>Taiwan</country>
      </address>
    </facility>
    <status>Recruiting</status>
  </location>
  <location>
    <facility>
      <name>Siriraj Hospital, Mahidol University, Faculty of Medicine</name>
      <address>
        <city>Bangkoknoi</city>
        <state>Bangkok / Thailand</state>
        <zip>10700</zip>
        <country>Thailand</country>
      </address>
    </facility>
    <status>Recruiting</status>
  </location>
  <location>
    <facility>
      <name>Hacettepe Universitesi Tip Fakultesi, Ihsan Dogramaci Cocuk Hastanesi</name>
      <address>
        <city>Ankara</city>
        <zip>06100</zip>
        <country>Turkey</country>
      </address>
    </facility>
    <status>Recruiting</status>
  </location>
  <location>
    <facility>
      <name>Eskisehir Osmangazi Universitesi Tıp Fakultesi</name>
      <address>
        <city>Eskisehir</city>
        <zip>26480</zip>
        <country>Turkey</country>
      </address>
    </facility>
    <status>Recruiting</status>
  </location>
  <location>
    <facility>
      <name>Marmara Universitesi Pendik Egitim ve Arastirma Hastanesi</name>
      <address>
        <city>Istanbul</city>
        <zip>34890</zip>
        <country>Turkey</country>
      </address>
    </facility>
    <status>Recruiting</status>
  </location>
  <location>
    <facility>
      <name>Behcet Uz Cocuk Hastalıkları ve Cerrahisi Egitim ve Araştırma Hastanesi</name>
      <address>
        <city>Izmir</city>
        <zip>35210</zip>
        <country>Turkey</country>
      </address>
    </facility>
    <status>Recruiting</status>
  </location>
  <location>
    <facility>
      <name>Tepecik Eğitim ve Arastırma Hastanesi</name>
      <address>
        <city>Izmir</city>
        <zip>35120</zip>
        <country>Turkey</country>
      </address>
    </facility>
    <status>Recruiting</status>
  </location>
  <location>
    <facility>
      <name>Karadeniz Teknik Universitesi Tip Fakultesi Farabi Hastanesi</name>
      <address>
        <city>Trabzon</city>
        <zip>61080</zip>
        <country>Turkey</country>
      </address>
    </facility>
    <status>Recruiting</status>
  </location>
  <location>
    <facility>
      <name>Komunalnyi zaklad &quot;Dnipropetrovska dytiacha miska klinichna</name>
      <address>
        <city>Dnipropetrovsk</city>
        <zip>49027</zip>
        <country>Ukraine</country>
      </address>
    </facility>
    <status>Recruiting</status>
  </location>
  <location>
    <facility>
      <name>Komunalnyi zaklad&quot;Dnipropetrovska oblasna dytiacha klinichna likarnia&quot;</name>
      <address>
        <city>Dnipropetrovsk</city>
        <zip>49100</zip>
        <country>Ukraine</country>
      </address>
    </facility>
    <status>Recruiting</status>
  </location>
  <location>
    <facility>
      <name>Ivano-Frankivska oblasna dytiacha klinichna likarnia</name>
      <address>
        <city>Ivano-Frankivsk</city>
        <zip>76018</zip>
        <country>Ukraine</country>
      </address>
    </facility>
    <status>Recruiting</status>
  </location>
  <location>
    <facility>
      <name>Derzhavnyi zaklad &quot;Ukrainskyi medychnyi tsentr reabilitatsii ditei</name>
      <address>
        <city>Kyiv</city>
        <zip>04029</zip>
        <country>Ukraine</country>
      </address>
    </facility>
    <status>Recruiting</status>
  </location>
  <location>
    <facility>
      <name>Oblasnyi klinichnyi tsentr neirokhirurhii ta nevrolohii,</name>
      <address>
        <city>Uzhgorod</city>
        <zip>88018</zip>
        <country>Ukraine</country>
      </address>
    </facility>
    <status>Recruiting</status>
  </location>
  <location>
    <facility>
      <name>Komunalna ustanova &quot;Zaporizka oblasna klinichna dytiacha likarnia&quot;</name>
      <address>
        <city>Zaporizhzhia</city>
        <zip>69063</zip>
        <country>Ukraine</country>
      </address>
    </facility>
    <status>Recruiting</status>
  </location>
  <location_countries>
    <country>Belgium</country>
    <country>Germany</country>
    <country>Greece</country>
    <country>Hungary</country>
    <country>Israel</country>
    <country>Korea, Republic of</country>
    <country>Malaysia</country>
    <country>Netherlands</country>
    <country>Philippines</country>
    <country>Poland</country>
    <country>Romania</country>
    <country>Serbia</country>
    <country>Slovakia</country>
    <country>South Africa</country>
    <country>Spain</country>
    <country>Taiwan</country>
    <country>Thailand</country>
    <country>Turkey</country>
    <country>Ukraine</country>
    <country>United States</country>
  </location_countries>
  <removed_countries>
    <country>Singapore</country>
  </removed_countries>
  <link>
    <url>https://trialinfoemail.pfizer.com/pages/landing.aspx?StudyID=A0081042&amp;StudyName=A%20Safety%2C%20Efficacy%2C%20and%20Tolerability%20Trial%20of%20Pregabalin%20as%20Add-On%20Treatment%20in%20Pediatric%20Subjects%20%3C4%20years%20of%20age%20with%20Partial%20</url>
    <description>To obtain contact information for a study center near you, click here.</description>
  </link>
  <verification_date>November 2015</verification_date>
  <lastchanged_date>November 2, 2015</lastchanged_date>
  <firstreceived_date>February 25, 2014</firstreceived_date>
  <responsible_party>
    <responsible_party_type>Sponsor</responsible_party_type>
  </responsible_party>
  <keyword>Partial Onset Seizures</keyword>
  <keyword>Epilepsy</keyword>
  <keyword>Safety</keyword>
  <keyword>Efficacy</keyword>
  <keyword>Tolerability</keyword>
  <keyword>Pregabalin</keyword>
  <keyword>Lyrica</keyword>
  <keyword>Adjunctive treatment</keyword>
  <keyword>Placebo controlled</keyword>
  <keyword>blinded</keyword>
  <keyword>Eligibility Criteria</keyword>
  <is_fda_regulated>Yes</is_fda_regulated>
  <is_section_801>Yes</is_section_801>
  <has_expanded_access>No</has_expanded_access>
  <condition_browse>
    <!-- CAUTION:  The following MeSH terms are assigned with an imperfect algorithm  -->
    <mesh_term>Seizures</mesh_term>
  </condition_browse>
  <intervention_browse>
    <!-- CAUTION:  The following MeSH terms are assigned with an imperfect algorithm  -->
    <mesh_term>Gamma-Aminobutyric Acid</mesh_term>
    <mesh_term>Pregabalin</mesh_term>
  </intervention_browse>
  <!-- Results have not yet been posted for this study                                -->
</clinical_study>
