<?xml version="1.0" encoding="UTF-8"?>
<clinical_study rank="468">
  <!-- This xml conforms to an XML Schema at:
    https://clinicaltrials.gov/ct2/html/images/info/public.xsd
 and an XML DTD at:
    https://clinicaltrials.gov/ct2/html/images/info/public.dtd -->
  <required_header>
    <download_date>ClinicalTrials.gov processed this data on December 01, 2015</download_date>
    <link_text>Link to the current ClinicalTrials.gov record.</link_text>
    <url>https://clinicaltrials.gov/show/NCT00860145</url>
  </required_header>
  <id_info>
    <org_study_id>U01 NS058634</org_study_id>
    <secondary_id>CRC</secondary_id>
    <secondary_id>NINDS</secondary_id>
    <nct_id>NCT00860145</nct_id>
  </id_info>
  <brief_title>Radiosurgery or Open Surgery for Epilepsy Trial</brief_title>
  <acronym>ROSE</acronym>
  <official_title>Radiosurgery Versus Lobectomy for Temporal Lobe Epilepsy</official_title>
  <sponsors>
    <lead_sponsor>
      <agency>University of California, San Francisco</agency>
      <agency_class>Other</agency_class>
    </lead_sponsor>
  </sponsors>
  <source>University of California, San Francisco</source>
  <oversight_info>
    <authority>United States: Federal Government</authority>
    <has_dmc>Yes</has_dmc>
  </oversight_info>
  <brief_summary>
    <textblock>
      This study will compare radiosurgery (focused radiation, Gamma Knife Radiosurgery) with
      temporal lobectomy (standard surgical care) as a treatment of temporal lobe epilepsy.
      Patients who have seizures that begin in their temporal lobe that are not controlled with
      medications into the trial will be offered entry. Patients with a high likelihood of having
      their seizures controlled with open surgery will have treatment randomized between the
      standard surgery and radiosurgery. A prior study has shown that focused radiation
      (radiosurgery) may also reduce or eliminate seizures arising from the temporal lobe. The
      main study hypothesis is that radiosurgery is as safe and effective as temporal lobectomy in
      treating patients with seizures arising from the medial temporal lobe.
    </textblock>
  </brief_summary>
  <detailed_description>
    <textblock>
      The purpose of this study is to compare the effectiveness of Gamma Knife radiosurgery with
      temporal lobectomy in the treatment of patients with drug resistant temporal lobe epilepsy.
      Aim 1 is designed to compare the seizure-free outcomes and morbidity of radiosurgery for
      patients with drug resistant temporal lobe epilepsy with those of open temporal lobectomy.
      Our primary hypothesis is that radiosurgery will be non-inferior to lobectomy with respect
      to seizure-free rates at 25-36 months following therapy (one-year of seizure freedom
      beginning 2 years after treatment).

      Aim 2 is designed to compare the neuropsychological outcomes in patients undergoing
      radiosurgery and temporal lobe surgery, in particular with respect to verbal memory function
      for language-dominant hemisphere treated patients. Our hypothesis is that patients treated
      for speech-dominant temporal lobe seizures with temporal lobectomy will show greater
      reduction in verbal memory than patients treated with radiosurgery.

      Aim 3 is designed to determine what changes occur in the quality of life of patients with
      temporal lobe epilepsy following radiosurgical treatment as compared with open surgery. Our
      primary hypothesis is that there will be improvements (comparing baseline with 3 years
      post-treatment) in quality of life measures in both groups. Our secondary hypothesis is that
      both open surgery and radiosurgery subjects will undergo transient reductions in quality of
      life measures caused by treatment effects during the first year following treatment, but
      that quality of life will improve for subjects who become seizure-free, independent of
      treatment group.

      Aim 4 is designed to compare the cost-effectiveness of radiosurgery compared with open
      surgery. Specifically, the marginal cost-utility ratio will fall below $50,000/QALY, a
      threshold thought to indicate that outcomes are considered worth the cost.
    </textblock>
  </detailed_description>
  <overall_status>Active, not recruiting</overall_status>
  <start_date>September 2009</start_date>
  <completion_date type="Anticipated">August 2016</completion_date>
  <primary_completion_date type="Anticipated">May 2016</primary_completion_date>
  <phase>Phase 3</phase>
  <study_type>Interventional</study_type>
  <study_design>Allocation: Randomized, Endpoint Classification: Safety/Efficacy Study, Intervention Model: Parallel Assignment, Masking: Double Blind (Subject, Investigator, Outcomes Assessor), Primary Purpose: Treatment</study_design>
  <primary_outcome>
    <measure>The primary outcome measure is freedom from seizures. The primary goal of Specific Aim 1 is to demonstrate that the 3-year seizure-free rate of radiosurgery is not inferior to that of temporal lobectomy between 24 and 36 months following treatment.</measure>
    <time_frame>3 years</time_frame>
    <safety_issue>No</safety_issue>
  </primary_outcome>
  <secondary_outcome>
    <measure>Specific Aim 2 is designed to show that patients treated for speech-dominant temporal lobe seizures with temporal lobectomy will show greater reduction in verbal memory than patients treated with radiosurgery.</measure>
    <time_frame>4 years</time_frame>
    <safety_issue>Yes</safety_issue>
  </secondary_outcome>
  <number_of_arms>2</number_of_arms>
  <enrollment type="Actual">61</enrollment>
  <condition>Epilepsy</condition>
  <arm_group>
    <arm_group_label>radiosurgery</arm_group_label>
    <arm_group_type>Experimental</arm_group_type>
    <description>Radiosurgical treatment of the medial temporal lobe</description>
  </arm_group>
  <arm_group>
    <arm_group_label>temporal lobectomy</arm_group_label>
    <arm_group_type>Active Comparator</arm_group_type>
    <description>Resection of medial temporal lobe</description>
  </arm_group>
  <intervention>
    <intervention_type>Procedure</intervention_type>
    <intervention_name>radiosurgery</intervention_name>
    <description>The stereotaxic frame will be secured to the skull with four pins. Patients will be taken to the MRI unit and receive a stereotaxic MRI. MRI data will be transferred to the Gamma Knife computer. Each patient will receive radiation to the mesial temporal lobe during a single treatment session. The amygdala and anterior 2cm of the hippocampus as well as the immediately adjacent parahippocampal gyrus will be included in the radiosurgical target. Patients will receive 24Gy to the 50% isodose line using an unlimited number of isocenters. The brainstem and optic nerve plus chiasm will receive less than 10 Gy and 8 Gy, respectively. After treatment, the stereotaxic frame will be removed from the patient's head.</description>
    <arm_group_label>radiosurgery</arm_group_label>
    <other_name>Gamma Knife</other_name>
  </intervention>
  <intervention>
    <intervention_type>Procedure</intervention_type>
    <intervention_name>temporal lobectomy</intervention_name>
    <description>The temporal lobectomy will be performed under general anesthesia. The superior temporal gyrus will be resected to a minimal degree (typically between 1 and 2cm) and the middle and inferior temporal gyri will be resected to approximately 3cm.The minimum amount of lateral temporal cortex required to perform an aggressive resection of medial temporal structures will be performed. The temporal portion of the amygdala and the anterior two to three cm of the hippocampus will be resected. In addition, nearby entorhinal cortex will be removed.</description>
    <arm_group_label>temporal lobectomy</arm_group_label>
  </intervention>
  <eligibility>
    <criteria>
      <textblock>
        Inclusion and Exclusion Criteria:

        Adults (18 years and older) of either gender who would otherwise be eligible for temporal
        lobe resection will be offered enrollment for randomization to RS or ATL.

          1. Seizure type: Patients must have simple and/or complex partial seizures with or
             without secondary generalization.

          2. Seizure Frequency: Patients must have at least 3 complex partial seizures during the
             3 month (12 week) baseline seizure diary period with at least 1 of 3 seizures
             occurring within the last 2 months (8 weeks).

          3. Patients with electrographic evidence of seizures arising from one temporal lobe,
             with radiographic evidence of mesial temporal sclerosis in the same temporal lobe
             will be included. Patients with normal MRIs, bilateral hippocampal damage, or
             cortical lesion will be excluded.

          4. Subjects should be on stable doses of antiepileptic medications for at least 3 months
             prior to treatment.

          5. All female patients of childbearing age will have documented that they are using a
             safe and effective means of birth control and will have a negative urine pregnancy
             test completed within 1 week prior to their treatment.

          6. Patients should be able to understand the potential benefits and risks of this
             therapy and be able to understand the protocol and sign their own consent forms. For
             these reasons, only patients 18 years and older and with I.Q. greater than or equal
             to 70 will be included.

          7. Patients with any focal neurologic deficit that would make it difficult to detect a
             new radiation-associated injury will be excluded. All patients will receive formal
             visual field testing (Humphrey) and patients with visual field deficits will be
             excluded.

          8. Patients with radiographic evidence of other pathologies such as vascular
             malformations or tumors will be excluded.

          9. Patients with diabetes mellitus or hypertension will be excluded from this study
             because radiation injury to the brain is more common in these patients.

         10. Subjects should not have significant psychiatric conditions that would make accurate
             assessment of seizure frequency difficult, as judged by the principal investigator.
             Such conditions include a history of non-epileptic seizures, psychosis (other than
             post-ictal psychosis) and severe mood disorders including suicide attempt within past
             12 months or noncompliance with psychotropic medications.

         11. Patients with a history of significant past or present medical disorders determined
             severe enough to prevent participation in a surgical trial by the principal
             investigator are excluded.

         12. Patients with any progressive neurological disorder (such as multiple sclerosis or
             systemic lupus erythematosis) are excluded.

         13. Patients with a history of poor compliance with past antiepileptic drug therapy as
             judged by the principal investigator are excluded.

         14. Patients with a recent history of abusing drugs or alcohol with significance as
             judged by the principal investigator are excluded.

         15. Patients who are receiving any investigational drugs at the time of enrollment are
             excluded.

         16. Patients with current use of vigabatrin are excluded. Past use does not exclude a
             patient pending a normal formal visual field test.

         17. Patients with currently functioning vagal nerve stimulators (VNS) are excluded. Past
             use does not exclude a patient as long as the device is explanted. Indwelling VNS
             electrodes are permitted in agreement with each center's policies on brain MRI
             imaging.

         18. Patients who can not be anticipated to participate for the full 36 months of the
             trial will be excluded.

         19. Native English speakers from the U.S. or other English speaking countries or patients
             who learned English before age 5 and were educated in English. Spanish speaking
             patients can be included as long as the study site can provide an officially
             translated (IRB approved) consent form in Spanish. Non-Spanish speaking patients with
             English as a second language (ESL) and/or non-English and non-Spanish speaking
             patients can be included only under the following conditions: 1) the study site must
             be able to have the consent form translated into the patient's native language using
             an official translator, and 2) the study site's neuropsychologist must be willing and
             able to assess the patient at baseline and post-treatment at 12, 24, and 36 months in
             that patient's native language to ensure the patient's safety.
      </textblock>
    </criteria>
    <gender>Both</gender>
    <minimum_age>18 Years</minimum_age>
    <maximum_age>N/A</maximum_age>
    <healthy_volunteers>No</healthy_volunteers>
  </eligibility>
  <overall_official>
    <last_name>Lawrence Ver Hoef, MD</last_name>
    <role>Principal Investigator</role>
    <affiliation>University of Alabama at Birmingham</affiliation>
  </overall_official>
  <overall_official>
    <last_name>Guy McKhann, MD</last_name>
    <role>Principal Investigator</role>
    <affiliation>Columbia University</affiliation>
  </overall_official>
  <overall_official>
    <last_name>Vincenta Salanova, MD</last_name>
    <role>Principal Investigator</role>
    <affiliation>Indiana University</affiliation>
  </overall_official>
  <overall_official>
    <last_name>Thomas Pittman, MD</last_name>
    <role>Principal Investigator</role>
    <affiliation>University of Kentucky</affiliation>
  </overall_official>
  <overall_official>
    <last_name>Andriana E. Palade, MD</last_name>
    <role>Principal Investigator</role>
    <affiliation>West Virginia University</affiliation>
  </overall_official>
  <overall_official>
    <last_name>Aviva Abosch, MD, PhD</last_name>
    <role>Principal Investigator</role>
    <affiliation>University of Minnesota - Clinical and Translational Science Institute</affiliation>
  </overall_official>
  <overall_official>
    <last_name>Anto Bagic, MD, MSc</last_name>
    <role>Principal Investigator</role>
    <affiliation>University of Pittsburgh, Medical School</affiliation>
  </overall_official>
  <overall_official>
    <last_name>Robert L Beach, MD, PhD</last_name>
    <role>Principal Investigator</role>
    <affiliation>Upstate Medical University</affiliation>
  </overall_official>
  <overall_official>
    <last_name>Evelyn S Tecoma, MD, PhD</last_name>
    <role>Principal Investigator</role>
    <affiliation>University of California, San Diego</affiliation>
  </overall_official>
  <overall_official>
    <last_name>Christi N Heck, MD, PhD</last_name>
    <role>Principal Investigator</role>
    <affiliation>University of Southern California</affiliation>
  </overall_official>
  <overall_official>
    <last_name>John W Miller, MD, PhD</last_name>
    <role>Principal Investigator</role>
    <affiliation>University of Washington</affiliation>
  </overall_official>
  <overall_official>
    <last_name>Nathan B Fountain, MD</last_name>
    <role>Principal Investigator</role>
    <affiliation>University of Virginia</affiliation>
  </overall_official>
  <overall_official>
    <last_name>Paul Garcia, MD</last_name>
    <role>Principal Investigator</role>
    <affiliation>University of California, San Francisco</affiliation>
  </overall_official>
  <overall_official>
    <last_name>Nicholas M. Barbaro, MD</last_name>
    <role>Principal Investigator</role>
    <affiliation>University of California, San Francisco</affiliation>
  </overall_official>
  <overall_official>
    <last_name>Mark S Quigg, MD, MSc</last_name>
    <role>Principal Investigator</role>
    <affiliation>University of Virginia</affiliation>
  </overall_official>
  <overall_official>
    <last_name>Kenneth D Laxer, MD</last_name>
    <role>Study Chair</role>
    <affiliation>California Pacific Medical Center</affiliation>
  </overall_official>
  <overall_official>
    <last_name>John Langfitt, MA, PhD</last_name>
    <role>Study Chair</role>
    <affiliation>University of Rochester</affiliation>
  </overall_official>
  <overall_official>
    <last_name>Penny Sneed, MD</last_name>
    <role>Study Chair</role>
    <affiliation>University of California, San Francisco</affiliation>
  </overall_official>
  <overall_official>
    <last_name>Michael W McDermott, MD</last_name>
    <role>Study Chair</role>
    <affiliation>University of California, San Francisco</affiliation>
  </overall_official>
  <location>
    <facility>
      <name>University of Alabama at Birmingham</name>
      <address>
        <city>Birmingham</city>
        <state>Alabama</state>
        <zip>35294</zip>
        <country>United States</country>
      </address>
    </facility>
  </location>
  <location>
    <facility>
      <name>University of California, San Diego</name>
      <address>
        <city>La Jolla</city>
        <state>California</state>
        <zip>92037</zip>
        <country>United States</country>
      </address>
    </facility>
  </location>
  <location>
    <facility>
      <name>University of Southern California</name>
      <address>
        <city>Los Angeles</city>
        <state>California</state>
        <zip>90033</zip>
        <country>United States</country>
      </address>
    </facility>
  </location>
  <location>
    <facility>
      <name>University of California, San Francisco</name>
      <address>
        <city>San Francisco</city>
        <state>California</state>
        <zip>94143</zip>
        <country>United States</country>
      </address>
    </facility>
  </location>
  <location>
    <facility>
      <name>Indiana University</name>
      <address>
        <city>Indianapolis</city>
        <state>Indiana</state>
        <zip>46202</zip>
        <country>United States</country>
      </address>
    </facility>
  </location>
  <location>
    <facility>
      <name>University of Kentucky</name>
      <address>
        <city>Lexington</city>
        <state>Kentucky</state>
        <zip>40536</zip>
        <country>United States</country>
      </address>
    </facility>
  </location>
  <location>
    <facility>
      <name>University of Minnesota</name>
      <address>
        <city>Minneapolis</city>
        <state>Minnesota</state>
        <zip>55455</zip>
        <country>United States</country>
      </address>
    </facility>
  </location>
  <location>
    <facility>
      <name>Columbia University</name>
      <address>
        <city>New York</city>
        <state>New York</state>
        <zip>10032</zip>
        <country>United States</country>
      </address>
    </facility>
  </location>
  <location>
    <facility>
      <name>State University of New York, Upstate Medical Center</name>
      <address>
        <city>Syracuse</city>
        <state>New York</state>
        <zip>13210</zip>
        <country>United States</country>
      </address>
    </facility>
  </location>
  <location>
    <facility>
      <name>University of Pittsburgh</name>
      <address>
        <city>Pittsburgh</city>
        <state>Pennsylvania</state>
        <zip>15213</zip>
        <country>United States</country>
      </address>
    </facility>
  </location>
  <location>
    <facility>
      <name>University of Virginia</name>
      <address>
        <city>Charlottesville</city>
        <state>Virginia</state>
        <zip>22908</zip>
        <country>United States</country>
      </address>
    </facility>
  </location>
  <location>
    <facility>
      <name>University of Washington</name>
      <address>
        <city>Seattle</city>
        <state>Washington</state>
        <zip>98104</zip>
        <country>United States</country>
      </address>
    </facility>
  </location>
  <location>
    <facility>
      <name>West Virginia University</name>
      <address>
        <city>Morgantown</city>
        <state>West Virginia</state>
        <zip>26508</zip>
        <country>United States</country>
      </address>
    </facility>
  </location>
  <location>
    <facility>
      <name>All India Institute of Medical Sciences (AIIMS)</name>
      <address>
        <city>New Delhi</city>
        <zip>110 029</zip>
        <country>India</country>
      </address>
    </facility>
  </location>
  <location_countries>
    <country>India</country>
    <country>United States</country>
  </location_countries>
  <reference>
    <citation>Barbaro NM, Quigg M, Broshek DK, Ward MM, Lamborn KR, Laxer KD, Larson DA, Dillon W, Verhey L, Garcia P, Steiner L, Heck C, Kondziolka D, Beach R, Olivero W, Witt TC, Salanova V, Goodman R. A multicenter, prospective pilot study of gamma knife radiosurgery for mesial temporal lobe epilepsy: seizure response, adverse events, and verbal memory. Ann Neurol. 2009 Feb;65(2):167-75. doi: 10.1002/ana.21558.</citation>
    <PMID>19243009</PMID>
  </reference>
  <verification_date>December 2014</verification_date>
  <lastchanged_date>December 15, 2014</lastchanged_date>
  <firstreceived_date>March 11, 2009</firstreceived_date>
  <responsible_party>
    <responsible_party_type>Sponsor</responsible_party_type>
  </responsible_party>
  <keyword>epilepsy</keyword>
  <keyword>radiosurgery</keyword>
  <keyword>temporal lobectomy</keyword>
  <is_fda_regulated>Yes</is_fda_regulated>
  <is_section_801>Yes</is_section_801>
  <has_expanded_access>No</has_expanded_access>
  <condition_browse>
    <!-- CAUTION:  The following MeSH terms are assigned with an imperfect algorithm  -->
    <mesh_term>Epilepsy</mesh_term>
  </condition_browse>
  <!-- Results have not yet been posted for this study                                -->
</clinical_study>
