<?xml version="1.0" encoding="UTF-8"?>
<clinical_study rank="424">
  <!-- This xml conforms to an XML Schema at:
    https://clinicaltrials.gov/ct2/html/images/info/public.xsd
 and an XML DTD at:
    https://clinicaltrials.gov/ct2/html/images/info/public.dtd -->
  <required_header>
    <download_date>ClinicalTrials.gov processed this data on November 27, 2015</download_date>
    <link_text>Link to the current ClinicalTrials.gov record.</link_text>
    <url>https://clinicaltrials.gov/show/NCT00630630</url>
  </required_header>
  <id_info>
    <org_study_id>N01088</org_study_id>
    <nct_id>NCT00630630</nct_id>
  </id_info>
  <brief_title>Study on Safety and Efficacy of Levetiracetam in the Adjunctive Treatment of Female Subjects With C1 Catamenial Epilepsy</brief_title>
  <official_title>A Multicenter, Double-blind, Placebo-controlled, Parallel Group Study of the Safety and Efficacy of Levetiracetam in the Adjunctive Treatment of Adult Female Subjects (18 to 40 Years of Age) With C1 Catamenial Epilepsy</official_title>
  <sponsors>
    <lead_sponsor>
      <agency>UCB Pharma</agency>
      <agency_class>Industry</agency_class>
    </lead_sponsor>
  </sponsors>
  <source>UCB Pharma</source>
  <oversight_info>
    <authority>United States: Institutional Review Board</authority>
    <has_dmc>No</has_dmc>
  </oversight_info>
  <brief_summary>
    <textblock>
      The relationship between hormone cycling/fluctuations and the occurrence of seizures in
      women has received considerable discussion in the medical literature. This study
      investigated the efficacy and tolerability of LEV treatment for subjects with catamenial
      exacerbation of partial onset seizures.
    </textblock>
  </brief_summary>
  <overall_status>Completed</overall_status>
  <start_date>November 2002</start_date>
  <completion_date type="Actual">November 2003</completion_date>
  <primary_completion_date type="Actual">November 2003</primary_completion_date>
  <phase>Phase 4</phase>
  <study_type>Interventional</study_type>
  <study_design>Allocation: Randomized, Endpoint Classification: Safety/Efficacy Study, Intervention Model: Parallel Assignment, Masking: Double-Blind, Primary Purpose: Treatment</study_design>
  <primary_outcome>
    <measure>Percent change in catamenial seizure frequency.</measure>
  </primary_outcome>
  <secondary_outcome>
    <measure>Responder rate</measure>
  </secondary_outcome>
  <secondary_outcome>
    <measure>Number of days free from seizures per week</measure>
  </secondary_outcome>
  <secondary_outcome>
    <measure>Ratio of catamenial seizure frequency to non-catamenial seizure frequency</measure>
  </secondary_outcome>
  <secondary_outcome>
    <measure>Catamenial seizure frequency during each cycle</measure>
  </secondary_outcome>
  <secondary_outcome>
    <measure>Seizure frequency of catamenial and non-catamenial combined</measure>
  </secondary_outcome>
  <secondary_outcome>
    <measure>Non-catamenial seizure frequency</measure>
  </secondary_outcome>
  <secondary_outcome>
    <measure>Catamenial seizure frequency separately for ovulatory and anovulatory cycles</measure>
  </secondary_outcome>
  <secondary_outcome>
    <measure>Safety</measure>
  </secondary_outcome>
  <number_of_arms>2</number_of_arms>
  <enrollment type="Actual">3</enrollment>
  <condition>Epilepsy</condition>
  <arm_group>
    <arm_group_label>1</arm_group_label>
    <arm_group_type>Experimental</arm_group_type>
  </arm_group>
  <arm_group>
    <arm_group_label>2</arm_group_label>
    <arm_group_type>Placebo Comparator</arm_group_type>
  </arm_group>
  <intervention>
    <intervention_type>Drug</intervention_type>
    <intervention_name>Levetiracetam</intervention_name>
    <arm_group_label>1</arm_group_label>
    <other_name>Keppra, ucbL059</other_name>
  </intervention>
  <intervention>
    <intervention_type>Other</intervention_type>
    <intervention_name>Placebo</intervention_name>
    <arm_group_label>2</arm_group_label>
  </intervention>
  <eligibility>
    <criteria>
      <textblock>
        Inclusion Criteria:

          -  Non-pregnant and non-nursing females between the ages of 18 - 45 years of age;

          -  out-patients with epilepsy experiencing uncontrolled simple and/or complex partial
             seizures with or without secondary generalization for a minimum of 2 years;

          -  classifiable epilepsy according to the International Classification of Epileptic
             Seizures;

          -  minimum of 2 seizures per 4 weeks during the Baseline Period, without exceeding 100
             seizures per 4 weeks. The majority of seizures (&gt;50%) must be partial onset, with or
             without secondary generalization;

          -  exhibited, during the Baseline Period, a catamenial epilepsy type C1 pattern defined
             as at least a 70% increase of weekly seizure frequency during the menstrual phase
             compared to the luteal and follicular phases combined;

          -  concurrent C2 catamenial epilepsy, defined as a 70% increase in daily seizure average
             during the ovulatory phase in comparison to the follicular and luteal phases
             combined, was permitted;

          -  taking a minimum of one and a maximum of two antiepileptic drugs at a stable dose for
             a period of 4 weeks prior to the selection visit and during the duration of the
             trial;

          -  vagal nerve stimulator (VNS) was permitted.

        Exclusion Criteria:

          -  using felbatol and presented clinically significant abnormalities with WBCs, RBCs,
             platelets, and/or hepatic function during felbatol treatment, and taking felbatol
             less than one year from the date of the Selection Visit;

          -  partial onset seizures uncountable due to clustering during the last 3 months;

          -  hormonal contraceptives that block menses within 6 months of the selection visit with
             no washout period permitted;

          -  menstrual cycle length less than 21 days and greater than 35 days during the baseline
             evaluation;

          -  alternative medications documented or purported to impact reproductive hormone
             levels, within the prior 2 months with no washout period permitted;

          -  significantly irregular menstrual cycles or a history of frequent amenorrhea defined
             as two episodes within the preceding 6 months;

          -  not taking hormonal contraceptives with more than one anovulatory cycle during the
             Baseline Period;

          -  clinically significant medical condition requiring treatment, except for the study
             indication, which would prevent clear interpretation of the study results;

          -  using the following classes of medications influencing the central nervous system:
             antipsychotics (typical and atypical), psychostimulants (except those containing
             methylphenidate, dextroamphetamine, or amphetamine used in the treatment of Attention
             Deficit Disorder), and hypnotics;

          -  chronically dosing with benzodiazepines;

          -  hospitalized for depression within 3 months prior to the selection visit.

          -  history of attempting suicide within the last 3 years, or suicidal ideation within
             the last 3 months;

          -  recent history (within the past two years) or presence of significant alcohol abuse
             or drug abuse;

          -  clinical history of significantly impaired renal function with a estimate of
             creatinine clearance below 80 ml/min;

          -  history of clinically significant cardiac conditions;

          -  ALT/SGPT, AST/SGOT, alkaline phosphatase, or ?-GT value of more than 3 times the
             upper limit of the central laboratory reference value;

          -  presence of a terminal illness;

          -  presence of any clinically significant allergic condition to levetiracetam or
             pyrrolidone derivatives;

          -  neutrophil count of less than 1800 per ?L.
      </textblock>
    </criteria>
    <gender>Female</gender>
    <minimum_age>18 Years</minimum_age>
    <maximum_age>45 Years</maximum_age>
    <healthy_volunteers>No</healthy_volunteers>
  </eligibility>
  <overall_official>
    <last_name>UCB Clinical Trial Call Center</last_name>
    <role>Study Director</role>
    <affiliation>+1 877 822 9493 (UCB)</affiliation>
  </overall_official>
  <link>
    <url>http://www.ucb.com/_up/ucb_com_patients/documents/N01088_CSS_20060920.pdf</url>
    <description>Clinical Study Summary on UCB.com</description>
  </link>
  <verification_date>September 2009</verification_date>
  <lastchanged_date>November 25, 2013</lastchanged_date>
  <firstreceived_date>February 27, 2008</firstreceived_date>
  <responsible_party>
    <name_title>Study Director</name_title>
    <organization>UCB</organization>
  </responsible_party>
  <keyword>Levetiracetam</keyword>
  <keyword>Keppra</keyword>
  <is_fda_regulated>Yes</is_fda_regulated>
  <is_section_801>No</is_section_801>
  <has_expanded_access>No</has_expanded_access>
  <condition_browse>
    <!-- CAUTION:  The following MeSH terms are assigned with an imperfect algorithm  -->
    <mesh_term>Epilepsy</mesh_term>
  </condition_browse>
  <intervention_browse>
    <!-- CAUTION:  The following MeSH terms are assigned with an imperfect algorithm  -->
    <mesh_term>Etiracetam</mesh_term>
    <mesh_term>Piracetam</mesh_term>
  </intervention_browse>
  <!-- Results have not yet been posted for this study                                -->
</clinical_study>
