<?xml version="1.0" encoding="UTF-8"?>
<clinical_study rank="42">
  <!-- This xml conforms to an XML Schema at:
    https://clinicaltrials.gov/ct2/html/images/info/public.xsd
 and an XML DTD at:
    https://clinicaltrials.gov/ct2/html/images/info/public.dtd -->
  <required_header>
    <download_date>ClinicalTrials.gov processed this data on November 27, 2015</download_date>
    <link_text>Link to the current ClinicalTrials.gov record.</link_text>
    <url>https://clinicaltrials.gov/show/NCT01291992</url>
  </required_header>
  <id_info>
    <org_study_id>R-10-259</org_study_id>
    <secondary_id>17107</secondary_id>
    <nct_id>NCT01291992</nct_id>
  </id_info>
  <brief_title>Seizures After Cardiac Surgery -- A Study With Continuous EEG Monitoring</brief_title>
  <official_title>Seizures After Cardiac Surgery -- A Prospective Study With Continuous EEG Monitoring</official_title>
  <sponsors>
    <lead_sponsor>
      <agency>Lawson Health Research Institute</agency>
      <agency_class>Other</agency_class>
    </lead_sponsor>
  </sponsors>
  <source>Lawson Health Research Institute</source>
  <oversight_info>
    <authority>Canada: Ethics Review Committee</authority>
    <has_dmc>No</has_dmc>
  </oversight_info>
  <brief_summary>
    <textblock>
      The aim of this study is to determine the frequency of nonconvulsive seizures after cardiac
      surgery using an electroencephalogram or EEG, which records brainwaves through the scalp.
    </textblock>
  </brief_summary>
  <detailed_description>
    <textblock>
      Background: Most patients do not have any neurological complications after cardiac surgery,
      but fewer than 1% may have a seizure (abnormal brain activity), with or without a
      convulsion. This can be due to a reaction to certain types of drugs or less commonly stroke
      or inflammation. Some seizures in post-operative and intensive care unit patients do not
      result in convulsions, but rather the abnormal brain activity simply causes confusion or
      unresponsiveness. The incidence of this type of &quot;nonconvulsive&quot;seizure after cardiac surgery
      is unknown.

      Purpose of the study: The aim of this study is to determine the frequency of nonconvulsive
      seizures after cardiac surgery using an electroencephalogram or EEG, which records
      brainwaves through the scalp.

      Design of the study: The investigators target is to enroll 150 patients undergoing cardiac
      surgery. The investigators are including patients greater than 18 years of age who are
      admitted to the CSRU immediately after cardiac surgery. Included patients are of normal
      mentation and are able to give their own consent. The investigators will exclude only those
      patients for whom technical issues prevent us from recording the EEG.
    </textblock>
  </detailed_description>
  <overall_status>Recruiting</overall_status>
  <start_date>September 2010</start_date>
  <completion_date type="Anticipated">January 2013</completion_date>
  <primary_completion_date type="Anticipated">September 2012</primary_completion_date>
  <phase>N/A</phase>
  <study_type>Observational</study_type>
  <study_design>Observational Model: Cohort, Time Perspective: Prospective</study_design>
  <primary_outcome>
    <measure>Frequency of non-convulsive seizures in postoperative cardiac surgery patients</measure>
    <time_frame>Immediate postoperative monitoring with continuous EEG</time_frame>
    <safety_issue>No</safety_issue>
    <description>Immediately after surgery, while still sedated and in the cardiac surgery recovery unit, 9 sticker electrodes will be applied to the skin just below the hairline, which record brain activity onto a computer. The EEG will be recorded for 24 hours. This brain activity (EEG) will later be interpreted by a neurologist who will be looking for evidence of seizure activity in the brain waves. Other relevant information: age, sex, the nature of other health problems, drugs used, complications and whether or not seizures are found will be stored on our computer for further evaluation.</description>
  </primary_outcome>
  <number_of_groups>1</number_of_groups>
  <enrollment type="Anticipated">150</enrollment>
  <condition>Non-convulsive Seizures</condition>
  <arm_group>
    <arm_group_label>Continuous EEG Monitoring</arm_group_label>
    <description>Immediately after surgery, while still sedated and in the cardiac surgery recovery unit, 9 sticker electrodes applied to the skin just below the hairline, which record brain activity onto a computer. The EEG will be recorded for 24 hours. This brain activity (EEG) will later be interpreted by a neurologist who will be looking for evidence of seizure activity in the brain waves. Other relevant information: age, sex, the nature of other health problems, drugs used, complications and whether or not seizures are found will be stored on our computer for further evaluation.</description>
  </arm_group>
  <eligibility>
    <study_pop>
      <textblock>
        All patients admitted to the CSRU postoperatively who have given informed consent to have
        immediate and continous EEG monitoring for the first 24 hours postoperatively
      </textblock>
    </study_pop>
    <sampling_method>Non-Probability Sample</sampling_method>
    <criteria>
      <textblock>
        Inclusion Criteria:

          -  All adult patients able to give informed consent and undergoing cardiac surgery

        Exclusion Criteria:

          -  Inability to record subhairline EEG data due to technical/mechanical reasons Patients
             not giving informed consent
      </textblock>
    </criteria>
    <gender>Both</gender>
    <minimum_age>18 Years</minimum_age>
    <maximum_age>N/A</maximum_age>
    <healthy_volunteers>No</healthy_volunteers>
  </eligibility>
  <overall_official>
    <last_name>Michael Chu, MD</last_name>
    <role>Principal Investigator</role>
    <affiliation>London Health Sciences Centre, University Hospital</affiliation>
  </overall_official>
  <location>
    <facility>
      <name>London Health Sciences Centre, University Hospital</name>
      <address>
        <city>London</city>
        <state>Ontario</state>
        <zip>N6A 5A5</zip>
        <country>Canada</country>
      </address>
    </facility>
    <status>Recruiting</status>
    <contact>
      <last_name>Stephanie A Fox, BA, RRT</last_name>
      <phone>519-685-8500</phone>
      <phone_ext>35031</phone_ext>
      <email>Stephanie.Fox@lhsc.on.ca</email>
    </contact>
    <contact_backup>
      <last_name>Michael Chu, MD</last_name>
      <phone>519-685-8500</phone>
      <phone_ext>33479</phone_ext>
      <email>Michael.Chu@lhsc.on.ca</email>
    </contact_backup>
    <investigator>
      <last_name>Michael Chu, MD</last_name>
      <role>Principal Investigator</role>
    </investigator>
    <investigator>
      <last_name>Bryan Young, MD</last_name>
      <role>Principal Investigator</role>
    </investigator>
  </location>
  <location_countries>
    <country>Canada</country>
  </location_countries>
  <reference>
    <citation>Bucerius J, Gummert JF, Borger MA, Walther T, Doll N, Onnasch JF, Metz S, Falk V, Mohr FW. Stroke after cardiac surgery: a risk factor analysis of 16,184 consecutive adult patients. Ann Thorac Surg. 2003 Feb;75(2):472-8.</citation>
    <PMID>12607656</PMID>
  </reference>
  <reference>
    <citation>Roach GW, Kanchuger M, Mangano CM, Newman M, Nussmeier N, Wolman R, Aggarwal A, Marschall K, Graham SH, Ley C. Adverse cerebral outcomes after coronary bypass surgery. Multicenter Study of Perioperative Ischemia Research Group and the Ischemia Research and Education Foundation Investigators. N Engl J Med. 1996 Dec 19;335(25):1857-63.</citation>
    <PMID>8948560</PMID>
  </reference>
  <reference>
    <citation>Young GB, Jordan KG, Doig GS. An assessment of nonconvulsive seizures in the intensive care unit using continuous EEG monitoring: an investigation of variables associated with mortality. Neurology. 1996 Jul;47(1):83-9.</citation>
    <PMID>8710130</PMID>
  </reference>
  <reference>
    <citation>Jordan KG. Continuous EEG and evoked potential monitoring in the neuroscience intensive care unit. J Clin Neurophysiol. 1993 Oct;10(4):445-75. Review.</citation>
    <PMID>8308143</PMID>
  </reference>
  <reference>
    <citation>Furtmüller R, Schlag MG, Berger M, Hopf R, Huck S, Sieghart W, Redl H. Tranexamic acid, a widely used antifibrinolytic agent, causes convulsions by a gamma-aminobutyric acid(A) receptor antagonistic effect. J Pharmacol Exp Ther. 2002 Apr;301(1):168-73.</citation>
    <PMID>11907171</PMID>
  </reference>
  <reference>
    <citation>Mohseni K, Jafari A, Nobahar MR, Arami A. Polymyoclonus seizure resulting from accidental injection of tranexamic acid in spinal anesthesia. Anesth Analg. 2009 Jun;108(6):1984-6. doi: 10.1213/ane.0b013e3181a04d69.</citation>
    <PMID>19448237</PMID>
  </reference>
  <reference>
    <citation>Murkin JM, Falter F, Granton J, Young B, Burt C, Chu M. High-dose tranexamic Acid is associated with nonischemic clinical seizures in cardiac surgical patients. Anesth Analg. 2010 Feb 1;110(2):350-3. doi: 10.1213/ANE.0b013e3181c92b23. Epub 2009 Dec 8.</citation>
    <PMID>19996135</PMID>
  </reference>
  <verification_date>February 2011</verification_date>
  <lastchanged_date>February 8, 2011</lastchanged_date>
  <firstreceived_date>February 7, 2011</firstreceived_date>
  <responsible_party>
    <name_title>Dr. Michael Chu</name_title>
    <organization>London Health Sciences Centre, University Hospital</organization>
  </responsible_party>
  <keyword>Non-convulsive seizures</keyword>
  <keyword>Cardiac Surgery</keyword>
  <keyword>Postop</keyword>
  <keyword>24 hour EEG Monitoring</keyword>
  <is_fda_regulated>No</is_fda_regulated>
  <has_expanded_access>No</has_expanded_access>
  <condition_browse>
    <!-- CAUTION:  The following MeSH terms are assigned with an imperfect algorithm  -->
    <mesh_term>Seizures</mesh_term>
  </condition_browse>
  <!-- Results have not yet been posted for this study                                -->
</clinical_study>
