<?xml version="1.0" encoding="UTF-8"?>
<clinical_study rank="222">
  <!-- This xml conforms to an XML Schema at:
    https://clinicaltrials.gov/ct2/html/images/info/public.xsd
 and an XML DTD at:
    https://clinicaltrials.gov/ct2/html/images/info/public.dtd -->
  <required_header>
    <download_date>ClinicalTrials.gov processed this data on November 27, 2015</download_date>
    <link_text>Link to the current ClinicalTrials.gov record.</link_text>
    <url>https://clinicaltrials.gov/show/NCT00955357</url>
  </required_header>
  <id_info>
    <org_study_id>SP0954</org_study_id>
    <secondary_id>2009-011181-28</secondary_id>
    <nct_id>NCT00955357</nct_id>
  </id_info>
  <brief_title>Trial to Assess Lacosamide as the First add-on Anti-epileptic Drug Treatment in Patients With Partial-onset Seizures</brief_title>
  <official_title>An Open-Label, Multicenter, Multinational Study of Lacosamide as First Add-On Anti-epileptic Drug (AED) Treatment in Subjects With Partial-Onset Seizures</official_title>
  <sponsors>
    <lead_sponsor>
      <agency>UCB Pharma</agency>
      <agency_class>Industry</agency_class>
    </lead_sponsor>
  </sponsors>
  <source>UCB Pharma</source>
  <oversight_info>
    <authority>United States: Food and Drug Administration</authority>
    <authority>Austria: Agency for Health and Food Safety</authority>
    <authority>Bulgaria: Bulgarian Drug Agency</authority>
    <authority>Finland: Finnish Medicines Agency</authority>
    <authority>France: Afssaps - Agence française de sécurité sanitaire des produits de santé (Saint-Denis)</authority>
    <authority>Greece: National Organization of Medicines</authority>
    <authority>Italy: The Italian Medicines Agency</authority>
    <authority>Mexico: Ministry of Health</authority>
    <authority>Netherlands: Medicines Evaluation Board (MEB)</authority>
    <authority>Spain: Ministry of Health</authority>
    <authority>Switzerland: Swissmedic</authority>
    <authority>Turkey: Ministry of Health</authority>
    <has_dmc>No</has_dmc>
  </oversight_info>
  <brief_summary>
    <textblock>
      To evaluate the efficacy and safety of oral Lacosamide as first add on treatment in subjects
      with uncontrolled partial-onset seizures after prior treatment with a monotherapy
      Antiepileptic Drug (AED) regimen compared to subjects who have received treatment with at
      least 2 AEDs.
    </textblock>
  </brief_summary>
  <detailed_description>
    <textblock>
      The study consisted of 3 Periods: Period 1: a 1-week Screening Phase, Period 2: a 30-week
      Treatment Phase (consisting of a 6-week Titration Phase and a 24-week Maintenance Phase),
      and Period 3: a 3-week Taper/Safety Follow-Up Phase.
    </textblock>
  </detailed_description>
  <overall_status>Completed</overall_status>
  <start_date>August 2009</start_date>
  <completion_date type="Actual">August 2013</completion_date>
  <primary_completion_date type="Actual">April 2013</primary_completion_date>
  <phase>Phase 4</phase>
  <study_type>Interventional</study_type>
  <study_design>Allocation: Non-Randomized, Endpoint Classification: Safety/Efficacy Study, Intervention Model: Parallel Assignment, Masking: Open Label, Primary Purpose: Treatment</study_design>
  <primary_outcome>
    <measure>The Proportion of Subjects Who Achieved &quot;Seizure-free Status&quot; During the First 12 Weeks of the Maintenance Phase</measure>
    <time_frame>From Week 7 (end of Week 6) to end of Week 18</time_frame>
    <safety_issue>No</safety_issue>
    <description>A subject will be considered seizure-free if the subject completes the first 12 weeks of the Maintenance Phase, reports zero seizures, and has no seizure data missing for any day during the period of time.
This study was intended to assess the efficacy outcomes in the First Add-On Group and the Later Add-On Group individually relative to historical data. Comparisons between the 2 groups should not be attempted and conclusions should not be drawn.</description>
  </primary_outcome>
  <number_of_arms>2</number_of_arms>
  <enrollment type="Actual">461</enrollment>
  <condition>Partial Epilepsies</condition>
  <arm_group>
    <arm_group_label>First Add-on</arm_group_label>
    <arm_group_type>Experimental</arm_group_type>
    <description>Lacosamide added to first adequate monotherapy (no history of Antiepileptic Drug [AED] polytherapy) and epilepsy diagnosis &lt; or = 24 months at Screening.</description>
  </arm_group>
  <arm_group>
    <arm_group_label>Later Add-on</arm_group_label>
    <arm_group_type>Experimental</arm_group_type>
    <description>Lacosamide added to 1 to 3 Antiepileptic Drugs (AEDs) (with tentatives of at least 2 prior AED treatment regimens) and epilepsy diagnosis &gt; or = 5 years at Screening.</description>
  </arm_group>
  <intervention>
    <intervention_type>Drug</intervention_type>
    <intervention_name>Lacosamide</intervention_name>
    <description>Oral Lacosamide:
Subjects Titration Phase (6 Weeks):
Week 1 - 50 mg tablet Twice daily (bid); Week 2 - 100 mg tablet bid; Week 3 - 150 mg tablet bid; Week 4 - 200 mg tablet bid; Week 5 - 200 mg tablet bid; Week 6 - 150 mg tablet bid OR Week 6 - 200 mg tablet bid
Maintenance Phase (24 Weeks):
200 mg tablet bid OR 150 mg tablet bid
Taper Phase (1 - 3 Weeks):
50 mg tablet bid for 1 week OR 100 mg tablet bid for 1 week OR 150 mg tablet bid for 1 week</description>
    <arm_group_label>First Add-on</arm_group_label>
    <arm_group_label>Later Add-on</arm_group_label>
    <other_name>SPM927</other_name>
    <other_name>Harkoseride</other_name>
    <other_name>Vimpat</other_name>
  </intervention>
  <eligibility>
    <criteria>
      <textblock>
        Inclusion Criteria:

        Group 1:

          -  Subject has a diagnosis of epilepsy with simple partial seizures (motor component)
             and/or complex partial seizures with or without secondary generalization

          -  Currently taking adequate monotherapy (defined as a single Antiepileptic Drug (AED)
             for at least 28 days prior to Screening) and has no history of AED polytherapy. Prior
             use of rescue medication (short-term intermittent use) is acceptable

          -  Epilepsy diagnosis should be ≤24 months at the time of the Screening Visit

          -  The minimum allowed seizure frequency at any time during the 12 weeks prior to the
             Screening Visit is ≥3 partial-onset seizures

        Group 2:

          -  Subject has a diagnosis of epilepsy with simple partial seizures (motor component)
             and/or complex partial seizures with or without secondary generalization

          -  Currently taking 1 to 3 AEDs, and has tried at least 2 prior AED treatment regimens
             (concurrently or sequentially)

          -  Epilepsy diagnosis should be ≥5 years at the time of the Screening Visit

          -  The minimum allowed seizure frequency during the 12 weeks prior to the Screening
             Visit is ≥1 partial-onset seizure per 28 days

        Exclusion Criteria:

          -  Previous use of Lacosamide

          -  History of seizure disorder characterized primarily by isolated auras

          -  History of primary generalized seizures

          -  History of status epilepticus within last 12-months

          -  History of cluster seizures during the 12 week period prior to Visit 1

          -  Nonepileptic events, including pseudoseizures that could be confused with seizure

          -  Lifetime history of suicide attempt or suicidal ideation in the past 6 months

          -  Hypersensitivity to any component of Lacosamide

          -  History of drug or alcohol abuse

          -  History of an acute or subacutely progressive Central Nervous System (CNS) disease

          -  Undergone cranial surgery within the last year prior to study entry

          -  Concomitant treatment of Felbamate or previous Felbamate therapy within the last 6
             months

          -  Prior or concomitant Vigabatrin use
      </textblock>
    </criteria>
    <gender>Both</gender>
    <minimum_age>17 Years</minimum_age>
    <maximum_age>N/A</maximum_age>
    <healthy_volunteers>No</healthy_volunteers>
  </eligibility>
  <overall_official>
    <last_name>UCB Clinical Trial Call Center</last_name>
    <role>Study Director</role>
    <affiliation>+1 877 822 9493 (UCB)</affiliation>
  </overall_official>
  <location>
    <facility>
      <name>103</name>
      <address>
        <city>Irvine</city>
        <state>California</state>
        <country>United States</country>
      </address>
    </facility>
  </location>
  <location>
    <facility>
      <name>123</name>
      <address>
        <city>Rancho Mirage</city>
        <state>California</state>
        <country>United States</country>
      </address>
    </facility>
  </location>
  <location>
    <facility>
      <name>156</name>
      <address>
        <city>Clearwater</city>
        <state>Florida</state>
        <country>United States</country>
      </address>
    </facility>
  </location>
  <location>
    <facility>
      <name>157</name>
      <address>
        <city>Destin</city>
        <state>Florida</state>
        <country>United States</country>
      </address>
    </facility>
  </location>
  <location>
    <facility>
      <name>140</name>
      <address>
        <city>Hollywood</city>
        <state>Florida</state>
        <country>United States</country>
      </address>
    </facility>
  </location>
  <location>
    <facility>
      <name>161</name>
      <address>
        <city>Ocala</city>
        <state>Florida</state>
        <country>United States</country>
      </address>
    </facility>
  </location>
  <location>
    <facility>
      <name>108</name>
      <address>
        <city>Atlanta</city>
        <state>Georgia</state>
        <country>United States</country>
      </address>
    </facility>
  </location>
  <location>
    <facility>
      <name>112</name>
      <address>
        <city>Atlanta</city>
        <state>Georgia</state>
        <country>United States</country>
      </address>
    </facility>
  </location>
  <location>
    <facility>
      <name>124</name>
      <address>
        <city>Augusta</city>
        <state>Georgia</state>
        <country>United States</country>
      </address>
    </facility>
  </location>
  <location>
    <facility>
      <name>115</name>
      <address>
        <city>Macon</city>
        <state>Georgia</state>
        <country>United States</country>
      </address>
    </facility>
  </location>
  <location>
    <facility>
      <name>118</name>
      <address>
        <city>Rome</city>
        <state>Georgia</state>
        <country>United States</country>
      </address>
    </facility>
  </location>
  <location>
    <facility>
      <name>128</name>
      <address>
        <city>Flossmoor</city>
        <state>Illinois</state>
        <country>United States</country>
      </address>
    </facility>
  </location>
  <location>
    <facility>
      <name>130</name>
      <address>
        <city>Des Moines</city>
        <state>Iowa</state>
        <country>United States</country>
      </address>
    </facility>
  </location>
  <location>
    <facility>
      <name>102</name>
      <address>
        <city>Bowling Green</city>
        <state>Kentucky</state>
        <country>United States</country>
      </address>
    </facility>
  </location>
  <location>
    <facility>
      <name>117</name>
      <address>
        <city>Paducah</city>
        <state>Kentucky</state>
        <country>United States</country>
      </address>
    </facility>
  </location>
  <location>
    <facility>
      <name>107</name>
      <address>
        <city>Houma</city>
        <state>Louisiana</state>
        <country>United States</country>
      </address>
    </facility>
  </location>
  <location>
    <facility>
      <name>145</name>
      <address>
        <city>St Ruston</city>
        <state>Louisiana</state>
        <country>United States</country>
      </address>
    </facility>
  </location>
  <location>
    <facility>
      <name>101</name>
      <address>
        <city>Annapolis</city>
        <state>Maryland</state>
        <country>United States</country>
      </address>
    </facility>
  </location>
  <location>
    <facility>
      <name>162</name>
      <address>
        <city>Waldorf</city>
        <state>Maryland</state>
        <country>United States</country>
      </address>
    </facility>
  </location>
  <location>
    <facility>
      <name>153</name>
      <address>
        <city>Boston</city>
        <state>Massachusetts</state>
        <country>United States</country>
      </address>
    </facility>
  </location>
  <location>
    <facility>
      <name>136</name>
      <address>
        <city>Pittsfield</city>
        <state>Massachusetts</state>
        <country>United States</country>
      </address>
    </facility>
  </location>
  <location>
    <facility>
      <name>144</name>
      <address>
        <city>Springfield</city>
        <state>Massachusetts</state>
        <country>United States</country>
      </address>
    </facility>
  </location>
  <location>
    <facility>
      <name>151</name>
      <address>
        <city>Kansas City</city>
        <state>Missouri</state>
        <country>United States</country>
      </address>
    </facility>
  </location>
  <location>
    <facility>
      <name>114</name>
      <address>
        <city>Paterson</city>
        <state>New Jersey</state>
        <country>United States</country>
      </address>
    </facility>
  </location>
  <location>
    <facility>
      <name>109</name>
      <address>
        <city>Brooklyn</city>
        <state>New York</state>
        <country>United States</country>
      </address>
    </facility>
  </location>
  <location>
    <facility>
      <name>133</name>
      <address>
        <city>Brooklyn</city>
        <state>New York</state>
        <country>United States</country>
      </address>
    </facility>
  </location>
  <location>
    <facility>
      <name>127</name>
      <address>
        <city>West Seneca</city>
        <state>New York</state>
        <country>United States</country>
      </address>
    </facility>
  </location>
  <location>
    <facility>
      <name>158</name>
      <address>
        <city>Charlotte</city>
        <state>North Carolina</state>
        <country>United States</country>
      </address>
    </facility>
  </location>
  <location>
    <facility>
      <name>139</name>
      <address>
        <city>Bismarck</city>
        <state>North Dakota</state>
        <country>United States</country>
      </address>
    </facility>
  </location>
  <location>
    <facility>
      <name>134</name>
      <address>
        <city>Akron</city>
        <state>Ohio</state>
        <country>United States</country>
      </address>
    </facility>
  </location>
  <location>
    <facility>
      <name>150</name>
      <address>
        <city>Canton</city>
        <state>Ohio</state>
        <country>United States</country>
      </address>
    </facility>
  </location>
  <location>
    <facility>
      <name>141</name>
      <address>
        <city>Tulsa</city>
        <state>Oklahoma</state>
        <country>United States</country>
      </address>
    </facility>
  </location>
  <location>
    <facility>
      <name>121</name>
      <address>
        <city>Indiana</city>
        <state>Pennsylvania</state>
        <country>United States</country>
      </address>
    </facility>
  </location>
  <location>
    <facility>
      <name>120</name>
      <address>
        <city>Columbia</city>
        <state>South Carolina</state>
        <country>United States</country>
      </address>
    </facility>
  </location>
  <location>
    <facility>
      <name>149</name>
      <address>
        <city>Orangeburg</city>
        <state>South Carolina</state>
        <country>United States</country>
      </address>
    </facility>
  </location>
  <location>
    <facility>
      <name>152</name>
      <address>
        <city>Spartanburg</city>
        <state>South Carolina</state>
        <country>United States</country>
      </address>
    </facility>
  </location>
  <location>
    <facility>
      <name>148</name>
      <address>
        <city>Austin</city>
        <state>Texas</state>
        <country>United States</country>
      </address>
    </facility>
  </location>
  <location>
    <facility>
      <name>154</name>
      <address>
        <city>Dallas</city>
        <state>Texas</state>
        <country>United States</country>
      </address>
    </facility>
  </location>
  <location>
    <facility>
      <name>146</name>
      <address>
        <city>Tomball</city>
        <state>Texas</state>
        <country>United States</country>
      </address>
    </facility>
  </location>
  <location>
    <facility>
      <name>119</name>
      <address>
        <city>Fredericksburg</city>
        <state>Virginia</state>
        <country>United States</country>
      </address>
    </facility>
  </location>
  <location>
    <facility>
      <name>503</name>
      <address>
        <city>Wien</city>
        <country>Austria</country>
      </address>
    </facility>
  </location>
  <location>
    <facility>
      <name>703</name>
      <address>
        <city>Blagoevrad</city>
        <country>Bulgaria</country>
      </address>
    </facility>
  </location>
  <location>
    <facility>
      <name>706</name>
      <address>
        <city>Pleven</city>
        <country>Bulgaria</country>
      </address>
    </facility>
  </location>
  <location>
    <facility>
      <name>700</name>
      <address>
        <city>Sofia</city>
        <country>Bulgaria</country>
      </address>
    </facility>
  </location>
  <location>
    <facility>
      <name>702</name>
      <address>
        <city>Sofia</city>
        <country>Bulgaria</country>
      </address>
    </facility>
  </location>
  <location>
    <facility>
      <name>704</name>
      <address>
        <city>Sofia</city>
        <country>Bulgaria</country>
      </address>
    </facility>
  </location>
  <location>
    <facility>
      <name>705</name>
      <address>
        <city>Sofia</city>
        <country>Bulgaria</country>
      </address>
    </facility>
  </location>
  <location>
    <facility>
      <name>707</name>
      <address>
        <city>Sofia</city>
        <country>Bulgaria</country>
      </address>
    </facility>
  </location>
  <location>
    <facility>
      <name>708</name>
      <address>
        <city>Sofia</city>
        <country>Bulgaria</country>
      </address>
    </facility>
  </location>
  <location>
    <facility>
      <name>701</name>
      <address>
        <city>Varna</city>
        <country>Bulgaria</country>
      </address>
    </facility>
  </location>
  <location>
    <facility>
      <name>736</name>
      <address>
        <city>Hradec Kralove</city>
        <country>Czech Republic</country>
      </address>
    </facility>
  </location>
  <location>
    <facility>
      <name>735</name>
      <address>
        <city>Litomerice</city>
        <country>Czech Republic</country>
      </address>
    </facility>
  </location>
  <location>
    <facility>
      <name>732</name>
      <address>
        <city>Ostrava-Hrabuvka</city>
        <country>Czech Republic</country>
      </address>
    </facility>
  </location>
  <location>
    <facility>
      <name>733</name>
      <address>
        <city>Ostrava</city>
        <country>Czech Republic</country>
      </address>
    </facility>
  </location>
  <location>
    <facility>
      <name>737</name>
      <address>
        <city>Praha 11</city>
        <country>Czech Republic</country>
      </address>
    </facility>
  </location>
  <location>
    <facility>
      <name>734</name>
      <address>
        <city>Trutnov</city>
        <country>Czech Republic</country>
      </address>
    </facility>
  </location>
  <location>
    <facility>
      <name>930</name>
      <address>
        <city>Aarhus</city>
        <country>Denmark</country>
      </address>
    </facility>
  </location>
  <location>
    <facility>
      <name>400</name>
      <address>
        <city>Helsinki</city>
        <country>Finland</country>
      </address>
    </facility>
  </location>
  <location>
    <facility>
      <name>402</name>
      <address>
        <city>Oulu</city>
        <country>Finland</country>
      </address>
    </facility>
  </location>
  <location>
    <facility>
      <name>401</name>
      <address>
        <city>Tampere</city>
        <country>Finland</country>
      </address>
    </facility>
  </location>
  <location>
    <facility>
      <name>610</name>
      <address>
        <city>Strasbourg</city>
        <country>France</country>
      </address>
    </facility>
  </location>
  <location>
    <facility>
      <name>611</name>
      <address>
        <city>Toulon</city>
        <country>France</country>
      </address>
    </facility>
  </location>
  <location>
    <facility>
      <name>521</name>
      <address>
        <city>Athens</city>
        <country>Greece</country>
      </address>
    </facility>
  </location>
  <location>
    <facility>
      <name>520</name>
      <address>
        <city>Thessaloniki</city>
        <country>Greece</country>
      </address>
    </facility>
  </location>
  <location>
    <facility>
      <name>552</name>
      <address>
        <city>Faenza</city>
        <country>Italy</country>
      </address>
    </facility>
  </location>
  <location>
    <facility>
      <name>546</name>
      <address>
        <city>Gallarate</city>
        <country>Italy</country>
      </address>
    </facility>
  </location>
  <location>
    <facility>
      <name>541</name>
      <address>
        <city>Napoli</city>
        <country>Italy</country>
      </address>
    </facility>
  </location>
  <location>
    <facility>
      <name>559</name>
      <address>
        <city>Pietra Ligure</city>
        <country>Italy</country>
      </address>
    </facility>
  </location>
  <location>
    <facility>
      <name>557</name>
      <address>
        <city>Prato</city>
        <country>Italy</country>
      </address>
    </facility>
  </location>
  <location>
    <facility>
      <name>540</name>
      <address>
        <city>Roma</city>
        <country>Italy</country>
      </address>
    </facility>
  </location>
  <location>
    <facility>
      <name>549</name>
      <address>
        <city>Roma</city>
        <country>Italy</country>
      </address>
    </facility>
  </location>
  <location>
    <facility>
      <name>542</name>
      <address>
        <city>Taranto</city>
        <country>Italy</country>
      </address>
    </facility>
  </location>
  <location>
    <facility>
      <name>547</name>
      <address>
        <city>Torino</city>
        <country>Italy</country>
      </address>
    </facility>
  </location>
  <location>
    <facility>
      <name>551</name>
      <address>
        <city>Trieste</city>
        <country>Italy</country>
      </address>
    </facility>
  </location>
  <location>
    <facility>
      <name>180</name>
      <address>
        <city>Aguascalientes</city>
        <country>Mexico</country>
      </address>
    </facility>
  </location>
  <location>
    <facility>
      <name>183</name>
      <address>
        <city>Chihuahua</city>
        <country>Mexico</country>
      </address>
    </facility>
  </location>
  <location>
    <facility>
      <name>185</name>
      <address>
        <city>Chihuahua</city>
        <country>Mexico</country>
      </address>
    </facility>
  </location>
  <location>
    <facility>
      <name>184</name>
      <address>
        <city>Ciudad Juarez</city>
        <country>Mexico</country>
      </address>
    </facility>
  </location>
  <location>
    <facility>
      <name>189</name>
      <address>
        <city>Guadalajara</city>
        <country>Mexico</country>
      </address>
    </facility>
  </location>
  <location>
    <facility>
      <name>181</name>
      <address>
        <city>Mexico DF</city>
        <country>Mexico</country>
      </address>
    </facility>
  </location>
  <location>
    <facility>
      <name>193</name>
      <address>
        <city>Mexico DF</city>
        <country>Mexico</country>
      </address>
    </facility>
  </location>
  <location>
    <facility>
      <name>195</name>
      <address>
        <city>Mexico DF</city>
        <country>Mexico</country>
      </address>
    </facility>
  </location>
  <location>
    <facility>
      <name>186</name>
      <address>
        <city>Monterrey</city>
        <country>Mexico</country>
      </address>
    </facility>
  </location>
  <location>
    <facility>
      <name>187</name>
      <address>
        <city>Monterrey</city>
        <country>Mexico</country>
      </address>
    </facility>
  </location>
  <location>
    <facility>
      <name>188</name>
      <address>
        <city>Monterrey</city>
        <country>Mexico</country>
      </address>
    </facility>
  </location>
  <location>
    <facility>
      <name>182</name>
      <address>
        <city>Polanco</city>
        <country>Mexico</country>
      </address>
    </facility>
  </location>
  <location>
    <facility>
      <name>815</name>
      <address>
        <city>Bucarest</city>
        <country>Romania</country>
      </address>
    </facility>
  </location>
  <location>
    <facility>
      <name>810</name>
      <address>
        <city>Cluj-napoca</city>
        <country>Romania</country>
      </address>
    </facility>
  </location>
  <location>
    <facility>
      <name>814</name>
      <address>
        <city>Oradea</city>
        <country>Romania</country>
      </address>
    </facility>
  </location>
  <location>
    <facility>
      <name>813</name>
      <address>
        <city>Targu Mures</city>
        <country>Romania</country>
      </address>
    </facility>
  </location>
  <location>
    <facility>
      <name>830</name>
      <address>
        <city>Kazan</city>
        <country>Russian Federation</country>
      </address>
    </facility>
  </location>
  <location>
    <facility>
      <name>831</name>
      <address>
        <city>Kazan</city>
        <country>Russian Federation</country>
      </address>
    </facility>
  </location>
  <location>
    <facility>
      <name>834</name>
      <address>
        <city>Moscow</city>
        <country>Russian Federation</country>
      </address>
    </facility>
  </location>
  <location>
    <facility>
      <name>833</name>
      <address>
        <city>Novosibirsk</city>
        <country>Russian Federation</country>
      </address>
    </facility>
  </location>
  <location>
    <facility>
      <name>598</name>
      <address>
        <city>Terrassa</city>
        <state>Barcelona</state>
        <country>Spain</country>
      </address>
    </facility>
  </location>
  <location>
    <facility>
      <name>592</name>
      <address>
        <city>Almeria</city>
        <country>Spain</country>
      </address>
    </facility>
  </location>
  <location>
    <facility>
      <name>597</name>
      <address>
        <city>Bajo Sevilla</city>
        <country>Spain</country>
      </address>
    </facility>
  </location>
  <location>
    <facility>
      <name>590</name>
      <address>
        <city>Barcelona</city>
        <country>Spain</country>
      </address>
    </facility>
  </location>
  <location>
    <facility>
      <name>596</name>
      <address>
        <city>Santiago de Compostela</city>
        <country>Spain</country>
      </address>
    </facility>
  </location>
  <location>
    <facility>
      <name>594</name>
      <address>
        <city>Valencia</city>
        <country>Spain</country>
      </address>
    </facility>
  </location>
  <location>
    <facility>
      <name>599</name>
      <address>
        <city>Valladolid</city>
        <country>Spain</country>
      </address>
    </facility>
  </location>
  <location>
    <facility>
      <name>892</name>
      <address>
        <city>Lausanne</city>
        <country>Switzerland</country>
      </address>
    </facility>
  </location>
  <location>
    <facility>
      <name>713</name>
      <address>
        <city>Adana</city>
        <country>Turkey</country>
      </address>
    </facility>
  </location>
  <location>
    <facility>
      <name>714</name>
      <address>
        <city>Ankara</city>
        <country>Turkey</country>
      </address>
    </facility>
  </location>
  <location>
    <facility>
      <name>710</name>
      <address>
        <city>Eskisehir</city>
        <country>Turkey</country>
      </address>
    </facility>
  </location>
  <location>
    <facility>
      <name>711</name>
      <address>
        <city>Istanbul</city>
        <country>Turkey</country>
      </address>
    </facility>
  </location>
  <location>
    <facility>
      <name>719</name>
      <address>
        <city>Istanbul</city>
        <country>Turkey</country>
      </address>
    </facility>
  </location>
  <location>
    <facility>
      <name>717</name>
      <address>
        <city>Izmir</city>
        <country>Turkey</country>
      </address>
    </facility>
  </location>
  <location>
    <facility>
      <name>718</name>
      <address>
        <city>Trabzon</city>
        <country>Turkey</country>
      </address>
    </facility>
  </location>
  <location_countries>
    <country>Austria</country>
    <country>Bulgaria</country>
    <country>Czech Republic</country>
    <country>Denmark</country>
    <country>Finland</country>
    <country>France</country>
    <country>Greece</country>
    <country>Italy</country>
    <country>Mexico</country>
    <country>Romania</country>
    <country>Russian Federation</country>
    <country>Spain</country>
    <country>Switzerland</country>
    <country>Turkey</country>
    <country>United States</country>
  </location_countries>
  <removed_countries>
    <country>Germany</country>
    <country>Hungary</country>
  </removed_countries>
  <link>
    <url>http://www.vimpat.com/pdf/PI.pdf</url>
    <description>Product Information</description>
  </link>
  <link>
    <url>http://www.fda.gov/Safety/MedWatch/SafetyInformation/default.htm</url>
    <description>FDA Safety Alerts and Recalls</description>
  </link>
  <verification_date>June 2014</verification_date>
  <lastchanged_date>October 17, 2014</lastchanged_date>
  <firstreceived_date>August 6, 2009</firstreceived_date>
  <firstreceived_results_date>March 28, 2014</firstreceived_results_date>
  <responsible_party>
    <responsible_party_type>Sponsor</responsible_party_type>
  </responsible_party>
  <keyword>Epilepsy Treatment</keyword>
  <keyword>Anti-epileptic drugs</keyword>
  <keyword>Seizures</keyword>
  <keyword>Vimpat</keyword>
  <is_fda_regulated>Yes</is_fda_regulated>
  <is_section_801>Yes</is_section_801>
  <has_expanded_access>No</has_expanded_access>
  <condition_browse>
    <!-- CAUTION:  The following MeSH terms are assigned with an imperfect algorithm  -->
    <mesh_term>Epilepsies, Partial</mesh_term>
  </condition_browse>
  <intervention_browse>
    <!-- CAUTION:  The following MeSH terms are assigned with an imperfect algorithm  -->
    <mesh_term>Anticonvulsants</mesh_term>
    <mesh_term>Lacosamide</mesh_term>
  </intervention_browse>

  <clinical_results>

    <participant_flow>
      <recruitment_details>An estimated 656 subjects were to be enrolled in the study at approximately 130 sites in the US, Europe, and the rest of the world.</recruitment_details>
      <pre_assignment_details>Overall 461 subjects were enrolled. The Participant Flow refers to the Safety Set (SS) which was defined as all enrolled subjects who took at least 1 dose of Lacosamide. Reasons for discontinuation were only calculated for the SS. 456 subjects were included in the Safety Set.</pre_assignment_details>
      <group_list>
        <group group_id="P1">
          <title>First Add-on</title>
          <description>Lacosamide added to first adequate monotherapy (no history of Anti-Epileptic Drug [AED] polytherapy) and epilepsy diagnosis &lt; or = 24 months at Screening.
Lacosamide: oral tablet
Subjects Titration Phase (6 Weeks): Week 1 - 50 mg tablet twice daily (bid); Week 2 - 100 mg tablet bid; Week 3 - 150 mg tablet bid; Week 4 - 200 mg tablet bid; Week 5 - 200 mg tablet bid; Week 6 - 150 mg tablet bid OR Week 6 - 200 mg tablet bid
Maintenance Phase (24 Weeks): 200 mg tablet bid OR 150 mg tablet bid
Taper Phase (1 - 3 Weeks): 50 mg tablet bid for 1 week OR 100 mg tablet bid for 1 week OR 150 mg tablet bid for 1 week</description>
        </group>
        <group group_id="P2">
          <title>Later Add-on</title>
          <description>Lacosamide added to 1 to 3 Anti-Epileptic Drugs (AEDs) (with tentatives of at least 2 prior AED treatment regimens) and epilepsy diagnosis &gt; or = 5 years at Screening.
Lacosamide: oral tablet
Subjects Titration Phase (6 Weeks): Week 1 - 50 mg tablet twice daily (bid); Week 2 - 100 mg tablet bid; Week 3 - 150 mg tablet bid; Week 4 - 200 mg tablet bid; Week 5 - 200 mg tablet bid; Week 6 - 150 mg tablet bid OR Week 6 - 200 mg tablet bid
Maintenance Phase (24 Weeks): 200 mg tablet bid OR 150 mg tablet bid
Taper Phase (1 - 3 Weeks): 50 mg tablet bid for 1 week OR 100 mg tablet bid for 1 week OR 150 mg tablet bid for 1 week</description>
        </group>
      </group_list>
      <period_list>
        <period>
          <title>Titration Phase</title>
          <milestone_list>
            <milestone>
              <title>STARTED</title>
              <participants_list>
                <participants group_id="P1" count="96"/>
                <participants group_id="P2" count="360"/>
              </participants_list>
            </milestone>
            <milestone>
              <title>COMPLETED</title>
              <participants_list>
                <participants group_id="P1" count="80"/>
                <participants group_id="P2" count="294"/>
              </participants_list>
            </milestone>
            <milestone>
              <title>NOT COMPLETED</title>
              <participants_list>
                <participants group_id="P1" count="16"/>
                <participants group_id="P2" count="66"/>
              </participants_list>
            </milestone>
          </milestone_list>
          <drop_withdraw_reason_list>
            <drop_withdraw_reason>
              <title>Adverse Event</title>
              <participants_list>
                <participants group_id="P1" count="9"/>
                <participants group_id="P2" count="46"/>
              </participants_list>
            </drop_withdraw_reason>
            <drop_withdraw_reason>
              <title>Lack of Efficacy</title>
              <participants_list>
                <participants group_id="P1" count="0"/>
                <participants group_id="P2" count="2"/>
              </participants_list>
            </drop_withdraw_reason>
            <drop_withdraw_reason>
              <title>Protocol Violation</title>
              <participants_list>
                <participants group_id="P1" count="3"/>
                <participants group_id="P2" count="7"/>
              </participants_list>
            </drop_withdraw_reason>
            <drop_withdraw_reason>
              <title>Lost to Follow-up</title>
              <participants_list>
                <participants group_id="P1" count="1"/>
                <participants group_id="P2" count="3"/>
              </participants_list>
            </drop_withdraw_reason>
            <drop_withdraw_reason>
              <title>Withdrawal by Subject</title>
              <participants_list>
                <participants group_id="P1" count="3"/>
                <participants group_id="P2" count="5"/>
              </participants_list>
            </drop_withdraw_reason>
            <drop_withdraw_reason>
              <title>Prohibited Antiepileptic Drug change</title>
              <participants_list>
                <participants group_id="P1" count="0"/>
                <participants group_id="P2" count="1"/>
              </participants_list>
            </drop_withdraw_reason>
            <drop_withdraw_reason>
              <title>Study medication not tolerated</title>
              <participants_list>
                <participants group_id="P1" count="0"/>
                <participants group_id="P2" count="1"/>
              </participants_list>
            </drop_withdraw_reason>
            <drop_withdraw_reason>
              <title>Non compliance to study procedures</title>
              <participants_list>
                <participants group_id="P1" count="0"/>
                <participants group_id="P2" count="1"/>
              </participants_list>
            </drop_withdraw_reason>
          </drop_withdraw_reason_list>
        </period>
        <period>
          <title>Maintenance Phase</title>
          <milestone_list>
            <milestone>
              <title>STARTED</title>
              <participants_list>
                <participants group_id="P1" count="80"/>
                <participants group_id="P2" count="294"/>
              </participants_list>
            </milestone>
            <milestone>
              <title>COMPLETED</title>
              <participants_list>
                <participants group_id="P1" count="68"/>
                <participants group_id="P2" count="249"/>
              </participants_list>
            </milestone>
            <milestone>
              <title>NOT COMPLETED</title>
              <participants_list>
                <participants group_id="P1" count="12"/>
                <participants group_id="P2" count="45"/>
              </participants_list>
            </milestone>
          </milestone_list>
          <drop_withdraw_reason_list>
            <drop_withdraw_reason>
              <title>Adverse Event</title>
              <participants_list>
                <participants group_id="P1" count="3"/>
                <participants group_id="P2" count="23"/>
              </participants_list>
            </drop_withdraw_reason>
            <drop_withdraw_reason>
              <title>Lack of Efficacy</title>
              <participants_list>
                <participants group_id="P1" count="0"/>
                <participants group_id="P2" count="4"/>
              </participants_list>
            </drop_withdraw_reason>
            <drop_withdraw_reason>
              <title>Protocol Violation</title>
              <participants_list>
                <participants group_id="P1" count="2"/>
                <participants group_id="P2" count="6"/>
              </participants_list>
            </drop_withdraw_reason>
            <drop_withdraw_reason>
              <title>Lost to Follow-up</title>
              <participants_list>
                <participants group_id="P1" count="2"/>
                <participants group_id="P2" count="7"/>
              </participants_list>
            </drop_withdraw_reason>
            <drop_withdraw_reason>
              <title>Withdrawal by Subject</title>
              <participants_list>
                <participants group_id="P1" count="4"/>
                <participants group_id="P2" count="4"/>
              </participants_list>
            </drop_withdraw_reason>
            <drop_withdraw_reason>
              <title>Patient moving out of area</title>
              <participants_list>
                <participants group_id="P1" count="0"/>
                <participants group_id="P2" count="1"/>
              </participants_list>
            </drop_withdraw_reason>
            <drop_withdraw_reason>
              <title>Non compliance to study procedures</title>
              <participants_list>
                <participants group_id="P1" count="1"/>
                <participants group_id="P2" count="0"/>
              </participants_list>
            </drop_withdraw_reason>
          </drop_withdraw_reason_list>
        </period>
      </period_list>
    </participant_flow>

    <baseline>
      <population>The Baseline Analysis Population refers to the Safety Set (SS) which includes all enrolled subjects who took at least one dose of study medication. 5 subjects at one site were excluded from the Safety Set due to significant study conduct deficiencies.</population>
      <group_list>
        <group group_id="B1">
          <title>First Add-on</title>
          <description>Lacosamide added to first adequate monotherapy (no history of AED polytherapy) and epilepsy diagnosis &lt; or = 24 months at Screening.
Lacosamide: oral tablet
Subjects Titration Phase (6 Weeks): Week 1 - 50 mg tablet twice daily (bid); Week 2 - 100 mg tablet bid; Week 3 - 150 mg tablet bid; Week 4 - 200 mg tablet bid; Week 5 - 200 mg tablet bid; Week 6 - 150 mg tablet bid OR Week 6 - 200 mg tablet bid
Maintenance Phase (24 Weeks): 200 mg tablet bid OR 150 mg tablet bid
Taper Phase (1 - 3 Weeks): 50 mg tablet bid for 1 week OR 100 mg tablet bid for 1 week OR 150 mg tablet bid for 1 week</description>
        </group>
        <group group_id="B2">
          <title>Later-Add-on</title>
          <description>Lacosamide added to 1 to 3 AEDs (with tentatives of at least 2 prior AED treatment regimens) and epilepsy diagnosis &gt; or = 5 years at Screening.
Lacosamide: oral tablet
Subjects Titration Phase (6 Weeks): Week 1 - 50 mg tablet twice daily (bid); Week 2 - 100 mg tablet bid; Week 3 - 150 mg tablet bid; Week 4 - 200 mg tablet bid; Week 5 - 200 mg tablet bid; Week 6 - 150 mg tablet bid OR Week 6 - 200 mg tablet bid
Maintenance Phase (24 Weeks): 200 mg tablet bid OR 150 mg tablet bid
Taper Phase (1 - 3 Weeks): 50 mg tablet bid for 1 week OR 100 mg tablet bid for 1 week OR 150 mg tablet bid for 1 week</description>
        </group>
        <group group_id="B3">
          <title>Total</title>
          <description>Total of all reporting groups</description>
        </group>
      </group_list>
      <measure_list>
        <measure>
          <title>Number of Participants</title>
          <units>participants</units>
          <param>Number</param>
          <category_list>
            <category>
              <measurement_list>
                <measurement group_id="B1" value="96"/>
                <measurement group_id="B2" value="360"/>
                <measurement group_id="B3" value="456"/>
              </measurement_list>
            </category>
          </category_list>
        </measure>
        <measure>
          <title>Age</title>
          <units>years</units>
          <param>Median</param>
          <dispersion>Full Range</dispersion>
          <category_list>
            <category>
              <measurement_list>
                <measurement group_id="B1" value="37.5" lower_limit="18.0" upper_limit="82.0"/>
                <measurement group_id="B2" value="38.0" lower_limit="16.0" upper_limit="74.0"/>
                <measurement group_id="B3" value="38.0" lower_limit="16.0" upper_limit="82.0"/>
              </measurement_list>
            </category>
          </category_list>
        </measure>
        <measure>
          <title>Age</title>
          <units>participants</units>
          <param>Number</param>
          <category_list>
            <category>
              <sub_title>&lt;=18 years</sub_title>
              <measurement_list>
                <measurement group_id="B1" value="4"/>
                <measurement group_id="B2" value="7"/>
                <measurement group_id="B3" value="11"/>
              </measurement_list>
            </category>
            <category>
              <sub_title>Between 18 and 65 years</sub_title>
              <measurement_list>
                <measurement group_id="B1" value="82"/>
                <measurement group_id="B2" value="349"/>
                <measurement group_id="B3" value="431"/>
              </measurement_list>
            </category>
            <category>
              <sub_title>&gt;=65 years</sub_title>
              <measurement_list>
                <measurement group_id="B1" value="10"/>
                <measurement group_id="B2" value="4"/>
                <measurement group_id="B3" value="14"/>
              </measurement_list>
            </category>
          </category_list>
        </measure>
        <measure>
          <title>Gender</title>
          <units>participants</units>
          <param>Number</param>
          <category_list>
            <category>
              <sub_title>Female</sub_title>
              <measurement_list>
                <measurement group_id="B1" value="53"/>
                <measurement group_id="B2" value="180"/>
                <measurement group_id="B3" value="233"/>
              </measurement_list>
            </category>
            <category>
              <sub_title>Male</sub_title>
              <measurement_list>
                <measurement group_id="B1" value="43"/>
                <measurement group_id="B2" value="180"/>
                <measurement group_id="B3" value="223"/>
              </measurement_list>
            </category>
          </category_list>
        </measure>
        <measure>
          <title>Race (NIH/OMB)</title>
          <units>participants</units>
          <param>Number</param>
          <category_list>
            <category>
              <sub_title>American Indian or Alaska Native</sub_title>
              <measurement_list>
                <measurement group_id="B1" value="11"/>
                <measurement group_id="B2" value="6"/>
                <measurement group_id="B3" value="17"/>
              </measurement_list>
            </category>
            <category>
              <sub_title>Asian</sub_title>
              <measurement_list>
                <measurement group_id="B1" value="0"/>
                <measurement group_id="B2" value="12"/>
                <measurement group_id="B3" value="12"/>
              </measurement_list>
            </category>
            <category>
              <sub_title>Native Hawaiian or Other Pacific Islander</sub_title>
              <measurement_list>
                <measurement group_id="B1" value="0"/>
                <measurement group_id="B2" value="0"/>
                <measurement group_id="B3" value="0"/>
              </measurement_list>
            </category>
            <category>
              <sub_title>Black or African American</sub_title>
              <measurement_list>
                <measurement group_id="B1" value="1"/>
                <measurement group_id="B2" value="19"/>
                <measurement group_id="B3" value="20"/>
              </measurement_list>
            </category>
            <category>
              <sub_title>White</sub_title>
              <measurement_list>
                <measurement group_id="B1" value="79"/>
                <measurement group_id="B2" value="278"/>
                <measurement group_id="B3" value="357"/>
              </measurement_list>
            </category>
            <category>
              <sub_title>More than one race</sub_title>
              <measurement_list>
                <measurement group_id="B1" value="5"/>
                <measurement group_id="B2" value="45"/>
                <measurement group_id="B3" value="50"/>
              </measurement_list>
            </category>
            <category>
              <sub_title>Unknown or Not Reported</sub_title>
              <measurement_list>
                <measurement group_id="B1" value="0"/>
                <measurement group_id="B2" value="0"/>
                <measurement group_id="B3" value="0"/>
              </measurement_list>
            </category>
          </category_list>
        </measure>
        <measure>
          <title>Ethnicity (NIH/OMB)</title>
          <units>participants</units>
          <param>Number</param>
          <category_list>
            <category>
              <sub_title>Hispanic or Latino</sub_title>
              <measurement_list>
                <measurement group_id="B1" value="24"/>
                <measurement group_id="B2" value="99"/>
                <measurement group_id="B3" value="123"/>
              </measurement_list>
            </category>
            <category>
              <sub_title>Not Hispanic or Latino</sub_title>
              <measurement_list>
                <measurement group_id="B1" value="72"/>
                <measurement group_id="B2" value="261"/>
                <measurement group_id="B3" value="333"/>
              </measurement_list>
            </category>
            <category>
              <sub_title>Unknown or Not Reported</sub_title>
              <measurement_list>
                <measurement group_id="B1" value="0"/>
                <measurement group_id="B2" value="0"/>
                <measurement group_id="B3" value="0"/>
              </measurement_list>
            </category>
          </category_list>
        </measure>
        <measure>
          <title>Weight</title>
          <units>kilogram</units>
          <param>Median</param>
          <dispersion>Full Range</dispersion>
          <category_list>
            <category>
              <measurement_list>
                <measurement group_id="B1" value="71.8" lower_limit="42.0" upper_limit="132.9"/>
                <measurement group_id="B2" value="73.0" lower_limit="41.9" upper_limit="147.4"/>
                <measurement group_id="B3" value="73.0" lower_limit="41.9" upper_limit="147.4"/>
              </measurement_list>
            </category>
          </category_list>
        </measure>
        <measure>
          <title>Height</title>
          <units>centimeter</units>
          <param>Median</param>
          <dispersion>Full Range</dispersion>
          <category_list>
            <category>
              <measurement_list>
                <measurement group_id="B1" value="166.5" lower_limit="149.0" upper_limit="186.0"/>
                <measurement group_id="B2" value="167.6" lower_limit="140.0" upper_limit="197.0"/>
                <measurement group_id="B3" value="167.6" lower_limit="140.0" upper_limit="197.0"/>
              </measurement_list>
            </category>
          </category_list>
        </measure>
        <measure>
          <title>BMI</title>
          <units>kilogram per m^2</units>
          <param>Median</param>
          <dispersion>Full Range</dispersion>
          <category_list>
            <category>
              <measurement_list>
                <measurement group_id="B1" value="25.3" lower_limit="14.5" upper_limit="42.5"/>
                <measurement group_id="B2" value="25.5" lower_limit="17.3" upper_limit="53.9"/>
                <measurement group_id="B3" value="25.4" lower_limit="14.5" upper_limit="53.9"/>
              </measurement_list>
            </category>
          </category_list>
        </measure>
      </measure_list>
    </baseline>

    <outcome_list>
      <outcome>
        <type>Primary</type>
        <title>The Proportion of Subjects Who Achieved &quot;Seizure-free Status&quot; During the First 12 Weeks of the Maintenance Phase</title>
        <description>A subject will be considered seizure-free if the subject completes the first 12 weeks of the Maintenance Phase, reports zero seizures, and has no seizure data missing for any day during the period of time.
This study was intended to assess the efficacy outcomes in the First Add-On Group and the Later Add-On Group individually relative to historical data. Comparisons between the 2 groups should not be attempted and conclusions should not be drawn.</description>
        <time_frame>From Week 7 (end of Week 6) to end of Week 18</time_frame>
        <safety_issue>No</safety_issue>
        <population>The Analysis Population refers to the Completer Set (CS) which includes all subjects who were enrolled, received at least one dose of Lacosamide and completed the first 12 weeks of the Maintenance Phase.</population>
        <group_list>
          <group group_id="O1">
            <title>First Add-on</title>
            <description>Lacosamide added to first adequate monotherapy (no history of AED polytherapy) and epilepsy diagnosis &lt; or = 24 months at Screening.
Lacosamide: oral tablet
Subjects Titration Phase (6 Weeks): Week 1 - 50 mg tablet twice daily (bid); Week 2 - 100 mg tablet bid; Week 3 - 150 mg tablet bid; Week 4 - 200 mg tablet bid; Week 5 - 200 mg tablet bid; Week 6 - 150 mg tablet bid OR Week 6 - 200 mg tablet bid
Maintenance Phase (24 Weeks): 200 mg tablet bid OR 150 mg tablet bid
Taper Phase (1 - 3 Weeks): 50 mg tablet bid for 1 week OR 100 mg tablet bid for 1 week OR 150 mg tablet bid for 1 week</description>
          </group>
          <group group_id="O2">
            <title>Later Add-on</title>
            <description>Lacosamide added to 1 to 3 AEDs (with tentatives of at least 2 prior AED treatment regimens) and epilepsy diagnosis &gt; or = 5 years at Screening.
Lacosamide: oral tablet
Subjects Titration Phase (6 Weeks): Week 1 - 50 mg tablet twice daily (bid); Week 2 - 100 mg tablet bid; Week 3 - 150 mg tablet bid; Week 4 - 200 mg tablet bid; Week 5 - 200 mg tablet bid; Week 6 - 150 mg tablet bid OR Week 6 - 200 mg tablet bid
Maintenance Phase (24 Weeks): 200 mg tablet bid OR 150 mg tablet bid
Taper Phase (1 - 3 Weeks): 50 mg tablet bid for 1 week OR 100 mg tablet bid for 1 week OR 150 mg tablet bid for 1 week</description>
          </group>
        </group_list>
        <measure_list>
          <measure>
            <title>Number of Participants</title>
            <units>participants</units>
            <param>Number</param>
            <category_list>
              <category>
                <measurement_list>
                  <measurement group_id="O1" value="72"/>
                  <measurement group_id="O2" value="261"/>
                </measurement_list>
              </category>
            </category_list>
          </measure>
          <measure>
            <title>The Proportion of Subjects Who Achieved &quot;Seizure-free Status&quot; During the First 12 Weeks of the Maintenance Phase</title>
            <description>A subject will be considered seizure-free if the subject completes the first 12 weeks of the Maintenance Phase, reports zero seizures, and has no seizure data missing for any day during the period of time.
This study was intended to assess the efficacy outcomes in the First Add-On Group and the Later Add-On Group individually relative to historical data. Comparisons between the 2 groups should not be attempted and conclusions should not be drawn.</description>
            <units>percentage of subjects</units>
            <param>Number</param>
            <category_list>
              <category>
                <measurement_list>
                  <measurement group_id="O1" value="37.5"/>
                  <measurement group_id="O2" value="14.9"/>
                </measurement_list>
              </category>
            </category_list>
          </measure>
        </measure_list>
      </outcome>
    </outcome_list>

    <reported_events>
      <time_frame>Treatment Emergent Adverse Events were collected from Screening (Week -1) until the end of the study ( up to Week 33).</time_frame>
      <desc>Treatment Emergent Adverse Events started on/after the date of first dose and within 30 days of the date of last dose.</desc>
      <group_list>
        <group group_id="E1">
          <title>First Add-on</title>
          <description>Lacosamide added to first adequate monotherapy (no history of AED polytherapy) and epilepsy diagnosis &lt; or = 24 months at Screening.
Lacosamide: oral tablet
Subjects Titration Phase (6 Weeks):
Week 1 - 50 mg tablet Twice daily (bid); Week 2 - 100 mg tablet bid; Week 3 - 150 mg tablet bid; Week 4 - 200 mg tablet bid; Week 5 - 200 mg tablet bid; Week 6 - 150 mg tablet bid OR Week 6 - 200 mg tablet bid
Maintenance Phase (24 Weeks):
200 mg tablet bid OR 150 mg tablet bid
Taper Phase (1 - 3 Weeks):
50 mg tablet bid for 1 week OR 100 mg tablet bid for 1 week OR 150 mg tablet bid for 1 week</description>
        </group>
        <group group_id="E2">
          <title>Later Add-on</title>
          <description>Lacosamide added to 1 to 3 AEDs (with tentatives of at least 2 prior AED treatment regimens) and epilepsy diagnosis &gt; or = 5 years at Screening.
Lacosamide: oral tablet
Subjects Titration Phase (6 Weeks):
Week 1 - 50 mg tablet Twice daily (bid); Week 2 - 100 mg tablet bid; Week 3 - 150 mg tablet bid; Week 4 - 200 mg tablet bid; Week 5 - 200 mg tablet bid; Week 6 - 150 mg tablet bid OR Week 6 - 200 mg tablet bid
Maintenance Phase (24 Weeks):
200 mg tablet bid OR 150 mg tablet bid
Taper Phase (1 - 3 Weeks):
50 mg tablet bid for 1 week OR 100 mg tablet bid for 1 week OR 150 mg tablet bid for 1 week</description>
        </group>
      </group_list>
      <serious_events>
        <default_vocab>MedDRA 9.1</default_vocab>
        <default_assessment>Non-systematic Assessment</default_assessment>
        <category_list>
          <category>
            <title>Total</title>
            <event_list>
              <event>
                <sub_title>Total, serious adverse events</sub_title>
                <counts group_id="E1" subjects_affected="8" subjects_at_risk="96"/>
                <counts group_id="E2" subjects_affected="19" subjects_at_risk="360"/>
              </event>
            </event_list>
          </category>
          <category>
            <title>Blood and lymphatic system disorders</title>
            <event_list>
              <event>
                <sub_title>Agranulocytosis</sub_title>
                <counts group_id="E1" events="0" subjects_affected="0" subjects_at_risk="96"/>
                <counts group_id="E2" events="1" subjects_affected="1" subjects_at_risk="360"/>
              </event>
            </event_list>
          </category>
          <category>
            <title>Cardiac disorders</title>
            <event_list>
              <event>
                <sub_title>Angina pectoris</sub_title>
                <counts group_id="E1" events="1" subjects_affected="1" subjects_at_risk="96"/>
                <counts group_id="E2" events="0" subjects_affected="0" subjects_at_risk="360"/>
              </event>
            </event_list>
          </category>
          <category>
            <title>Eye disorders</title>
            <event_list>
              <event>
                <sub_title>Diplopia</sub_title>
                <counts group_id="E1" events="0" subjects_affected="0" subjects_at_risk="96"/>
                <counts group_id="E2" events="1" subjects_affected="1" subjects_at_risk="360"/>
              </event>
            </event_list>
          </category>
          <category>
            <title>General disorders</title>
            <event_list>
              <event>
                <sub_title>Pyrexia</sub_title>
                <counts group_id="E1" events="0" subjects_affected="0" subjects_at_risk="96"/>
                <counts group_id="E2" events="2" subjects_affected="2" subjects_at_risk="360"/>
              </event>
              <event>
                <sub_title>Chest discomfort</sub_title>
                <counts group_id="E1" events="0" subjects_affected="0" subjects_at_risk="96"/>
                <counts group_id="E2" events="1" subjects_affected="1" subjects_at_risk="360"/>
              </event>
            </event_list>
          </category>
          <category>
            <title>Infections and infestations</title>
            <event_list>
              <event>
                <sub_title>Pneumonia</sub_title>
                <counts group_id="E1" events="1" subjects_affected="1" subjects_at_risk="96"/>
                <counts group_id="E2" events="0" subjects_affected="0" subjects_at_risk="360"/>
              </event>
              <event>
                <sub_title>Tooth abscess</sub_title>
                <counts group_id="E1" events="0" subjects_affected="0" subjects_at_risk="96"/>
                <counts group_id="E2" events="1" subjects_affected="1" subjects_at_risk="360"/>
              </event>
              <event>
                <sub_title>Urinary tract infection</sub_title>
                <counts group_id="E1" events="1" subjects_affected="1" subjects_at_risk="96"/>
                <counts group_id="E2" events="0" subjects_affected="0" subjects_at_risk="360"/>
              </event>
            </event_list>
          </category>
          <category>
            <title>Injury, poisoning and procedural complications</title>
            <event_list>
              <event>
                <sub_title>Arthropod bite</sub_title>
                <counts group_id="E1" events="0" subjects_affected="0" subjects_at_risk="96"/>
                <counts group_id="E2" events="1" subjects_affected="1" subjects_at_risk="360"/>
              </event>
              <event>
                <sub_title>Femoral neck fracture</sub_title>
                <counts group_id="E1" events="1" subjects_affected="1" subjects_at_risk="96"/>
                <counts group_id="E2" events="0" subjects_affected="0" subjects_at_risk="360"/>
              </event>
              <event>
                <sub_title>Hip fracture</sub_title>
                <counts group_id="E1" events="1" subjects_affected="1" subjects_at_risk="96"/>
                <counts group_id="E2" events="0" subjects_affected="0" subjects_at_risk="360"/>
              </event>
              <event>
                <sub_title>Humerus fracture</sub_title>
                <counts group_id="E1" events="1" subjects_affected="1" subjects_at_risk="96"/>
                <counts group_id="E2" events="0" subjects_affected="0" subjects_at_risk="360"/>
              </event>
              <event>
                <sub_title>Joint dislocation</sub_title>
                <counts group_id="E1" events="0" subjects_affected="0" subjects_at_risk="96"/>
                <counts group_id="E2" events="1" subjects_affected="1" subjects_at_risk="360"/>
              </event>
              <event>
                <sub_title>Subdural haematoma</sub_title>
                <counts group_id="E1" events="1" subjects_affected="1" subjects_at_risk="96"/>
                <counts group_id="E2" events="0" subjects_affected="0" subjects_at_risk="360"/>
              </event>
            </event_list>
          </category>
          <category>
            <title>Investigations</title>
            <event_list>
              <event>
                <sub_title>Electrocardiogram ST segment elevation</sub_title>
                <counts group_id="E1" events="0" subjects_affected="0" subjects_at_risk="96"/>
                <counts group_id="E2" events="1" subjects_affected="1" subjects_at_risk="360"/>
              </event>
            </event_list>
          </category>
          <category>
            <title>Metabolism and nutrition disorders</title>
            <event_list>
              <event>
                <sub_title>Hypochloraemia</sub_title>
                <counts group_id="E1" events="0" subjects_affected="0" subjects_at_risk="96"/>
                <counts group_id="E2" events="1" subjects_affected="1" subjects_at_risk="360"/>
              </event>
              <event>
                <sub_title>Hyponatraemia</sub_title>
                <counts group_id="E1" events="0" subjects_affected="0" subjects_at_risk="96"/>
                <counts group_id="E2" events="1" subjects_affected="1" subjects_at_risk="360"/>
              </event>
            </event_list>
          </category>
          <category>
            <title>Nervous system disorders</title>
            <event_list>
              <event>
                <sub_title>Convulsion</sub_title>
                <counts group_id="E1" events="2" subjects_affected="2" subjects_at_risk="96"/>
                <counts group_id="E2" events="2" subjects_affected="2" subjects_at_risk="360"/>
              </event>
              <event>
                <sub_title>Dizziness</sub_title>
                <counts group_id="E1" events="0" subjects_affected="0" subjects_at_risk="96"/>
                <counts group_id="E2" events="2" subjects_affected="2" subjects_at_risk="360"/>
              </event>
              <event>
                <sub_title>Complex partial seizures</sub_title>
                <counts group_id="E1" events="0" subjects_affected="0" subjects_at_risk="96"/>
                <counts group_id="E2" events="1" subjects_affected="1" subjects_at_risk="360"/>
              </event>
              <event>
                <sub_title>Coordination abnormal</sub_title>
                <counts group_id="E1" events="0" subjects_affected="0" subjects_at_risk="96"/>
                <counts group_id="E2" events="1" subjects_affected="1" subjects_at_risk="360"/>
              </event>
              <event>
                <sub_title>Dysarthria</sub_title>
                <counts group_id="E1" events="0" subjects_affected="0" subjects_at_risk="96"/>
                <counts group_id="E2" events="1" subjects_affected="1" subjects_at_risk="360"/>
              </event>
              <event>
                <sub_title>Dyskinesia</sub_title>
                <counts group_id="E1" events="0" subjects_affected="0" subjects_at_risk="96"/>
                <counts group_id="E2" events="1" subjects_affected="1" subjects_at_risk="360"/>
              </event>
              <event>
                <sub_title>Epilepsy</sub_title>
                <counts group_id="E1" events="0" subjects_affected="0" subjects_at_risk="96"/>
                <counts group_id="E2" events="1" subjects_affected="1" subjects_at_risk="360"/>
              </event>
              <event>
                <sub_title>Grand mal convulsion</sub_title>
                <counts group_id="E1" events="0" subjects_affected="0" subjects_at_risk="96"/>
                <counts group_id="E2" events="1" subjects_affected="1" subjects_at_risk="360"/>
              </event>
              <event>
                <sub_title>Headache</sub_title>
                <counts group_id="E1" events="0" subjects_affected="0" subjects_at_risk="96"/>
                <counts group_id="E2" events="1" subjects_affected="1" subjects_at_risk="360"/>
              </event>
              <event>
                <sub_title>Lacunar infarction</sub_title>
                <counts group_id="E1" events="0" subjects_affected="0" subjects_at_risk="96"/>
                <counts group_id="E2" events="1" subjects_affected="1" subjects_at_risk="360"/>
              </event>
              <event>
                <sub_title>Partial seizures with secondary generalisation</sub_title>
                <counts group_id="E1" events="0" subjects_affected="0" subjects_at_risk="96"/>
                <counts group_id="E2" events="1" subjects_affected="1" subjects_at_risk="360"/>
              </event>
            </event_list>
          </category>
          <category>
            <title>Psychiatric disorders</title>
            <event_list>
              <event>
                <sub_title>Panic attack</sub_title>
                <counts group_id="E1" events="0" subjects_affected="0" subjects_at_risk="96"/>
                <counts group_id="E2" events="1" subjects_affected="1" subjects_at_risk="360"/>
              </event>
              <event>
                <sub_title>Suicide attempt</sub_title>
                <counts group_id="E1" events="1" subjects_affected="1" subjects_at_risk="96"/>
                <counts group_id="E2" events="0" subjects_affected="0" subjects_at_risk="360"/>
              </event>
            </event_list>
          </category>
          <category>
            <title>Surgical and medical procedures</title>
            <event_list>
              <event>
                <sub_title>Abortion induced</sub_title>
                <counts group_id="E1" events="1" subjects_affected="1" subjects_at_risk="96"/>
                <counts group_id="E2" events="1" subjects_affected="1" subjects_at_risk="360"/>
              </event>
            </event_list>
          </category>
        </category_list>
      </serious_events>
      <other_events>
        <frequency_threshold>5</frequency_threshold>
        <default_vocab>MedDRA 9.1</default_vocab>
        <default_assessment>Non-systematic Assessment</default_assessment>
        <category_list>
          <category>
            <title>Total</title>
            <event_list>
              <event>
                <sub_title>Total, other adverse events</sub_title>
                <counts group_id="E1" subjects_affected="53" subjects_at_risk="96"/>
                <counts group_id="E2" subjects_affected="212" subjects_at_risk="360"/>
              </event>
            </event_list>
          </category>
          <category>
            <title>Ear and labyrinth disorders</title>
            <event_list>
              <event>
                <sub_title>Vertigo</sub_title>
                <counts group_id="E1" events="11" subjects_affected="9" subjects_at_risk="96"/>
                <counts group_id="E2" events="22" subjects_affected="22" subjects_at_risk="360"/>
              </event>
            </event_list>
          </category>
          <category>
            <title>Eye disorders</title>
            <event_list>
              <event>
                <sub_title>Vision blurred</sub_title>
                <counts group_id="E1" events="3" subjects_affected="2" subjects_at_risk="96"/>
                <counts group_id="E2" events="28" subjects_affected="24" subjects_at_risk="360"/>
              </event>
              <event>
                <sub_title>Diplopia</sub_title>
                <counts group_id="E1" events="7" subjects_affected="7" subjects_at_risk="96"/>
                <counts group_id="E2" events="17" subjects_affected="17" subjects_at_risk="360"/>
              </event>
            </event_list>
          </category>
          <category>
            <title>Gastrointestinal disorders</title>
            <event_list>
              <event>
                <sub_title>Nausea</sub_title>
                <counts group_id="E1" events="8" subjects_affected="8" subjects_at_risk="96"/>
                <counts group_id="E2" events="27" subjects_affected="24" subjects_at_risk="360"/>
              </event>
            </event_list>
          </category>
          <category>
            <title>Infections and infestations</title>
            <event_list>
              <event>
                <sub_title>Influenza</sub_title>
                <counts group_id="E1" events="5" subjects_affected="5" subjects_at_risk="96"/>
                <counts group_id="E2" events="4" subjects_affected="4" subjects_at_risk="360"/>
              </event>
            </event_list>
          </category>
          <category>
            <title>Nervous system disorders</title>
            <event_list>
              <event>
                <sub_title>Dizziness</sub_title>
                <counts group_id="E1" events="37" subjects_affected="30" subjects_at_risk="96"/>
                <counts group_id="E2" events="159" subjects_affected="119" subjects_at_risk="360"/>
              </event>
              <event>
                <sub_title>Somnolence</sub_title>
                <counts group_id="E1" events="8" subjects_affected="6" subjects_at_risk="96"/>
                <counts group_id="E2" events="65" subjects_affected="54" subjects_at_risk="360"/>
              </event>
              <event>
                <sub_title>Headache</sub_title>
                <counts group_id="E1" events="19" subjects_affected="13" subjects_at_risk="96"/>
                <counts group_id="E2" events="57" subjects_affected="41" subjects_at_risk="360"/>
              </event>
              <event>
                <sub_title>Tremor</sub_title>
                <counts group_id="E1" events="3" subjects_affected="3" subjects_at_risk="96"/>
                <counts group_id="E2" events="23" subjects_affected="22" subjects_at_risk="360"/>
              </event>
            </event_list>
          </category>
          <category>
            <title>Psychiatric disorders</title>
            <event_list>
              <event>
                <sub_title>Anxiety</sub_title>
                <counts group_id="E1" events="6" subjects_affected="6" subjects_at_risk="96"/>
                <counts group_id="E2" events="4" subjects_affected="4" subjects_at_risk="360"/>
              </event>
            </event_list>
          </category>
        </category_list>
      </other_events>
    </reported_events>

    <certain_agreements>
      <pi_employee>Principal Investigators are NOT employed by the organization sponsoring the study.</pi_employee>
      <restrictive_agreement>The only disclosure restriction on the PI is that the sponsor can review results communications prior to public release and can embargo communications regarding trial results for a period that is more than 60 days but less than or equal to 180 days. The sponsor cannot require changes to the communication and cannot extend the embargo.</restrictive_agreement>
    </certain_agreements>
    <limitations_and_caveats>This study was intended to assess the efficacy outcomes in the First Add-On Group and the Later Add-On Group individually relative to historical data. Comparisons between the 2 groups should not be attempted and conclusions should not be drawn.</limitations_and_caveats>
    <point_of_contact>
      <name_or_title>UCB Clinical Trial Call Center</name_or_title>
      <organization>UCB</organization>
      <phone>+1 877 822 9493</phone>
    </point_of_contact>
  </clinical_results>
</clinical_study>
