<?xml version="1.0" encoding="UTF-8"?>
<clinical_study rank="165">
  <!-- This xml conforms to an XML Schema at:
    https://clinicaltrials.gov/ct2/html/images/info/public.xsd
 and an XML DTD at:
    https://clinicaltrials.gov/ct2/html/images/info/public.dtd -->
  <required_header>
    <download_date>ClinicalTrials.gov processed this data on December 01, 2015</download_date>
    <link_text>Link to the current ClinicalTrials.gov record.</link_text>
    <url>https://clinicaltrials.gov/show/NCT00740623</url>
  </required_header>
  <id_info>
    <org_study_id>CR015463</org_study_id>
    <secondary_id>CARISEPY3013</secondary_id>
    <nct_id>NCT00740623</nct_id>
  </id_info>
  <brief_title>A Study of the Effectiveness, Safety, and Tolerability of Carisbamate as Add-On Therapy in Patients With Partial Onset Seizures.</brief_title>
  <official_title>A Randomized, Double-Blind, Placebo-Controlled, Parallel-Group, Multicenter Study to Evaluate the Efficacy, Safety, and Tolerability of Carisbamate as Adjunctive Therapy in Subjects With Partial Onset Seizures.</official_title>
  <sponsors>
    <lead_sponsor>
      <agency>SK Life Science</agency>
      <agency_class>Industry</agency_class>
    </lead_sponsor>
  </sponsors>
  <source>SK Life Science</source>
  <oversight_info>
    <authority>United States: Food and Drug Administration</authority>
  </oversight_info>
  <brief_summary>
    <textblock>
      The purpose of this study is to evaluate the effectiveness, safety, and tolerability of
      carisbamate as add-on therapy for the treatment of partial onset seizures in patients with
      epilepsy.
    </textblock>
  </brief_summary>
  <detailed_description>
    <textblock>
      According to the World Health Organization (WHO), epilepsy afflicts more than 50 million
      people worldwide. Older antiepileptic drugs are still commonly used, despite a diverse range
      of side effects. New AEDs approved since the early 1990s have shown an improved tolerability
      profile. Nonetheless, approximately 30% of patients, particularly those with partial onset
      seizures, are not well controlled even on the newer treatments or they experience
      significant side effects secondary to treatment. Therefore, the development of new drugs
      with effectiveness or safety and tolerability advantages over currently marketed
      antiepileptic drugs is needed. This is a randomized (study medication assigned by chance),
      double-blind (neither the physician nor the patient knows the name of the assigned study
      medication), placebo-controlled, parallel-group, multicenter study. The study has 3 phases:
      an 8-week pretreatment phase including screening and a baseline period, a 14-week double
      blind treatment phase, including a 2-week titration period and a 12-week maintenance period,
      and a 4 week posttreatment phase. During the 56-day baseline period, patients will be
      required to have at least 6 partial onset seizures, no more than &gt;= 100 partial onset
      seizures per 28 days, and no seizure-free period for more than 3 weeks to be eligible to
      enter the double-blind treatment phase of the study. During the double-blind treatment phase
      of study CARISEPY3013, patients will be randomly assigned to receive 800 mg/day carisbamate,
      1,200 mg/day carisbamate, or placebo for 14 weeks. The total duration of study CARISEPY3013
      is approximately 26 weeks for each subject. Patients who complete the double-blind treatment
      phase will be eligible to enter the separate extension study CARISEPY3014. Safety
      assessments include the monitoring of the frequency, severity, and timing of adverse events,
      clinical laboratory test results, 12-lead electrocardiogram (ECG) recordings, vital signs
      measurements, physical and neurologic examinations, the Physician Withdrawal Checklist for
      symptoms of withdrawal for those patients who taper and/or discontinue study drug, and
      pregnancy tests for females of childbearing potential. Assessments of effectiveness include
      seizure counts at every visit and the Quality of Life in Epilepsy-31 Patient Inventory
      questionnaire. A Medical Resource utilization questionnaire will be used to obtain
      cost-effectiveness information on carisbamate. The study hypothesis is that carisbamate is
      superior to placebo as add-on therapy (i.e., in addition to the current antiepileptic drugs
      that patients are taking) for the treatment of partial onset seizures in patients with
      epilepsy. Carisbamate 800 mg/day, 1,200 mg/day, or placebo taken twice daily in 2 equally
      divided doses, with or without food, and taken with noncarbonated water. A double-dummy
      design will be used so that all patients will take the same number of active drug and
      placebo tablets each day during the 14 weeks of the double blind treatment phase. Patients
      will continue to take a stable dosage or dosages of up to 3 antiepileptic drugs that they
      are already taking for their seizures during the entire study.
    </textblock>
  </detailed_description>
  <overall_status>Completed</overall_status>
  <start_date>January 2009</start_date>
  <completion_date type="Actual">April 2010</completion_date>
  <primary_completion_date type="Actual">October 2009</primary_completion_date>
  <phase>Phase 3</phase>
  <study_type>Interventional</study_type>
  <study_design>Allocation: Randomized, Endpoint Classification: Safety/Efficacy Study, Intervention Model: Parallel Assignment, Masking: Double Blind (Subject, Caregiver, Investigator, Outcomes Assessor), Primary Purpose: Treatment</study_design>
  <primary_outcome>
    <measure>Primary efficacy endpoints are percent reduction in partial onset seizure frequency in the US and the rest of the world (excluding Europe, Australia, New Zealand, S Africa), and responder rate for Europe, Australia, New Zealand, S Africa</measure>
    <time_frame>from baseline relative to the entire double-blind treatment phase (14 weeks)</time_frame>
    <safety_issue>No</safety_issue>
  </primary_outcome>
  <secondary_outcome>
    <measure>Secondary endpoints are percent reduction in partial onset seizure frequency for EuropeAustraliaNew Zealand S Africa, percent reduction in secondarily generalized seizure and time to onset of treatment effect on partial onset seizure frequency reduction</measure>
    <time_frame>from baseline relative to the entire double-blind treatment phase (14 weeks)</time_frame>
    <safety_issue>No</safety_issue>
  </secondary_outcome>
  <number_of_arms>3</number_of_arms>
  <enrollment type="Actual">547</enrollment>
  <condition>Epilepsy, Partial, Motor</condition>
  <condition>Epilepsy, Complex Partial</condition>
  <condition>Epilepsy, Simple Partial</condition>
  <condition>Focal Motor Epilepsy</condition>
  <arm_group>
    <arm_group_label>001</arm_group_label>
    <arm_group_type>Experimental</arm_group_type>
    <description>Carisbamate 800 mg/day for 14 weeks</description>
  </arm_group>
  <arm_group>
    <arm_group_label>002</arm_group_label>
    <arm_group_type>Experimental</arm_group_type>
    <description>Carisbamate 1,200 mg/day for 14 weeks</description>
  </arm_group>
  <arm_group>
    <arm_group_label>003</arm_group_label>
    <arm_group_type>Placebo Comparator</arm_group_type>
    <description>placebo for 14 weeks</description>
  </arm_group>
  <intervention>
    <intervention_type>Drug</intervention_type>
    <intervention_name>Carisbamate</intervention_name>
    <description>800 mg/day for 14 weeks</description>
    <arm_group_label>001</arm_group_label>
  </intervention>
  <intervention>
    <intervention_type>Drug</intervention_type>
    <intervention_name>placebo</intervention_name>
    <description>placebo for 14 weeks</description>
    <arm_group_label>003</arm_group_label>
  </intervention>
  <intervention>
    <intervention_type>Drug</intervention_type>
    <intervention_name>Carisbamate</intervention_name>
    <description>1,200 mg/day for 14 weeks</description>
    <arm_group_label>002</arm_group_label>
  </intervention>
  <eligibility>
    <criteria>
      <textblock>
        Inclusion Criteria:

          -  Diagnosis of partial onset seizures

          -  had a neuroimaging procedure (computed tomography [CT] or magnetic resonance imaging
             [MRI] within the past 5 years that excluded a progressive neurologic disorder

          -  History of inadequate response to at least 1 antiepileptic drug

          -  Current treatment with at least 1 and up to 3 antiepileptic drugs. To be eligible for
             the double-blind treatment phase of study CARISEPY3013, patients must: have at least
             6 partial onset seizures during the 56-day baseline period

          -  Have not had &gt; = 100 partial onset seizures per 28 days in the baseline period

          -  And no seizure-free period of more than 3 weeks during the baseline period.

        Exclusion Criteria:

          -  History of status epilepticus or epilepsia partialis continua in the 6 months before
             study entry

          -  Have a generalized epileptic syndrome

          -  have a diagnosis of Lennox-Gastaut Syndrome

          -  Currently experiencing seizures that cannot be counted accurately

          -  have experienced rates of &gt; = 100 partial onset seizures in any monthly period in the
             6 months before study entry

          -  Have a history of any current or past nonepileptic seizures, including psychogenic
             seizures

          -  History of or current serious or medically unstable systemic disease

          -  evidence of cardiac disease, including unstable angina, myocardial infarction, within
             the past 2 years, uncontrolled heart failure, major arrhythmias, congenital short QT
             syndrome, or significant shortening or lengthening of the QTc interval of the
             electrocardiogram

          -  progressive neurologic disorder, such as a brain tumor, demyelinating disease, and
             degenerative CNS disease, or active CNS infection

          -  current or past (within the past year) major psychotic disorder

          -  History of suicidal or homicidal ideation within the past 2 years, or an episode of
             suicide attempt or homicide at any time in the past.
      </textblock>
    </criteria>
    <gender>Both</gender>
    <minimum_age>16 Years</minimum_age>
    <maximum_age>N/A</maximum_age>
    <healthy_volunteers>No</healthy_volunteers>
  </eligibility>
  <overall_official>
    <last_name>Johnson &amp; Johnson Pharmaceutical Research &amp; Development, L.L. C. Clinical Trial</last_name>
    <role>Study Director</role>
    <affiliation>Johnson &amp; Johnson Pharmaceutical Research &amp; Development, L.L.C.</affiliation>
  </overall_official>
  <removed_countries>
    <country>Argentina</country>
    <country>Australia</country>
    <country>Belgium</country>
    <country>Croatia</country>
    <country>Finland</country>
    <country>Germany</country>
    <country>Hong Kong</country>
    <country>India</country>
    <country>Korea, Republic of</country>
    <country>Lithuania</country>
    <country>Mexico</country>
    <country>Netherlands</country>
    <country>Russian Federation</country>
    <country>Serbia</country>
    <country>Singapore</country>
    <country>Spain</country>
    <country>Sweden</country>
    <country>Taiwan</country>
    <country>Thailand</country>
    <country>Ukraine</country>
    <country>United States</country>
  </removed_countries>
  <verification_date>January 2013</verification_date>
  <lastchanged_date>January 15, 2013</lastchanged_date>
  <firstreceived_date>August 21, 2008</firstreceived_date>
  <responsible_party>
    <responsible_party_type>Sponsor</responsible_party_type>
  </responsible_party>
  <keyword>Partial Onset Seizures</keyword>
  <keyword>Simple Partial Seizures</keyword>
  <keyword>Complex Partial Seizures</keyword>
  <is_fda_regulated>Yes</is_fda_regulated>
  <is_section_801>Yes</is_section_801>
  <has_expanded_access>No</has_expanded_access>
  <condition_browse>
    <!-- CAUTION:  The following MeSH terms are assigned with an imperfect algorithm  -->
    <mesh_term>Epilepsies, Partial</mesh_term>
    <mesh_term>Epilepsy</mesh_term>
    <mesh_term>Epilepsy, Complex Partial</mesh_term>
    <mesh_term>Epilepsy, Partial, Motor</mesh_term>
  </condition_browse>
  <!-- Results have not yet been posted for this study                                -->
</clinical_study>
