<?xml version="1.0" encoding="UTF-8"?>
<clinical_study rank="481">
  <!-- This xml conforms to an XML Schema at:
    https://clinicaltrials.gov/ct2/html/images/info/public.xsd
 and an XML DTD at:
    https://clinicaltrials.gov/ct2/html/images/info/public.dtd -->
  <required_header>
    <download_date>ClinicalTrials.gov processed this data on December 01, 2015</download_date>
    <link_text>Link to the current ClinicalTrials.gov record.</link_text>
    <url>https://clinicaltrials.gov/show/NCT00219479</url>
  </required_header>
  <id_info>
    <org_study_id>IRB #96-264</org_study_id>
    <nct_id>NCT00219479</nct_id>
  </id_info>
  <brief_title>Dilantin Levels With Continuous Delivery of Enteral Feedings - A Pilot Study</brief_title>
  <official_title>Dilantin Levels With Continuous Delivery of Enteral Feedings - A Pilot Study</official_title>
  <sponsors>
    <lead_sponsor>
      <agency>Penn State University</agency>
      <agency_class>Other</agency_class>
    </lead_sponsor>
  </sponsors>
  <source>Penn State University</source>
  <oversight_info>
    <authority>United States: Institutional Review Board</authority>
    <has_dmc>No</has_dmc>
  </oversight_info>
  <brief_summary>
    <textblock>
      It is unclear how enteral nutrition via a feeding tube should be given when a patient is
      receiving enteral Dilantin. Some caregivers hold the feedings for one hour before and one
      hour after the Dilantin dose to insure adequate absorption of the medication and some
      caregivers think that the feedings do not need to be interrupted.

      Hypothesis: Dilantin levels will remain therapeutic when enteral nutrition is given
      continuously during the administration of enteral Dilantin.

      The objective of this study is to determine Dilantin levels when enteral feedings are given
      by the continuous method. Thirty patients will be studied. When Dilantin levels are in the
      therapeutic range for 2 consecutive days on interrupted feedings (baseline), the patient
      will be switched to continuous feedings uninterrupted for the medication, for 7 days.
      Dilantin levels will be checked daily and if the levels become subtherapeutic an intravenous
      (IV) bolus of Dilantin will be given and the enteral dose will be increased (doses
      determined by primary caregiver). Serum albumin will be measured at baseline and at the
      beginning and end of each week, in order to calculate free Dilantin.
    </textblock>
  </brief_summary>
  <detailed_description>
    <textblock>
      Rationale: It is unclear how enteral nutrition via feeding tube should be given when a
      patient is receiving enteral Dilantin. Some caregivers hold the feedings for one hour before
      and one hour after the Dilantin dose to insure adequate absorption of the medication and
      some caregivers think that the feedings do not need to be interrupted. Both methods are used
      in this institution, although the interrupted method is recommended by the Clinical
      Nutrition Service. Interrupting the feedings has the obvious disadvantage that the patient
      receives less hours of feeding and requires more nursing intervention.

      Key Objectives: To determine the change in Dilantin levels when enteral feedings are given
      by the continuous method.

      Study Population: 30 patients already on Dilantin for seizure prophylaxis who are already
      receiving enteral nutrition by the interrupted method and have stable, therapeutic Dilantin
      levels.

      Major Inclusion Criteria:

        1. on Dilantin for seizure prophylaxis (dose determined by primary caregiver) with
           therapeutic Dilantin levels

        2. receiving enteral nutrition by the interrupted method at goal feeding rate;

        3. age &gt;18

        4. feeding tube in proper position, no restriction as to type of feeding tube
           (nasogastric, nasoduodenal, gastrostomy, jejunostomy), but both Dilantin and enteral
           feeding must be given through the same tube.

      Major Exclusion Criteria:

        1. history of seizures

        2. albumin infusions necessary during study period

        3. anticipation that feedings will need to be held for more than 4 hours at a time

        4. Patients that do not maintain stable Dilantin levels (&lt; 25% variability) with the
           interrupted method of feeding; 5) inability to obtain consent from patient or
           spokesperson.

      Allocation to Groups: all patients will be switched from baseline method of feeding
      (interrupted) to continuous feeding.

      Procedures: When Dilantin levels are in the therapeutic range for 2 consecutive days on
      interrupted feedings (baseline), the patient will be switched to continuous feedings
      uninterrupted for the medication, for 7 days. Dilantin levels will be checked daily and if
      the levels become subtherapeutic an IV bolus of Dilantin will be given and the enteral dose
      will be increased (doses determined by primary caregiver). Serum albumin will be measured at
      baseline and at the beginning and end of each week, in order to calculate free Dilantin.

      Risks and Discomforts:

        1. subtherapeutic Dilantin levels, but these will be closely followed;

        2. seizures, patient will be discontinued if this occurs;

        3. venipuncture for 10 Dilantin levels and 3 serum albumin determinations (minimum blood
           for each test is 0.4 cc).

      Confidentiality: Subjects will be identified only by initials and study number.
    </textblock>
  </detailed_description>
  <overall_status>Terminated</overall_status>
  <why_stopped>
    Difficulty recruiting subjects
  </why_stopped>
  <start_date>August 1997</start_date>
  <completion_date type="Actual">December 2007</completion_date>
  <primary_completion_date type="Actual">December 2007</primary_completion_date>
  <phase>Phase 4</phase>
  <study_type>Interventional</study_type>
  <study_design>Allocation: Non-Randomized, Endpoint Classification: Bio-availability Study, Intervention Model: Single Group Assignment, Masking: Open Label, Primary Purpose: Treatment</study_design>
  <primary_outcome>
    <measure>Dilantin levels</measure>
  </primary_outcome>
  <number_of_arms>1</number_of_arms>
  <enrollment type="Actual">3</enrollment>
  <condition>Seizures</condition>
  <intervention>
    <intervention_type>Drug</intervention_type>
    <intervention_name>Phenytoin (Dilantin) levels during change in enteral feeding</intervention_name>
  </intervention>
  <eligibility>
    <criteria>
      <textblock>
        Inclusion Criteria:

          1. On Dilantin for seizure prophylaxis (dose determined by primary caregiver) with
             therapeutic Dilantin levels

          2. Receiving enteral nutrition by the interrupted method at goal feeding rate

          3. Age &gt;18

          4. Feeding tube in proper position, no restriction as to type of feeding tube
             (nasogastric, nasoduodenal, gastrostomy, jejunostomy), but both Dilantin and enteral
             feeding must be given through the same tube

        Exclusion Criteria:

          1. History of seizures

          2. Albumin infusions necessary during study period

          3. Anticipation that feedings will need to be held for more than 4 hours at a time

          4. Patients that do not maintain stable Dilantin levels (&lt; 25% variability) with the
             interrupted method of feeding

          5. Inability to obtain consent from patient or spokesperson
      </textblock>
    </criteria>
    <gender>Both</gender>
    <minimum_age>18 Years</minimum_age>
    <maximum_age>N/A</maximum_age>
    <healthy_volunteers>No</healthy_volunteers>
  </eligibility>
  <overall_official>
    <last_name>Sandralee A Blosser, MD</last_name>
    <role>Principal Investigator</role>
    <affiliation>Penn State University</affiliation>
  </overall_official>
  <removed_countries>
    <country>United States</country>
  </removed_countries>
  <verification_date>June 2008</verification_date>
  <lastchanged_date>June 13, 2008</lastchanged_date>
  <firstreceived_date>September 15, 2005</firstreceived_date>
  <responsible_party>
    <name_title>Sandralee Blosser, MD</name_title>
    <organization>Penn State Hershey</organization>
  </responsible_party>
  <keyword>seizure prophylaxis</keyword>
  <keyword>enteral nutrition</keyword>
  <is_fda_regulated>No</is_fda_regulated>
  <has_expanded_access>No</has_expanded_access>
  <intervention_browse>
    <!-- CAUTION:  The following MeSH terms are assigned with an imperfect algorithm  -->
    <mesh_term>Phenytoin</mesh_term>
  </intervention_browse>
  <!-- Results have not yet been posted for this study                                -->
</clinical_study>
