<?xml version="1.0" encoding="UTF-8"?>
<clinical_study rank="460">
  <!-- This xml conforms to an XML Schema at:
    https://clinicaltrials.gov/ct2/html/images/info/public.xsd
 and an XML DTD at:
    https://clinicaltrials.gov/ct2/html/images/info/public.dtd -->
  <required_header>
    <download_date>ClinicalTrials.gov processed this data on December 01, 2015</download_date>
    <link_text>Link to the current ClinicalTrials.gov record.</link_text>
    <url>https://clinicaltrials.gov/show/NCT01673282</url>
  </required_header>
  <id_info>
    <org_study_id>SP1065</org_study_id>
    <nct_id>NCT01673282</nct_id>
  </id_info>
  <brief_title>Study Evaluating Changes in Total Drug Load and Seizure Frequency Using Vimpat® (Lacosamide) in Combination Therapy</brief_title>
  <acronym>VICTOS</acronym>
  <official_title>A Non-interventional, Observational Study Evaluating Changes in Drug Load and Seizure Frequency Using Vimpat (Lacosamide) in Daily Clinical Practice in Combination Therapy With Sodium Channel Blocking Anti-epileptic Drugs (AEDs) or Non Sodium Channel Blocking AEDs</official_title>
  <sponsors>
    <lead_sponsor>
      <agency>UCB Pharma GmbH</agency>
      <agency_class>Industry</agency_class>
    </lead_sponsor>
  </sponsors>
  <source>UCB Pharma</source>
  <oversight_info>
    <authority>Germany: Federal Institute for Drugs and Medical Devices</authority>
    <authority>Austria: Agency for Health and Food Safety</authority>
    <has_dmc>No</has_dmc>
  </oversight_info>
  <brief_summary>
    <textblock>
      This observational study aims to investigate how VIMPAT® is used as adjunctive therapy in
      clinical practice and will also evaluate the subsequent change in the drug load of patients
      after addition of VIMPAT® to their treatment regimen.
    </textblock>
  </brief_summary>
  <overall_status>Completed</overall_status>
  <start_date>July 2012</start_date>
  <completion_date type="Actual">July 2015</completion_date>
  <primary_completion_date type="Actual">July 2015</primary_completion_date>
  <phase>N/A</phase>
  <study_type>Observational</study_type>
  <study_design>Observational Model: Cohort, Time Perspective: Prospective</study_design>
  <primary_outcome>
    <measure>The percent change in ratio of dose and Defined Daily Dose (DDD) for the drug load of concomitant Anti-Epileptic Drugs (AEDs) from Baseline to the end of Observation Period (Day 0 to 6 months)</measure>
    <time_frame>From Baseline (Day 0) to 6 months</time_frame>
    <safety_issue>No</safety_issue>
    <description>Drug load is defined as the sum of the ratios of the actual doses divided by the defined daily dose for all concomitant AEDs.</description>
  </primary_outcome>
  <number_of_groups>2</number_of_groups>
  <enrollment type="Actual">315</enrollment>
  <condition>Focal Epilepsy With and Without Secondary Generalization</condition>
  <arm_group>
    <arm_group_label>LCM and concomitant sodium channel blocking AEDs</arm_group_label>
    <description>Patients prescribed adjunctive lacosamide (LCM) added to one or more baseline Anti-Epileptic Drugs (AEDs) to include at least 1 sodium channel blocking AED.</description>
  </arm_group>
  <arm_group>
    <arm_group_label>LCM and concomitant non sodium channel blocking AEDs</arm_group_label>
    <description>Patients prescribed adjunctive lacosamide (LCM) added to one or more baseline Anti-Epileptic Drugs (AEDs), none of which is a sodium channel blocking AED.</description>
  </arm_group>
  <eligibility>
    <study_pop>
      <textblock>
        Adult patients with focal epilepsy with or without secondary generalization.
      </textblock>
    </study_pop>
    <sampling_method>Non-Probability Sample</sampling_method>
    <criteria>
      <textblock>
        Inclusion Criteria:

          -  The patient has not received Vimpat® more than 7 days prior to start of
             Non-Interventional Study (NIS)

          -  The patient must have a diagnosis of epilepsy with partial-onset seizures with or
             without secondary generalization

          -  Based on the physician's clinical judgment, it is in the patient's best interest to
             be prescribed adjunctive Vimpat® (ie, the decision to prescribe Vimpat® is made by
             the physician)

          -  Patient must be at least 18 years of age

          -  The patient must have had at least one seizure within the last 3 months prior to
             enrolment
      </textblock>
    </criteria>
    <gender>Both</gender>
    <minimum_age>18 Years</minimum_age>
    <maximum_age>N/A</maximum_age>
    <healthy_volunteers>No</healthy_volunteers>
  </eligibility>
  <overall_official>
    <last_name>UCB Clinical Trial Call Center</last_name>
    <role>Study Director</role>
    <affiliation>UCB Pharma</affiliation>
  </overall_official>
  <location>
    <facility>
      <name>60</name>
      <address>
        <city>Innsbruck</city>
        <country>Austria</country>
      </address>
    </facility>
  </location>
  <location>
    <facility>
      <name>61</name>
      <address>
        <city>Mauer bei Amstetten</city>
        <country>Austria</country>
      </address>
    </facility>
  </location>
  <location>
    <facility>
      <name>63</name>
      <address>
        <city>Ried</city>
        <country>Austria</country>
      </address>
    </facility>
  </location>
  <location>
    <facility>
      <name>18</name>
      <address>
        <city>Berlin</city>
        <country>Germany</country>
      </address>
    </facility>
  </location>
  <location>
    <facility>
      <name>34</name>
      <address>
        <city>Berlin</city>
        <country>Germany</country>
      </address>
    </facility>
  </location>
  <location>
    <facility>
      <name>43</name>
      <address>
        <city>Berlin</city>
        <country>Germany</country>
      </address>
    </facility>
  </location>
  <location>
    <facility>
      <name>66</name>
      <address>
        <city>Berlin</city>
        <country>Germany</country>
      </address>
    </facility>
  </location>
  <location>
    <facility>
      <name>23</name>
      <address>
        <city>Bonn</city>
        <country>Germany</country>
      </address>
    </facility>
  </location>
  <location>
    <facility>
      <name>25</name>
      <address>
        <city>Dortmund</city>
        <country>Germany</country>
      </address>
    </facility>
  </location>
  <location>
    <facility>
      <name>35</name>
      <address>
        <city>Duesseldorf</city>
        <country>Germany</country>
      </address>
    </facility>
  </location>
  <location>
    <facility>
      <name>48</name>
      <address>
        <city>Erbach</city>
        <country>Germany</country>
      </address>
    </facility>
  </location>
  <location>
    <facility>
      <name>59</name>
      <address>
        <city>Erlangen</city>
        <country>Germany</country>
      </address>
    </facility>
  </location>
  <location>
    <facility>
      <name>30</name>
      <address>
        <city>Essen</city>
        <country>Germany</country>
      </address>
    </facility>
  </location>
  <location>
    <facility>
      <name>47</name>
      <address>
        <city>Giessen</city>
        <country>Germany</country>
      </address>
    </facility>
  </location>
  <location>
    <facility>
      <name>29</name>
      <address>
        <city>Goettingen</city>
        <country>Germany</country>
      </address>
    </facility>
  </location>
  <location>
    <facility>
      <name>37</name>
      <address>
        <city>Goettingen</city>
        <country>Germany</country>
      </address>
    </facility>
  </location>
  <location>
    <facility>
      <name>05</name>
      <address>
        <city>Haag</city>
        <country>Germany</country>
      </address>
    </facility>
  </location>
  <location>
    <facility>
      <name>12</name>
      <address>
        <city>Halle</city>
        <country>Germany</country>
      </address>
    </facility>
  </location>
  <location>
    <facility>
      <name>19</name>
      <address>
        <city>Halle</city>
        <country>Germany</country>
      </address>
    </facility>
  </location>
  <location>
    <facility>
      <name>39</name>
      <address>
        <city>Heidenheim</city>
        <country>Germany</country>
      </address>
    </facility>
  </location>
  <location>
    <facility>
      <name>54</name>
      <address>
        <city>Ibbenbueren</city>
        <country>Germany</country>
      </address>
    </facility>
  </location>
  <location>
    <facility>
      <name>27</name>
      <address>
        <city>Jena</city>
        <country>Germany</country>
      </address>
    </facility>
  </location>
  <location>
    <facility>
      <name>04</name>
      <address>
        <city>Jülich</city>
        <country>Germany</country>
      </address>
    </facility>
  </location>
  <location>
    <facility>
      <name>13</name>
      <address>
        <city>Kehl-Kork</city>
        <country>Germany</country>
      </address>
    </facility>
  </location>
  <location>
    <facility>
      <name>36</name>
      <address>
        <city>Kiel</city>
        <country>Germany</country>
      </address>
    </facility>
  </location>
  <location>
    <facility>
      <name>28</name>
      <address>
        <city>Koeln</city>
        <country>Germany</country>
      </address>
    </facility>
  </location>
  <location>
    <facility>
      <name>40</name>
      <address>
        <city>Koeln</city>
        <country>Germany</country>
      </address>
    </facility>
  </location>
  <location>
    <facility>
      <name>38</name>
      <address>
        <city>Leipzig</city>
        <country>Germany</country>
      </address>
    </facility>
  </location>
  <location>
    <facility>
      <name>52</name>
      <address>
        <city>Magdeburg</city>
        <country>Germany</country>
      </address>
    </facility>
  </location>
  <location>
    <facility>
      <name>67</name>
      <address>
        <city>Mainz</city>
        <country>Germany</country>
      </address>
    </facility>
  </location>
  <location>
    <facility>
      <name>49</name>
      <address>
        <city>Mittweida</city>
        <country>Germany</country>
      </address>
    </facility>
  </location>
  <location>
    <facility>
      <name>01</name>
      <address>
        <city>München</city>
        <country>Germany</country>
      </address>
    </facility>
  </location>
  <location>
    <facility>
      <name>08</name>
      <address>
        <city>Oranienburg</city>
        <country>Germany</country>
      </address>
    </facility>
  </location>
  <location>
    <facility>
      <name>17</name>
      <address>
        <city>Osnabrück</city>
        <country>Germany</country>
      </address>
    </facility>
  </location>
  <location>
    <facility>
      <name>14</name>
      <address>
        <city>Radeberg</city>
        <country>Germany</country>
      </address>
    </facility>
  </location>
  <location>
    <facility>
      <name>15</name>
      <address>
        <city>Rüsselsheim</city>
        <country>Germany</country>
      </address>
    </facility>
  </location>
  <location>
    <facility>
      <name>16</name>
      <address>
        <city>Senftenberg</city>
        <country>Germany</country>
      </address>
    </facility>
  </location>
  <location>
    <facility>
      <name>41</name>
      <address>
        <city>Stuttgart</city>
        <country>Germany</country>
      </address>
    </facility>
  </location>
  <location>
    <facility>
      <name>09</name>
      <address>
        <city>Troisdorf</city>
        <country>Germany</country>
      </address>
    </facility>
  </location>
  <location>
    <facility>
      <name>22</name>
      <address>
        <city>Tübingen</city>
        <country>Germany</country>
      </address>
    </facility>
  </location>
  <location>
    <facility>
      <name>20</name>
      <address>
        <city>Ulm</city>
        <country>Germany</country>
      </address>
    </facility>
  </location>
  <location>
    <facility>
      <name>07</name>
      <address>
        <city>Westerstede</city>
        <country>Germany</country>
      </address>
    </facility>
  </location>
  <location_countries>
    <country>Austria</country>
    <country>Germany</country>
  </location_countries>
  <verification_date>July 2015</verification_date>
  <lastchanged_date>July 27, 2015</lastchanged_date>
  <firstreceived_date>August 22, 2012</firstreceived_date>
  <responsible_party>
    <responsible_party_type>Sponsor</responsible_party_type>
  </responsible_party>
  <keyword>Lacosamide</keyword>
  <keyword>Vimpat</keyword>
  <keyword>Focal Epilepsy</keyword>
  <keyword>Drug Load</keyword>
  <keyword>AED</keyword>
  <keyword>SP1065</keyword>
  <is_fda_regulated>Yes</is_fda_regulated>
  <is_section_801>No</is_section_801>
  <has_expanded_access>No</has_expanded_access>
  <condition_browse>
    <!-- CAUTION:  The following MeSH terms are assigned with an imperfect algorithm  -->
    <mesh_term>Epilepsies, Partial</mesh_term>
  </condition_browse>
  <intervention_browse>
    <!-- CAUTION:  The following MeSH terms are assigned with an imperfect algorithm  -->
    <mesh_term>Anticonvulsants</mesh_term>
    <mesh_term>Lacosamide</mesh_term>
  </intervention_browse>
  <!-- Results have not yet been posted for this study                                -->
</clinical_study>
