<?xml version="1.0" encoding="UTF-8"?>
<clinical_study rank="433">
  <!-- This xml conforms to an XML Schema at:
    https://clinicaltrials.gov/ct2/html/images/info/public.xsd
 and an XML DTD at:
    https://clinicaltrials.gov/ct2/html/images/info/public.dtd -->
  <required_header>
    <download_date>ClinicalTrials.gov processed this data on December 01, 2015</download_date>
    <link_text>Link to the current ClinicalTrials.gov record.</link_text>
    <url>https://clinicaltrials.gov/show/NCT00379886</url>
  </required_header>
  <id_info>
    <org_study_id>ECT-Jan2004-Jan2007</org_study_id>
    <nct_id>NCT00379886</nct_id>
  </id_info>
  <brief_title>Comparison of Thiopental and Propofol as Anaesteticum During ECT</brief_title>
  <official_title>Comparison of Thiopental and Propofol as Anaesteticum During ECT</official_title>
  <sponsors>
    <lead_sponsor>
      <agency>Rigshospitalet, Denmark</agency>
      <agency_class>Other</agency_class>
    </lead_sponsor>
  </sponsors>
  <source>Rigshospitalet, Denmark</source>
  <oversight_info>
    <authority>Denmark: The Danish National Committee on Biomedical Research Ethics</authority>
  </oversight_info>
  <brief_summary>
    <textblock>
      Electroconvulsive therapy is the most effective treatment in severe depression and the
      effect is related to the generalized seizure induced by the treatment. General anesthesia is
      used during the treatment. Since only a brief period of unconsciousness is required
      anesthetics with a rapid recovery profile are used.

      Methohexital, a barbiturat, is internationally considered &quot;the golden standard&quot;, bot other
      short-acting anesthetics are used. In Denmark the most frequent used anestheticum for ECT is
      Thiopental, a barbiturat, but also Propofol, a non-barbiturat, is used in many psychiatric
      departments.

      Several studies have shown that Propofol reduce seizure duration in comparison with
      barbiturates. So far, no studies have demonstrated any clinical implications of the reduced
      seiziure duration. However, these studies have included rather few patiens, most have been
      retrospective, and in the only prospective study conducted, uni-lateral ECT was used.

      The aim of this study is to compare the clinical effect of ECT in patients anesthesized with
      either Propofol or Thiopental. The hypothesis is that the shorter duration of seizures found
      with Propofol as anestheticum will increase the number of treatments needed to clinial
      respons. Furthermore we want to study differences in EEG-relate parameters previously shown
      to have prognostic value. Hospitalized patients with major depression, who is to be treated
      with ECT, are randomized to anesthizia with either Thiopental or Propofol. They are rated
      with Hamilton depression scale and BDI before treatment, after six treatments and when
      treatment is concluded. When treatment is ended the patients are furthermore rated with MMSE
      to evaluate their degree of cognitive impairment.
    </textblock>
  </brief_summary>
  <overall_status>Recruiting</overall_status>
  <start_date>January 2003</start_date>
  <completion_date type="Anticipated">December 2007</completion_date>
  <phase>N/A</phase>
  <study_type>Interventional</study_type>
  <study_design>Allocation: Randomized, Endpoint Classification: Efficacy Study, Intervention Model: Parallel Assignment, Masking: Double-Blind, Primary Purpose: Treatment</study_design>
  <primary_outcome>
    <measure>Number of ECT-treatments required to treat depression</measure>
  </primary_outcome>
  <primary_outcome>
    <measure>Duration of seizures</measure>
  </primary_outcome>
  <primary_outcome>
    <measure>Amount of energy required to initiate seizure</measure>
  </primary_outcome>
  <secondary_outcome>
    <measure>EEG-related parameters</measure>
  </secondary_outcome>
  <secondary_outcome>
    <measure>Changes in seizure-threshold</measure>
  </secondary_outcome>
  <secondary_outcome>
    <measure>Haemodynamic parameters</measure>
  </secondary_outcome>
  <secondary_outcome>
    <measure>Cognitive impairment</measure>
  </secondary_outcome>
  <enrollment type="Anticipated">100</enrollment>
  <condition>Depression</condition>
  <intervention>
    <intervention_type>Drug</intervention_type>
    <intervention_name>Propofol Thiopental</intervention_name>
  </intervention>
  <eligibility>
    <criteria>
      <textblock>
        Inclusion Criteria:

          -  Major depression, hospitalized

        Exclusion Criteria:

          -  age under 18, allergi to anestheticum, out-clinic patients, ECT because of other
             diseases
      </textblock>
    </criteria>
    <gender>Both</gender>
    <minimum_age>18 Years</minimum_age>
    <maximum_age>N/A</maximum_age>
    <healthy_volunteers>No</healthy_volunteers>
  </eligibility>
  <overall_official>
    <last_name>Martin Balslev Jørgensen, M.D</last_name>
    <role>Principal Investigator</role>
    <affiliation>Rigshospitalet, Department of Psychiatry, Copenhagen, Denmark</affiliation>
  </overall_official>
  <location>
    <facility>
      <name>Rigshospitalet, Department of Psychiatry</name>
      <address>
        <city>Blegdamsvej 9</city>
        <state>Copenhagen</state>
        <zip>2100</zip>
        <country>Denmark</country>
      </address>
    </facility>
    <status>Recruiting</status>
    <contact>
      <last_name>Jeanett Ø Bauer, MD, pHD</last_name>
      <phone>0045 35819411</phone>
      <email>jeanett.bauer@mail.dk</email>
    </contact>
    <contact_backup>
      <last_name>Martin B Joergensen, M.D., pHD</last_name>
      <phone>0045 3545 6263</phone>
      <email>martinbj@rh.dk</email>
    </contact_backup>
    <investigator>
      <last_name>Jeanett Ø Bauer, M.D., pHD</last_name>
      <role>Principal Investigator</role>
    </investigator>
  </location>
  <location_countries>
    <country>Denmark</country>
  </location_countries>
  <verification_date>November 2007</verification_date>
  <lastchanged_date>November 13, 2007</lastchanged_date>
  <firstreceived_date>September 21, 2006</firstreceived_date>
  <keyword>ECT</keyword>
  <keyword>Depression</keyword>
  <keyword>Anesthiticum</keyword>
  <keyword>Propofol</keyword>
  <keyword>Thiopental</keyword>
  <has_expanded_access>No</has_expanded_access>
  <intervention_browse>
    <!-- CAUTION:  The following MeSH terms are assigned with an imperfect algorithm  -->
    <mesh_term>Propofol</mesh_term>
    <mesh_term>Thiopental</mesh_term>
  </intervention_browse>
  <!-- Results have not yet been posted for this study                                -->
</clinical_study>
