<?xml version="1.0" encoding="UTF-8"?>
<clinical_study rank="451">
  <!-- This xml conforms to an XML Schema at:
    https://clinicaltrials.gov/ct2/html/images/info/public.xsd
 and an XML DTD at:
    https://clinicaltrials.gov/ct2/html/images/info/public.dtd -->
  <required_header>
    <download_date>ClinicalTrials.gov processed this data on November 27, 2015</download_date>
    <link_text>Link to the current ClinicalTrials.gov record.</link_text>
    <url>https://clinicaltrials.gov/show/NCT01767779</url>
  </required_header>
  <id_info>
    <org_study_id>1P20NS080199-01</org_study_id>
    <nct_id>NCT01767779</nct_id>
  </id_info>
  <brief_title>Potential EEG Biomarkers and Antiepileptogenic Strategies for Epilepsy in TSC</brief_title>
  <official_title>Potential EEG Biomarkers and Antiepileptogenic Strategies for Epilepsy in TSC</official_title>
  <sponsors>
    <lead_sponsor>
      <agency>University of Alabama at Birmingham</agency>
      <agency_class>Other</agency_class>
    </lead_sponsor>
    <collaborator>
      <agency>Children's Hospital Medical Center, Cincinnati</agency>
      <agency_class>Other</agency_class>
    </collaborator>
    <collaborator>
      <agency>The University of Texas Health Science Center, Houston</agency>
      <agency_class>Other</agency_class>
    </collaborator>
    <collaborator>
      <agency>University of California, Los Angeles</agency>
      <agency_class>Other</agency_class>
    </collaborator>
    <collaborator>
      <agency>Children's Hospital Boston</agency>
      <agency_class>Other</agency_class>
    </collaborator>
  </sponsors>
  <source>University of Alabama at Birmingham</source>
  <oversight_info>
    <authority>United States: Institutional Review Board</authority>
    <has_dmc>No</has_dmc>
  </oversight_info>
  <brief_summary>
    <textblock>
      To determine whether EEGs during infancy is a reliable biomarker to identify TSC patients
      that will develop infantile spasms/epilepsy in the near future and thus are appropriate
      candidates for an antiepileptogenic drug trial. Since not all patients with TSC develop
      epilepsy, it would be useful to have a biomarker that could predict those patients destined
      to have epilepsy and thus identify those TSC patients most appropriate for an
      antiepileptogenic drug trial. A recent study suggests that treating TSC patients with an
      abnormal EEG prior to onset of infantile spasms with vigabatrin may improve neurological
      outcome, but the use of EEG as a reliable biomarker of future epilepsy has not been
      rigorously validated. In this specific aim, we will test the reliability of EEG in
      predicting future development of infantile spasms or epilepsy in TSC patients during the
      first year of life.
    </textblock>
  </brief_summary>
  <detailed_description>
    <textblock>
      Current therapeutic approaches for epilepsy primarily represent symptomatic treatments that
      suppress seizures, but have not been demonstrated to prevent epilepsy or modify disease
      progression. In recent years, there have been tremendous interest and effort by basic
      scientists and clinicians in epilepsy in developing disease-modifying or &quot;antiepileptogenic&quot;
      therapies. However, these efforts are hindered by a couple significant limitations: 1)
      difficulty in identifying an appropriate high-risk patient population in which a
      preventative approach is feasible and justifiable, and 2) lack of appropriate drug targets
      with antiepileptogenic properties. Tuberous Sclerosis Complex (TSC) is one of the most
      common genetic causes of epilepsy and a subset of TSC patients may represent a rational,
      feasible population to target with an antiepileptogenic approach for several reasons. First
      of all, some patients are diagnosed with TSC at a young age before the onset of epilepsy due
      to non-neurological findings - thus, it is feasible to identify these patients and initiate
      a potential antiepileptogenic treatment at an early stage of epileptogenesis. Second, these
      patients are at high risk for developing epilepsy (~80%) in the future, including infantile
      spasms (~35%), a particularly devastating type of childhood epilepsy with a poor prognosis -
      thus, initiating a therapy with potential side effects in a pre-symptomatic stage can likely
      be justified in TSC patients. Finally, the identification of the mTOR pathway in the
      pathophysiology of TSC suggests that mTOR inhibitors could have antiepileptogenic properties
      in TSC, as already supported by pre-clinical animal studies - thus, a rational
      mechanistically-based treatment potentially already exists and can be readily tested in TSC
      patients. However, there may be significant risks and side effects of mTOR inhibitors,
      especially during early childhood, such as chronic immunosuppression and theoretical effects
      on learning, growth, and development. Thus, before initiating an antiepileptogenic drug
      trial in TSC patients, it would be beneficial to obtain further evidence to optimize the
      selection criteria and treatment paradigms to maximize efficacy and minimize side effects of
      mTOR inhibitors.

      The aim of this clinical trial is to determine whether EEGs during infancy is a reliable
      biomarker to identify TSC patients that will develop infantile spasms/epilepsy in the near
      future and thus are appropriate candidates for an antiepileptogenic drug trial.
    </textblock>
  </detailed_description>
  <overall_status>Active, not recruiting</overall_status>
  <start_date>September 2012</start_date>
  <completion_date type="Anticipated">December 2016</completion_date>
  <primary_completion_date type="Anticipated">December 2015</primary_completion_date>
  <phase>N/A</phase>
  <study_type>Observational</study_type>
  <study_design>Observational Model: Cohort, Time Perspective: Prospective</study_design>
  <primary_outcome>
    <measure>Identification of EEG biomarkers as predictors of developing epilepsy in infants with Tuberous Sclerosis Complex</measure>
    <time_frame>3 years</time_frame>
    <safety_issue>No</safety_issue>
    <description>Physical/neurological exam, Video EEG, Developmental assessments, Blood draw from child and parents/guardian, and Seizure diaries.</description>
  </primary_outcome>
  <number_of_groups>2</number_of_groups>
  <enrollment type="Anticipated">40</enrollment>
  <condition>Tuberous Sclerosis Complex</condition>
  <arm_group>
    <arm_group_label>seizure free infants with dx of TSC</arm_group_label>
    <description>infants that are seizure free at the time of the study enrollment and meets genetic or clinical diagnostic criteria for TSC</description>
  </arm_group>
  <arm_group>
    <arm_group_label>Parents or family guardian of cohort 1</arm_group_label>
    <description>Parent or family guardian of infants that are seizure free at the time of the study enrollment and meets genetic or clinical diagnostic criteria for TSC.</description>
  </arm_group>
  <biospec_retention>Samples With DNA</biospec_retention>
  <biospec_descr>
    <textblock>
      A single venous blood sample will be drawn from the child and parents/family guardian for
      future research studies and future genetic testing
    </textblock>
  </biospec_descr>
  <eligibility>
    <study_pop>
      <textblock>
        Infants that are seizure free at the time of the study enrollment and meets genetic or
        clinical diagnostic criteria for TSC (determined as standard of care); parent/family
        guardian health status is unknown
      </textblock>
    </study_pop>
    <sampling_method>Non-Probability Sample</sampling_method>
    <criteria>
      <textblock>
        Inclusion Criteria:

        Cohort 1

          -  &lt; 6 months of age; Seizure free at the time of study enrollment; and meets genetic or
             clinical diagnostic criteria for TSC (Tuberous Sclerosis), the latter based on
             current recommendations for diagnostic evaluation, such as physical exam,
             neuroimaging, echocardiogram.

        Cohort 2

          -  Parent or family guardian of infant

        Exclusion Criteria:

        Cohort 1

          -  ≥ 6months of age; history of seizures and/or infantile spasms; patients receiving
             vigabatrin or any anti-epileptic medication or mTOR inhibitor prior to study
             enrollment Cohort 2

          -  not parent or family guardian
      </textblock>
    </criteria>
    <gender>Both</gender>
    <minimum_age>N/A</minimum_age>
    <maximum_age>6 Months</maximum_age>
    <healthy_volunteers>No</healthy_volunteers>
  </eligibility>
  <overall_official>
    <last_name>Martina Bebin, MD</last_name>
    <role>Principal Investigator</role>
    <affiliation>University of Alabama at Birmingham</affiliation>
  </overall_official>
  <location>
    <facility>
      <name>University of Alabama at Birmingham</name>
      <address>
        <city>Birmingham</city>
        <state>Alabama</state>
        <zip>35294</zip>
        <country>United States</country>
      </address>
    </facility>
  </location>
  <location>
    <facility>
      <name>UCLA</name>
      <address>
        <city>Los Angeles</city>
        <state>California</state>
        <zip>90095</zip>
        <country>United States</country>
      </address>
    </facility>
  </location>
  <location>
    <facility>
      <name>Boston Children's Hospital</name>
      <address>
        <city>Boston</city>
        <state>Massachusetts</state>
        <zip>02115</zip>
        <country>United States</country>
      </address>
    </facility>
  </location>
  <location>
    <facility>
      <name>Cincinnati Children's Hospital</name>
      <address>
        <city>Cincinnati</city>
        <state>Ohio</state>
        <zip>45229</zip>
        <country>United States</country>
      </address>
    </facility>
  </location>
  <location>
    <facility>
      <name>University of Texas in Houston</name>
      <address>
        <city>Houston</city>
        <state>Texas</state>
        <zip>77030</zip>
        <country>United States</country>
      </address>
    </facility>
  </location>
  <location_countries>
    <country>United States</country>
  </location_countries>
  <verification_date>June 2015</verification_date>
  <lastchanged_date>June 29, 2015</lastchanged_date>
  <firstreceived_date>January 7, 2013</firstreceived_date>
  <responsible_party>
    <responsible_party_type>Principal Investigator</responsible_party_type>
    <investigator_affiliation>University of Alabama at Birmingham</investigator_affiliation>
    <investigator_full_name>Martina Bebin</investigator_full_name>
    <investigator_title>Associate Professor of Neurology</investigator_title>
  </responsible_party>
  <keyword>Epilepsy</keyword>
  <keyword>TSC</keyword>
  <keyword>Tuberous Sclerosis Complex</keyword>
  <keyword>Infants</keyword>
  <keyword>Seizures</keyword>
  <keyword>Biomarkers</keyword>
  <keyword>EEG</keyword>
  <is_fda_regulated>No</is_fda_regulated>
  <has_expanded_access>No</has_expanded_access>
  <condition_browse>
    <!-- CAUTION:  The following MeSH terms are assigned with an imperfect algorithm  -->
    <mesh_term>Tuberous Sclerosis</mesh_term>
  </condition_browse>
  <!-- Results have not yet been posted for this study                                -->
</clinical_study>
