<?xml version="1.0" encoding="UTF-8"?>
<clinical_study rank="340">
  <!-- This xml conforms to an XML Schema at:
    https://clinicaltrials.gov/ct2/html/images/info/public.xsd
 and an XML DTD at:
    https://clinicaltrials.gov/ct2/html/images/info/public.dtd -->
  <required_header>
    <download_date>ClinicalTrials.gov processed this data on November 27, 2015</download_date>
    <link_text>Link to the current ClinicalTrials.gov record.</link_text>
    <url>https://clinicaltrials.gov/show/NCT01025401</url>
  </required_header>
  <id_info>
    <org_study_id>0905</org_study_id>
    <secondary_id>2009-A00196-51</secondary_id>
    <nct_id>NCT01025401</nct_id>
  </id_info>
  <brief_title>Characterization of Epileptic Motor Patterns by Tridimensional Analysis of Movement 2</brief_title>
  <acronym>CAPAMETRIM2</acronym>
  <official_title>Caractérisation et détection Des Mouvements Durant Les Crises d'épilepsie à Des Fins d'Alarme, Pour un Usage en Institution et en Famille.</official_title>
  <sponsors>
    <lead_sponsor>
      <agency>University Hospital, Grenoble</agency>
      <agency_class>Other</agency_class>
    </lead_sponsor>
  </sponsors>
  <source>University Hospital, Grenoble</source>
  <oversight_info>
    <authority>France: Afssaps - Agence française de sécurité sanitaire des produits de santé (Saint-Denis)</authority>
    <has_dmc>No</has_dmc>
  </oversight_info>
  <brief_summary>
    <textblock>
      CAPAMETRIM 2 aims to characterize epileptic motor patterns by a quantitative
      three-dimensional analysis of movements.

      This is done to obtain a 3-D motor signature of seizures, for a given patient, and allows
      their detection with an ambulatory monitoring system.

      The benefit for patients is to improve the diagnosis of their diseases by better
      characterizing their seizures.
    </textblock>
  </brief_summary>
  <detailed_description>
    <textblock>
      CAPAMETRIM 2 aims to characterize epileptic motor patterns by a quantitative
      three-dimensional analysis of movements.

      The project is planned in three phases:

        -  Installation of 3-D accelerometric and magnetic sensors acquisition systems on the
           hospital (extension of a preceding study CAPAMETRIM).

        -  Collection of data on epileptic patients. Sensors will be positioned on the right and
           left hands and on the head. A 3-D analysis of movements will be done according to the
           collection by tagging data with visual analysis made on video.

        -  Development of a motor pattern classification system used for seizure detection.
    </textblock>
  </detailed_description>
  <overall_status>Terminated</overall_status>
  <why_stopped>
    departure of a collaborator in charge of the data collection
  </why_stopped>
  <start_date>May 2009</start_date>
  <completion_date type="Actual">October 2010</completion_date>
  <primary_completion_date type="Actual">October 2010</primary_completion_date>
  <phase>N/A</phase>
  <study_type>Interventional</study_type>
  <study_design>Intervention Model: Single Group Assignment, Masking: Open Label, Primary Purpose: Diagnostic</study_design>
  <primary_outcome>
    <measure>3-D accelerometric and magnetic sensors</measure>
    <time_frame>continuously during hospitalization recordings (46 Hz from 9 h to 17 h)</time_frame>
    <safety_issue>No</safety_issue>
  </primary_outcome>
  <secondary_outcome>
    <measure>Video</measure>
    <time_frame>continuously during hospitalization recordings (25 fps from 9 h to 17 h)</time_frame>
    <safety_issue>No</safety_issue>
  </secondary_outcome>
  <secondary_outcome>
    <measure>EEG</measure>
    <time_frame>continuously during hospitalization recordings (256-1024 Hz from 9 h to 17 h)</time_frame>
    <safety_issue>No</safety_issue>
  </secondary_outcome>
  <number_of_arms>1</number_of_arms>
  <enrollment type="Actual">50</enrollment>
  <condition>Epileptic Patients With Motor Manifestations During Seizures</condition>
  <arm_group>
    <arm_group_label>Motor manifestations during seizures</arm_group_label>
    <arm_group_type>No Intervention</arm_group_type>
  </arm_group>
  <intervention>
    <intervention_type>Device</intervention_type>
    <intervention_name>3-D accelerometric and magnetic sensors</intervention_name>
    <description>sensors are positioned on the right wrist, the left wrist and on the head.</description>
    <arm_group_label>Motor manifestations during seizures</arm_group_label>
  </intervention>
  <eligibility>
    <criteria>
      <textblock>
        Inclusion Criteria:

          -  Adult or children (&gt;= 6 years)

          -  Written inform consented from the patient or its legal representative

          -  Presurgical investigation of pharmaco-resistant partial epilepsy

          -  Motor manifestations during seizures

        Exclusion Criteria:

          -  Proved generalized epilepsy

          -  No motor manifestations during seizures

          -  Pregnant women

          -  Subjects deprived of freedom by an administrative or judicial decision
      </textblock>
    </criteria>
    <gender>Both</gender>
    <minimum_age>6 Years</minimum_age>
    <maximum_age>N/A</maximum_age>
    <healthy_volunteers>No</healthy_volunteers>
  </eligibility>
  <overall_official>
    <last_name>Philippe Kahane, MD PHD</last_name>
    <role>Principal Investigator</role>
    <affiliation>University Hospital, Grenoble</affiliation>
  </overall_official>
  <location>
    <facility>
      <name>Grenoble University Hospital Epilepsy Monitoring Unit</name>
      <address>
        <city>Grenoble</city>
        <zip>38043</zip>
        <country>France</country>
      </address>
    </facility>
  </location>
  <location_countries>
    <country>France</country>
  </location_countries>
  <verification_date>November 2010</verification_date>
  <lastchanged_date>November 22, 2010</lastchanged_date>
  <firstreceived_date>June 29, 2009</firstreceived_date>
  <responsible_party>
    <name_title>Philippe KAHANE/MD-PHD</name_title>
    <organization>University Hospital, Grenoble</organization>
  </responsible_party>
  <keyword>epilepsy</keyword>
  <keyword>seizures</keyword>
  <keyword>movement</keyword>
  <is_fda_regulated>No</is_fda_regulated>
  <has_expanded_access>No</has_expanded_access>
  <condition_browse>
    <!-- CAUTION:  The following MeSH terms are assigned with an imperfect algorithm  -->
    <mesh_term>Epilepsy</mesh_term>
  </condition_browse>
  <!-- Results have not yet been posted for this study                                -->
</clinical_study>
