<?xml version="1.0" encoding="UTF-8"?>
<clinical_study rank="334">
  <!-- This xml conforms to an XML Schema at:
    https://clinicaltrials.gov/ct2/html/images/info/public.xsd
 and an XML DTD at:
    https://clinicaltrials.gov/ct2/html/images/info/public.dtd -->
  <required_header>
    <download_date>ClinicalTrials.gov processed this data on November 27, 2015</download_date>
    <link_text>Link to the current ClinicalTrials.gov record.</link_text>
    <url>https://clinicaltrials.gov/show/NCT00310388</url>
  </required_header>
  <id_info>
    <org_study_id>VRX-RET-E22-304</org_study_id>
    <secondary_id>EUDRACT No. 2006-000956-42</secondary_id>
    <secondary_id>RTG115097</secondary_id>
    <nct_id>NCT00310388</nct_id>
  </id_info>
  <brief_title>Open-Label Extension Study of the Phase 3 VRX-RET-E22-302 Double-Blind Trial</brief_title>
  <official_title>A Multicenter, Open-Label, Long-Term, Safety, Tolerability and Efficacy Study of Retigabine in Adult Epilepsy Patients With Partial-Onset Seizures (Extension of Study VRX-RET-E22-302)</official_title>
  <sponsors>
    <lead_sponsor>
      <agency>GlaxoSmithKline</agency>
      <agency_class>Industry</agency_class>
    </lead_sponsor>
  </sponsors>
  <source>GlaxoSmithKline</source>
  <oversight_info>
    <authority>United States: Food and Drug Administration</authority>
    <has_dmc>No</has_dmc>
  </oversight_info>
  <brief_summary>
    <textblock>
      The purpose of this study is to evaluate the safety and tolerability of long-term therapy
      with retigabine administered as adjunctive therapy in adult epilepsy patients with
      partial-onset seizures, who completed the VRX-RET-E22-302 double-blind study. The efficacy
      of long-term treatment with retigabine and patient quality of life will also be assessed.
    </textblock>
  </brief_summary>
  <detailed_description>
    <textblock>
      This Phase 3 trial is an open-label extension study of the placebo-controlled, double-blind
      VRX-RET-E22-302 trial. Patients who have completed the VRX-RET-E22-302 trial and who meet
      inclusion and exclusion criteria will be treated with 600-1200 mg/day of retigabine as an
      adjunct therapy to their current antiepileptic drugs (AEDs) or vagal nerve stimulation.
      Treatment will be continued until retigabine is commercially available, or until the program
      is discontinued. Patients will be recruited from 55-60 sites in Europe, Israel, Australia,
      and South Africa. The safety and tolerability of long-term therapy with retigabine
      administered as adjunctive therapy in adult epilepsy patients with partial-onset seizures
      will be evaluated. In addition, the efficacy of long-term treatment with retigabine and
      patient quality of life will be assessed.
    </textblock>
  </detailed_description>
  <overall_status>Active, not recruiting</overall_status>
  <start_date>July 2006</start_date>
  <completion_date type="Anticipated">December 2015</completion_date>
  <primary_completion_date type="Anticipated">December 2015</primary_completion_date>
  <phase>Phase 3</phase>
  <study_type>Interventional</study_type>
  <study_design>Allocation: Non-Randomized, Endpoint Classification: Safety/Efficacy Study, Intervention Model: Single Group Assignment, Masking: Open Label, Primary Purpose: Treatment</study_design>
  <primary_outcome>
    <measure>Percentage change in the monthly seizure rate from the baseline phase to the open-label treatment phase.</measure>
    <time_frame>Frequency rates to be determined at end of the open-label treatment phase</time_frame>
    <safety_issue>No</safety_issue>
  </primary_outcome>
  <secondary_outcome>
    <measure>Reports of adverse events</measure>
    <time_frame>At selected study visits</time_frame>
    <safety_issue>Yes</safety_issue>
  </secondary_outcome>
  <secondary_outcome>
    <measure>Results of vital signs</measure>
    <time_frame>At selected study visits</time_frame>
    <safety_issue>Yes</safety_issue>
  </secondary_outcome>
  <secondary_outcome>
    <measure>Weight</measure>
    <time_frame>At selected study visits</time_frame>
    <safety_issue>Yes</safety_issue>
  </secondary_outcome>
  <secondary_outcome>
    <measure>Clinical laboratory evaluations</measure>
    <time_frame>At selected study visits</time_frame>
    <safety_issue>Yes</safety_issue>
  </secondary_outcome>
  <secondary_outcome>
    <measure>12-lead ECG</measure>
    <time_frame>At selected study visits</time_frame>
    <safety_issue>Yes</safety_issue>
  </secondary_outcome>
  <secondary_outcome>
    <measure>Post-void residual bladder ultrasounds</measure>
    <time_frame>At selected study visits</time_frame>
    <safety_issue>Yes</safety_issue>
  </secondary_outcome>
  <number_of_arms>1</number_of_arms>
  <enrollment type="Actual">376</enrollment>
  <condition>Epilepsy</condition>
  <arm_group>
    <arm_group_label>Retigabine (INN), Ezogabine (USAN)</arm_group_label>
    <arm_group_type>Experimental</arm_group_type>
    <description>Retigabine (Ezogabine): all subjects</description>
  </arm_group>
  <intervention>
    <intervention_type>Drug</intervention_type>
    <intervention_name>Retigabine (INN), Ezogabine (USAN)</intervention_name>
    <description>Film-coated tablets containing 50 mg, 100 mg, or 300 mg of retigabine per tablet. Dosage and frequency will be specific to each patient so long as the patients receives between 600 and 1200 mg of retigabine per day. The duration will be until the completion of the trial, or until the patient withdraws from the trial.</description>
    <arm_group_label>Retigabine (INN), Ezogabine (USAN)</arm_group_label>
    <other_name>D-23129</other_name>
    <other_name>GW582892X</other_name>
    <other_name>GKE-841</other_name>
  </intervention>
  <eligibility>
    <criteria>
      <textblock>
        Inclusion Criteria:

          -  Patient has successfully completed the Maintenance and Transition phases of Study
             VRX-RET-E22-302 for the treatment of partial-onset seizures

          -  Patient is expected to benefit from participation in the study in the opinion of the
             Investigator.

        Exclusion Criteria:

          -  Patient meets any of the withdrawal criteria in the previous VRX-RET-E22-302 study or
             is experiencing an ongoing serious adverse event.

          -  Patient is receiving any investigational drug or using any experimental device in
             addition to Retigabine for treatment of epilepsy or any other medical condition.

          -  Patient has any other condition that would prevent compliance with the study
             procedures or proper reporting of adverse events.
      </textblock>
    </criteria>
    <gender>Both</gender>
    <minimum_age>18 Years</minimum_age>
    <maximum_age>75 Years</maximum_age>
    <healthy_volunteers>No</healthy_volunteers>
  </eligibility>
  <overall_official>
    <last_name>GSK Clinical Trials</last_name>
    <role>Study Director</role>
    <affiliation>GlaxoSmithKline</affiliation>
  </overall_official>
  <location>
    <facility>
      <name>Institute of Clniical Neurosciences</name>
      <address>
        <city>Camperdown</city>
        <state>New South Wales</state>
        <zip>2050</zip>
        <country>Australia</country>
      </address>
    </facility>
  </location>
  <location>
    <facility>
      <name>North Coast Neurology Centre</name>
      <address>
        <city>Maroochydore</city>
        <state>Queensland</state>
        <zip>4558</zip>
        <country>Australia</country>
      </address>
    </facility>
  </location>
  <location>
    <facility>
      <name>Flinders Medical Centre</name>
      <address>
        <city>Bedford Park</city>
        <state>South Australia</state>
        <zip>5041</zip>
        <country>Australia</country>
      </address>
    </facility>
  </location>
  <location>
    <facility>
      <name>Royal Melbourne Hospital</name>
      <address>
        <city>Parkville</city>
        <state>Victoria</state>
        <zip>3050</zip>
        <country>Australia</country>
      </address>
    </facility>
  </location>
  <location>
    <facility>
      <name>Austin &amp; Repatriation Medical Centre</name>
      <address>
        <city>West Heidelberg</city>
        <state>Victoria</state>
        <zip>3081</zip>
        <country>Australia</country>
      </address>
    </facility>
  </location>
  <location>
    <facility>
      <name>General Hospital Middelheim -- Department of Neurology</name>
      <address>
        <city>Antwerp</city>
        <zip>B-2020</zip>
        <country>Belgium</country>
      </address>
    </facility>
  </location>
  <location>
    <facility>
      <name>AZ Sint-Jan</name>
      <address>
        <city>Brugge</city>
        <zip>8000</zip>
        <country>Belgium</country>
      </address>
    </facility>
  </location>
  <location>
    <facility>
      <name>Universitaire Ziekenhuizen Gasthuisberg -- Department Neurology</name>
      <address>
        <city>Leuven</city>
        <zip>3000</zip>
        <country>Belgium</country>
      </address>
    </facility>
  </location>
  <location>
    <facility>
      <name>Centre Neurologique William Lennox</name>
      <address>
        <city>Ottignies</city>
        <zip>1340</zip>
        <country>Belgium</country>
      </address>
    </facility>
  </location>
  <location>
    <facility>
      <name>Hopital Civil de Steasbourg Clinique Neurologie</name>
      <address>
        <city>Levallois-Perret</city>
        <zip>92594</zip>
        <country>France</country>
      </address>
    </facility>
  </location>
  <location>
    <facility>
      <name>Hopital Neurologique Pierre Wertheimer</name>
      <address>
        <city>Lyon</city>
        <zip>69003</zip>
        <country>France</country>
      </address>
    </facility>
  </location>
  <location>
    <facility>
      <name>CHU Pontchaillou</name>
      <address>
        <city>Rennes Cedex</city>
        <zip>35033</zip>
        <country>France</country>
      </address>
    </facility>
  </location>
  <location>
    <facility>
      <name>Centre Medical de La Teppe</name>
      <address>
        <city>Tain L'Hermitage, 26</city>
        <zip>26600</zip>
        <country>France</country>
      </address>
    </facility>
  </location>
  <location>
    <facility>
      <name>Zentrum Epilepsie Erlangen (ZEE) der Universitaet Erlangen</name>
      <address>
        <city>Erlangen</city>
        <state>BY</state>
        <zip>91054</zip>
        <country>Germany</country>
      </address>
    </facility>
  </location>
  <location>
    <facility>
      <name>Universitaet Giessen / Marburg Neurologie</name>
      <address>
        <city>Marburg</city>
        <state>HE</state>
        <zip>35033</zip>
        <country>Germany</country>
      </address>
    </facility>
  </location>
  <location>
    <facility>
      <name>Universitaetsklinik Mainz Neurologische Klinik</name>
      <address>
        <city>Mainz</city>
        <state>RP</state>
        <zip>55101</zip>
        <country>Germany</country>
      </address>
    </facility>
  </location>
  <location>
    <facility>
      <name>University of Bonn -- Department for Epileptplogy</name>
      <address>
        <city>Bonn</city>
        <zip>D-53105</zip>
        <country>Germany</country>
      </address>
    </facility>
  </location>
  <location>
    <facility>
      <name>Private Neurologische Paraxis</name>
      <address>
        <city>Muenchen, BY</city>
        <zip>80333</zip>
        <country>Germany</country>
      </address>
    </facility>
  </location>
  <location>
    <facility>
      <name>Universitaetslinkum Ulm Poliklinik fuer Neurologie</name>
      <address>
        <city>Ulm, BW</city>
        <zip>89081</zip>
        <country>Germany</country>
      </address>
    </facility>
  </location>
  <location>
    <facility>
      <name>Pecs University of Science, Clinic of Neurology</name>
      <address>
        <city>Pecs</city>
        <state>Ret</state>
        <zip>U2</zip>
        <country>Hungary</country>
      </address>
    </facility>
  </location>
  <location>
    <facility>
      <name>Orszagos Idegsebeszeti Tudomanyos Intezet</name>
      <address>
        <city>Budapest</city>
        <zip>1145</zip>
        <country>Hungary</country>
      </address>
    </facility>
  </location>
  <location>
    <facility>
      <name>Orszagos Pszichiatriai es Neurologiai Intezet</name>
      <address>
        <city>Budapest</city>
        <zip>1021</zip>
        <country>Hungary</country>
      </address>
    </facility>
  </location>
  <location>
    <facility>
      <name>Assaf Harofeh Medical Center</name>
      <address>
        <city>Beer Yaakov</city>
        <zip>70300</zip>
        <country>Israel</country>
      </address>
    </facility>
  </location>
  <location>
    <facility>
      <name>Rambam Medical Center</name>
      <address>
        <city>Haifa</city>
        <zip>31096</zip>
        <country>Israel</country>
      </address>
    </facility>
  </location>
  <location>
    <facility>
      <name>Wolfson Medical Center</name>
      <address>
        <city>Holon</city>
        <zip>58100</zip>
        <country>Israel</country>
      </address>
    </facility>
  </location>
  <location>
    <facility>
      <name>Western Galilee Hospital</name>
      <address>
        <city>Nahariya</city>
        <zip>22100</zip>
        <country>Israel</country>
      </address>
    </facility>
  </location>
  <location>
    <facility>
      <name>Chaim Sheba Medical Center</name>
      <address>
        <city>Ramat Gan</city>
        <zip>52621</zip>
        <country>Israel</country>
      </address>
    </facility>
  </location>
  <location>
    <facility>
      <name>Kaplan Medical Center</name>
      <address>
        <city>Rechovot</city>
        <zip>76100</zip>
        <country>Israel</country>
      </address>
    </facility>
  </location>
  <location>
    <facility>
      <name>Tel-Aviv Sourasky Medical Center</name>
      <address>
        <city>Tel Aviv</city>
        <zip>64239</zip>
        <country>Israel</country>
      </address>
    </facility>
  </location>
  <location>
    <facility>
      <name>Specjalistyczna Przychodnia Lekarska Medikard</name>
      <address>
        <city>Padlewskiego 4</city>
        <state>Plock</state>
        <zip>09-402</zip>
        <country>Poland</country>
      </address>
    </facility>
  </location>
  <location>
    <facility>
      <name>Prywatna Wielospecjalistyczna Lecznica Medyczna &quot;Zycie&quot;</name>
      <address>
        <city>Plac Hallera 5</city>
        <state>Warszawa</state>
        <zip>03-464</zip>
        <country>Poland</country>
      </address>
    </facility>
  </location>
  <location>
    <facility>
      <name>Oddzial Neurologii -- Klinika Neurologii ICZMP</name>
      <address>
        <city>U1. Parzeczewska 35</city>
        <state>Zgierz</state>
        <zip>95-100</zip>
        <country>Poland</country>
      </address>
    </facility>
  </location>
  <location>
    <facility>
      <name>NZOZ Przychodnia Internistyczno - Stomatologiczna &quot;Kendron&quot;</name>
      <address>
        <city>Bialystok</city>
        <country>Poland</country>
      </address>
    </facility>
  </location>
  <location>
    <facility>
      <name>Wojewodzki Szpital Specjalistyczny im.Mikolaja Kopernika</name>
      <address>
        <city>Gdansk</city>
        <zip>80-803</zip>
        <country>Poland</country>
      </address>
    </facility>
  </location>
  <location>
    <facility>
      <name>WSS im.Kardynala S. Wyszynskiego</name>
      <address>
        <city>Lublin</city>
        <zip>20-718</zip>
        <country>Poland</country>
      </address>
    </facility>
  </location>
  <location>
    <facility>
      <name>Instytut Psychiatrii i Neurologii II Oddzial Neurologii</name>
      <address>
        <city>Warszawa</city>
        <zip>02-957</zip>
        <country>Poland</country>
      </address>
    </facility>
  </location>
  <location>
    <facility>
      <name>Kazan State Medical University</name>
      <address>
        <city>Kazan</city>
        <zip>420012</zip>
        <country>Russian Federation</country>
      </address>
    </facility>
  </location>
  <location>
    <facility>
      <name>City Hospital # 1</name>
      <address>
        <city>Moscow</city>
        <zip>117049</zip>
        <country>Russian Federation</country>
      </address>
    </facility>
  </location>
  <location>
    <facility>
      <name>City Hospital # 33</name>
      <address>
        <city>Moscow</city>
        <country>Russian Federation</country>
      </address>
    </facility>
  </location>
  <location>
    <facility>
      <name>District Antiepileptic Centre City Clinical Hospital # 71</name>
      <address>
        <city>Moscow</city>
        <country>Russian Federation</country>
      </address>
    </facility>
  </location>
  <location>
    <facility>
      <name>Pavlov State Medical University Clinic and Department of Neurology</name>
      <address>
        <city>St. Petersburg</city>
        <country>Russian Federation</country>
      </address>
    </facility>
  </location>
  <location>
    <facility>
      <name>Russian Military Medical Academy</name>
      <address>
        <city>St. Petersburg</city>
        <zip>194044</zip>
        <country>Russian Federation</country>
      </address>
    </facility>
  </location>
  <location>
    <facility>
      <name>Sunninghill &amp; Kopano Clinical Trials</name>
      <address>
        <city>Johannesburg</city>
        <state>Gauteng</state>
        <zip>2157</zip>
        <country>South Africa</country>
      </address>
    </facility>
  </location>
  <location>
    <facility>
      <name>Wilgers MR &amp; Medical Centre</name>
      <address>
        <city>Pretoria</city>
        <state>Gauteng</state>
        <zip>0001</zip>
        <country>South Africa</country>
      </address>
    </facility>
  </location>
  <location>
    <facility>
      <name>Panorama Medi-Clinic</name>
      <address>
        <city>Parow</city>
        <state>W Cape</state>
        <zip>7550</zip>
        <country>South Africa</country>
      </address>
    </facility>
  </location>
  <location>
    <facility>
      <name>Groote Schuur Hospital</name>
      <address>
        <city>Cape Town</city>
        <state>WC</state>
        <zip>7925</zip>
        <country>South Africa</country>
      </address>
    </facility>
  </location>
  <location>
    <facility>
      <name>Carl Bremer Hospital</name>
      <address>
        <city>Belville, W Cape</city>
        <zip>7531</zip>
        <country>South Africa</country>
      </address>
    </facility>
  </location>
  <location>
    <facility>
      <name>Farmovs Parexel</name>
      <address>
        <city>BleomFontein, Free State</city>
        <zip>9300</zip>
        <country>South Africa</country>
      </address>
    </facility>
  </location>
  <location>
    <facility>
      <name>Inkosi Albert Luthuli Central Hospital</name>
      <address>
        <city>Durban, KZ-Natal</city>
        <zip>4091</zip>
        <country>South Africa</country>
      </address>
    </facility>
  </location>
  <location>
    <facility>
      <name>Johannesburg Hospital</name>
      <address>
        <city>Johannesburg, Gauteng</city>
        <zip>2193</zip>
        <country>South Africa</country>
      </address>
    </facility>
  </location>
  <location>
    <facility>
      <name>Triple M Research</name>
      <address>
        <city>Port Elisabeth, E Cape</city>
        <zip>6001</zip>
        <country>South Africa</country>
      </address>
    </facility>
  </location>
  <location>
    <facility>
      <name>Hospital Sta. Creu i S. Pau</name>
      <address>
        <city>Barcelona</city>
        <zip>08025</zip>
        <country>Spain</country>
      </address>
    </facility>
  </location>
  <location>
    <facility>
      <name>Hospital de Cruces Neurology Department</name>
      <address>
        <city>Bilbao</city>
        <zip>48903</zip>
        <country>Spain</country>
      </address>
    </facility>
  </location>
  <location>
    <facility>
      <name>Hosp. Virgen de las Nieves</name>
      <address>
        <city>Granada</city>
        <zip>18014</zip>
        <country>Spain</country>
      </address>
    </facility>
  </location>
  <location>
    <facility>
      <name>Fundacion Jimenez Diaz</name>
      <address>
        <city>Madrid</city>
        <zip>28040</zip>
        <country>Spain</country>
      </address>
    </facility>
  </location>
  <location>
    <facility>
      <name>Hospital Ruber Internacional de Madrid</name>
      <address>
        <city>Madrid</city>
        <zip>28034</zip>
        <country>Spain</country>
      </address>
    </facility>
  </location>
  <location>
    <facility>
      <name>Hosp. de Donostia Neurology Department</name>
      <address>
        <city>San Sebastian</city>
        <zip>20014</zip>
        <country>Spain</country>
      </address>
    </facility>
  </location>
  <location>
    <facility>
      <name>Hospital Universitario Lozano Blesa Neurology Service</name>
      <address>
        <city>Zaragoza</city>
        <zip>50009</zip>
        <country>Spain</country>
      </address>
    </facility>
  </location>
  <location>
    <facility>
      <name>Psychosomatic Center of Dnepropetr. Regional Clinic</name>
      <address>
        <city>Dnepropetrovsk</city>
        <zip>49616</zip>
        <country>Ukraine</country>
      </address>
    </facility>
  </location>
  <location>
    <facility>
      <name>Institute of Neurology, Psychiatry and Narcology of AMS, Ukr</name>
      <address>
        <city>Kharkov</city>
        <zip>31068</zip>
        <country>Ukraine</country>
      </address>
    </facility>
  </location>
  <location>
    <facility>
      <name>Kharkov State Medical University</name>
      <address>
        <city>Kharkov</city>
        <zip>31002</zip>
        <country>Ukraine</country>
      </address>
    </facility>
  </location>
  <location>
    <facility>
      <name>Epilepsy Center of Municipal Clinical Psychoneurological Hospital</name>
      <address>
        <city>Kiev</city>
        <zip>04080</zip>
        <country>Ukraine</country>
      </address>
    </facility>
  </location>
  <location>
    <facility>
      <name>Odessa Regional Clinical Hospital Center for Neurology and Neurosurgery</name>
      <address>
        <city>Odessa</city>
        <zip>65025</zip>
        <country>Ukraine</country>
      </address>
    </facility>
  </location>
  <location>
    <facility>
      <name>The James Cook University Hospital</name>
      <address>
        <city>Middlesbrough</city>
        <state>Mersyd</state>
        <zip>TS4 3BY</zip>
        <country>United Kingdom</country>
      </address>
    </facility>
  </location>
  <location>
    <facility>
      <name>Fylde Coast Hospital</name>
      <address>
        <city>Blackpool</city>
        <zip>FY3 8BP</zip>
        <country>United Kingdom</country>
      </address>
    </facility>
  </location>
  <location>
    <facility>
      <name>Western Infirmary (Epilepsy)</name>
      <address>
        <city>Glasgow</city>
        <zip>G11 6NT</zip>
        <country>United Kingdom</country>
      </address>
    </facility>
  </location>
  <location>
    <facility>
      <name>Royal London Hospital</name>
      <address>
        <city>London</city>
        <zip>GT LON E1 1BB</zip>
        <country>United Kingdom</country>
      </address>
    </facility>
  </location>
  <location_countries>
    <country>Australia</country>
    <country>Belgium</country>
    <country>France</country>
    <country>Germany</country>
    <country>Hungary</country>
    <country>Israel</country>
    <country>Poland</country>
    <country>Russian Federation</country>
    <country>South Africa</country>
    <country>Spain</country>
    <country>Ukraine</country>
    <country>United Kingdom</country>
  </location_countries>
  <verification_date>March 2015</verification_date>
  <lastchanged_date>March 9, 2015</lastchanged_date>
  <firstreceived_date>March 30, 2006</firstreceived_date>
  <responsible_party>
    <responsible_party_type>Sponsor</responsible_party_type>
  </responsible_party>
  <keyword>RTG115097</keyword>
  <keyword>Complex Partial Seizures</keyword>
  <keyword>Potassium Channels</keyword>
  <keyword>Anticonvulsant</keyword>
  <keyword>Epilepsies, Partial</keyword>
  <keyword>Epilepsy</keyword>
  <keyword>Partial Seizures</keyword>
  <is_fda_regulated>Yes</is_fda_regulated>
  <is_section_801>Yes</is_section_801>
  <has_expanded_access>No</has_expanded_access>
  <condition_browse>
    <!-- CAUTION:  The following MeSH terms are assigned with an imperfect algorithm  -->
    <mesh_term>Epilepsy</mesh_term>
  </condition_browse>
  <intervention_browse>
    <!-- CAUTION:  The following MeSH terms are assigned with an imperfect algorithm  -->
    <mesh_term>Ezogabine</mesh_term>
  </intervention_browse>
  <!-- Results have not yet been posted for this study                                -->
</clinical_study>
