<?xml version="1.0" encoding="UTF-8"?>
<clinical_study rank="320">
  <!-- This xml conforms to an XML Schema at:
    https://clinicaltrials.gov/ct2/html/images/info/public.xsd
 and an XML DTD at:
    https://clinicaltrials.gov/ct2/html/images/info/public.dtd -->
  <required_header>
    <download_date>ClinicalTrials.gov processed this data on November 27, 2015</download_date>
    <link_text>Link to the current ClinicalTrials.gov record.</link_text>
    <url>https://clinicaltrials.gov/show/NCT00552305</url>
  </required_header>
  <id_info>
    <org_study_id>SP0615</org_study_id>
    <nct_id>NCT00552305</nct_id>
  </id_info>
  <brief_title>To Determine Tolerability and Efficacy of Long-term Oral Lacosamide in Patients With Partial Seizures</brief_title>
  <official_title>An Open-label Extension Trial to Determine Tolerability and Efficacy of Long-term Oral SPM 927 as Adjunctive Therapy in Patients With Partial Seizures</official_title>
  <sponsors>
    <lead_sponsor>
      <agency>UCB Pharma</agency>
      <agency_class>Industry</agency_class>
    </lead_sponsor>
  </sponsors>
  <source>UCB Pharma</source>
  <oversight_info>
    <authority>United States: Food and Drug Administration</authority>
    <authority>Germany: Federal Institute for Drugs and Medical Devices</authority>
    <authority>Hungary: National Institute of Pharmacy</authority>
    <authority>Lithuania: State Medicine Control Agency - Ministry of Health</authority>
    <authority>Poland: Office for Registration of Medicinal Products, Medical Devices and Biocidal Products</authority>
    <authority>Sweden: Medical Products Agency</authority>
    <authority>United Kingdom: Medicines and Healthcare Products Regulatory Agency</authority>
  </oversight_info>
  <brief_summary>
    <textblock>
      The purpose of this trial is to determine whether lacosamide is safe and effective for
      long-term use in patients with partial-seizures from epilepsy.
    </textblock>
  </brief_summary>
  <overall_status>Completed</overall_status>
  <start_date>August 2001</start_date>
  <completion_date type="Actual">February 2010</completion_date>
  <primary_completion_date type="Actual">February 2010</primary_completion_date>
  <phase>Phase 2</phase>
  <study_type>Interventional</study_type>
  <study_design>Allocation: Non-Randomized, Endpoint Classification: Safety/Efficacy Study, Intervention Model: Single Group Assignment, Masking: Open Label, Primary Purpose: Treatment</study_design>
  <primary_outcome>
    <measure>Number of Subjects Reporting at Least 1 Treat-Emergent Adverse Event (TEAE) During the Treatment Period (up to 8 Years)</measure>
    <time_frame>During the Treatment Period (up to 8 years)</time_frame>
    <safety_issue>No</safety_issue>
    <description>Adverse events are any untoward medical occurrences in a subject administered study treatment, whether or not these events are related to treatment.</description>
  </primary_outcome>
  <primary_outcome>
    <measure>Number of Subjects Prematurely Discontinuing Due to a Treatment-Emergent Adverse Event (TEAE) During the Treatment Period (up to 8 Years)</measure>
    <time_frame>During the Treatment Period (up to 8 years)</time_frame>
    <safety_issue>No</safety_issue>
    <description>Adverse events are any untoward medical occurrences in a subject administered study treatment, whether or not these events are related to treatment.</description>
  </primary_outcome>
  <primary_outcome>
    <measure>Number of Subjects Reporting at Least 1 Serious Adverse Event (SAE) During the Treatment Period (up to 8 Years)</measure>
    <time_frame>During the Treatment Period (up to 8 years)</time_frame>
    <safety_issue>No</safety_issue>
    <description>A serious adverse event is any untoward medical occurrences in a subject administered study treatment, whether or not the event is related to treatment, with at least one of the follow outcomes: death, life-threatening, initial inpatient hospitalization or prolongation of hospitalization, significant or persistent disability/incapacity, congenital anomaly/birth defect, or an important medical event that may jeopardize the subject and require a medical/surgical intervention.</description>
  </primary_outcome>
  <secondary_outcome>
    <measure>Median Percentage Change From Baseline in 28-day Seizure Frequency During the Treatment Period (up to 8 Years)</measure>
    <time_frame>Baseline, End of Treatment Period (up to 8 years)</time_frame>
    <safety_issue>No</safety_issue>
    <description>Median percentage change is the median value with respect to the percent change from Baseline across the population of subjects. Percentage change is calculated as 100 times the difference of the seizure frequency for the treatment period and the Baseline seizure frequency divided by the baseline seizure frequency.
Negative changes from Baseline indicate an improvement (i.e., a reduction) in 28-day seizure frequency.</description>
  </secondary_outcome>
  <secondary_outcome>
    <measure>Percentage of at Least 50% Responders During the Treatment Period (up to 8 Years)</measure>
    <time_frame>Treatment Period (up to 8 years)</time_frame>
    <safety_issue>No</safety_issue>
    <description>At least 50 percent response is based on the percentage reduction in 28-day seizure frequency during the Treatment Period of the open-label extension relative to the Baseline Phase of the prior study. This endpoint reflects the percentage of subjects with at least 50% reduction (ie, at least 50% change) in 28-day partial onset seizure frequency</description>
  </secondary_outcome>
  <number_of_arms>1</number_of_arms>
  <enrollment type="Actual">370</enrollment>
  <condition>Partial Epilepsies</condition>
  <arm_group>
    <arm_group_label>Lacosamide</arm_group_label>
    <arm_group_type>Experimental</arm_group_type>
    <description>50mg and 100mg tablets up to 800 mg/day as twice a day (BID) dosing</description>
  </arm_group>
  <intervention>
    <intervention_type>Drug</intervention_type>
    <intervention_name>lacosamide</intervention_name>
    <description>50mg and 100mg tablets up to 800 mg/day as twice a day (BID) dosing throughout the trial</description>
    <arm_group_label>Lacosamide</arm_group_label>
    <other_name>Vimpat</other_name>
  </intervention>
  <eligibility>
    <criteria>
      <textblock>
        Inclusion Criteria:

          -  Completion of parent clinical trial for treatment of partial seizures.

        Exclusion Criteria:

          -  Receiving any study drug or experimental device other than lacosamide.

          -  Meets withdrawal criteria for parent trial or experiencing ongoing serious adverse
             event.
      </textblock>
    </criteria>
    <gender>Both</gender>
    <minimum_age>N/A</minimum_age>
    <maximum_age>N/A</maximum_age>
    <healthy_volunteers>No</healthy_volunteers>
  </eligibility>
  <overall_official>
    <last_name>UCB Clinical Trial Call Center</last_name>
    <role>Study Director</role>
    <affiliation>+1 877 822 9493 (UCB)</affiliation>
  </overall_official>
  <location>
    <facility>
      <address>
        <city>Birmingham</city>
        <state>Alabama</state>
        <country>United States</country>
      </address>
    </facility>
  </location>
  <location>
    <facility>
      <address>
        <city>Huntsville</city>
        <state>Alabama</state>
        <country>United States</country>
      </address>
    </facility>
  </location>
  <location>
    <facility>
      <address>
        <city>Phoenix</city>
        <state>Arizona</state>
        <country>United States</country>
      </address>
    </facility>
  </location>
  <location>
    <facility>
      <address>
        <city>Tucson</city>
        <state>Arizona</state>
        <country>United States</country>
      </address>
    </facility>
  </location>
  <location>
    <facility>
      <address>
        <city>Little Rock</city>
        <state>Arkansas</state>
        <country>United States</country>
      </address>
    </facility>
  </location>
  <location>
    <facility>
      <address>
        <city>Los Angeles</city>
        <state>California</state>
        <country>United States</country>
      </address>
    </facility>
  </location>
  <location>
    <facility>
      <address>
        <city>Englewood</city>
        <state>Colorado</state>
        <country>United States</country>
      </address>
    </facility>
  </location>
  <location>
    <facility>
      <address>
        <city>Gainesville</city>
        <state>Florida</state>
        <country>United States</country>
      </address>
    </facility>
  </location>
  <location>
    <facility>
      <address>
        <city>Hollywood</city>
        <state>Florida</state>
        <country>United States</country>
      </address>
    </facility>
  </location>
  <location>
    <facility>
      <address>
        <city>Miami</city>
        <state>Florida</state>
        <country>United States</country>
      </address>
    </facility>
  </location>
  <location>
    <facility>
      <address>
        <city>Ponte Verda Beach</city>
        <state>Florida</state>
        <country>United States</country>
      </address>
    </facility>
  </location>
  <location>
    <facility>
      <address>
        <city>Chicago</city>
        <state>Illinois</state>
        <country>United States</country>
      </address>
    </facility>
  </location>
  <location>
    <facility>
      <address>
        <city>Springfield</city>
        <state>Illinois</state>
        <country>United States</country>
      </address>
    </facility>
  </location>
  <location>
    <facility>
      <address>
        <city>Indianapolis</city>
        <state>Indiana</state>
        <country>United States</country>
      </address>
    </facility>
  </location>
  <location>
    <facility>
      <address>
        <city>Iowa City</city>
        <state>Iowa</state>
        <country>United States</country>
      </address>
    </facility>
  </location>
  <location>
    <facility>
      <address>
        <city>Wichita</city>
        <state>Kansas</state>
        <country>United States</country>
      </address>
    </facility>
  </location>
  <location>
    <facility>
      <address>
        <city>Crestview Hills</city>
        <state>Kentucky</state>
        <country>United States</country>
      </address>
    </facility>
  </location>
  <location>
    <facility>
      <address>
        <city>Lexington</city>
        <state>Kentucky</state>
        <country>United States</country>
      </address>
    </facility>
  </location>
  <location>
    <facility>
      <address>
        <city>Baltimore</city>
        <state>Maryland</state>
        <country>United States</country>
      </address>
    </facility>
  </location>
  <location>
    <facility>
      <address>
        <city>Frederick</city>
        <state>Maryland</state>
        <country>United States</country>
      </address>
    </facility>
  </location>
  <location>
    <facility>
      <address>
        <city>Boston</city>
        <state>Massachusetts</state>
        <country>United States</country>
      </address>
    </facility>
  </location>
  <location>
    <facility>
      <address>
        <city>Ann Arbor</city>
        <state>Michigan</state>
        <country>United States</country>
      </address>
    </facility>
  </location>
  <location>
    <facility>
      <address>
        <city>Detroit</city>
        <state>Michigan</state>
        <country>United States</country>
      </address>
    </facility>
  </location>
  <location>
    <facility>
      <address>
        <city>St Paul</city>
        <state>Minnesota</state>
        <country>United States</country>
      </address>
    </facility>
  </location>
  <location>
    <facility>
      <address>
        <city>Chesterfield</city>
        <state>Missouri</state>
        <country>United States</country>
      </address>
    </facility>
  </location>
  <location>
    <facility>
      <address>
        <city>St Louis</city>
        <state>Missouri</state>
        <country>United States</country>
      </address>
    </facility>
  </location>
  <location>
    <facility>
      <address>
        <city>Somerset</city>
        <state>New Jersey</state>
        <country>United States</country>
      </address>
    </facility>
  </location>
  <location>
    <facility>
      <address>
        <city>New York</city>
        <state>New York</state>
        <country>United States</country>
      </address>
    </facility>
  </location>
  <location>
    <facility>
      <address>
        <city>Durham</city>
        <state>North Carolina</state>
        <country>United States</country>
      </address>
    </facility>
  </location>
  <location>
    <facility>
      <address>
        <city>Cincinnati</city>
        <state>Ohio</state>
        <country>United States</country>
      </address>
    </facility>
  </location>
  <location>
    <facility>
      <address>
        <city>Cleveland</city>
        <state>Ohio</state>
        <country>United States</country>
      </address>
    </facility>
  </location>
  <location>
    <facility>
      <address>
        <city>Columbus</city>
        <state>Ohio</state>
        <country>United States</country>
      </address>
    </facility>
  </location>
  <location>
    <facility>
      <address>
        <city>Hershey</city>
        <state>Pennsylvania</state>
        <country>United States</country>
      </address>
    </facility>
  </location>
  <location>
    <facility>
      <address>
        <city>Philadelphia</city>
        <state>Pennsylvania</state>
        <country>United States</country>
      </address>
    </facility>
  </location>
  <location>
    <facility>
      <address>
        <city>Nashville</city>
        <state>Tennessee</state>
        <country>United States</country>
      </address>
    </facility>
  </location>
  <location>
    <facility>
      <address>
        <city>Dallas</city>
        <state>Texas</state>
        <country>United States</country>
      </address>
    </facility>
  </location>
  <location>
    <facility>
      <address>
        <city>Irving</city>
        <state>Texas</state>
        <country>United States</country>
      </address>
    </facility>
  </location>
  <location>
    <facility>
      <address>
        <city>Lubbock</city>
        <state>Texas</state>
        <country>United States</country>
      </address>
    </facility>
  </location>
  <location>
    <facility>
      <address>
        <city>Wichita Falls</city>
        <state>Texas</state>
        <country>United States</country>
      </address>
    </facility>
  </location>
  <location>
    <facility>
      <address>
        <city>Bennington</city>
        <state>Vermont</state>
        <country>United States</country>
      </address>
    </facility>
  </location>
  <location>
    <facility>
      <address>
        <city>Charlottesville</city>
        <state>Virginia</state>
        <country>United States</country>
      </address>
    </facility>
  </location>
  <location>
    <facility>
      <address>
        <city>Marshfield</city>
        <state>Wisconsin</state>
        <country>United States</country>
      </address>
    </facility>
  </location>
  <location>
    <facility>
      <address>
        <city>Milwaukee</city>
        <state>Wisconsin</state>
        <country>United States</country>
      </address>
    </facility>
  </location>
  <location>
    <facility>
      <address>
        <city>Bonn</city>
        <country>Germany</country>
      </address>
    </facility>
  </location>
  <location>
    <facility>
      <address>
        <city>Erlangen</city>
        <country>Germany</country>
      </address>
    </facility>
  </location>
  <location>
    <facility>
      <address>
        <city>Kehl Kork</city>
        <country>Germany</country>
      </address>
    </facility>
  </location>
  <location>
    <facility>
      <address>
        <city>Schwalmstedt-Treysa</city>
        <country>Germany</country>
      </address>
    </facility>
  </location>
  <location>
    <facility>
      <address>
        <city>Budapest</city>
        <country>Hungary</country>
      </address>
    </facility>
  </location>
  <location>
    <facility>
      <address>
        <city>Zalaegerszeg</city>
        <country>Hungary</country>
      </address>
    </facility>
  </location>
  <location>
    <facility>
      <address>
        <city>Kaunas</city>
        <country>Lithuania</country>
      </address>
    </facility>
  </location>
  <location>
    <facility>
      <address>
        <city>Vilnius</city>
        <country>Lithuania</country>
      </address>
    </facility>
  </location>
  <location>
    <facility>
      <address>
        <city>Poznan</city>
        <country>Poland</country>
      </address>
    </facility>
  </location>
  <location>
    <facility>
      <address>
        <city>Goteborg</city>
        <country>Sweden</country>
      </address>
    </facility>
  </location>
  <location>
    <facility>
      <address>
        <city>Stockholm</city>
        <country>Sweden</country>
      </address>
    </facility>
  </location>
  <location>
    <facility>
      <address>
        <city>Bern/Biel</city>
        <country>Switzerland</country>
      </address>
    </facility>
  </location>
  <location>
    <facility>
      <address>
        <city>Zurich</city>
        <country>Switzerland</country>
      </address>
    </facility>
  </location>
  <location>
    <facility>
      <address>
        <city>Bucks/London</city>
        <country>United Kingdom</country>
      </address>
    </facility>
  </location>
  <location>
    <facility>
      <address>
        <city>Glasgow</city>
        <country>United Kingdom</country>
      </address>
    </facility>
  </location>
  <location>
    <facility>
      <address>
        <city>Liverpool</city>
        <country>United Kingdom</country>
      </address>
    </facility>
  </location>
  <location_countries>
    <country>Germany</country>
    <country>Hungary</country>
    <country>Lithuania</country>
    <country>Poland</country>
    <country>Sweden</country>
    <country>Switzerland</country>
    <country>United Kingdom</country>
    <country>United States</country>
  </location_countries>
  <link>
    <url>http://www.vimpat.com/pdfs/PI.pdf</url>
    <description>Product Information</description>
  </link>
  <link>
    <url>http://www.fda.gov/Safety/MedWatch/SafetyInformation/default.htm</url>
    <description>FDA Safety Alerts and Recalls</description>
  </link>
  <verification_date>September 2011</verification_date>
  <lastchanged_date>September 19, 2014</lastchanged_date>
  <firstreceived_date>October 30, 2007</firstreceived_date>
  <firstreceived_results_date>February 23, 2011</firstreceived_results_date>
  <responsible_party>
    <responsible_party_type>Sponsor</responsible_party_type>
  </responsible_party>
  <is_fda_regulated>Yes</is_fda_regulated>
  <is_section_801>Yes</is_section_801>
  <has_expanded_access>No</has_expanded_access>
  <condition_browse>
    <!-- CAUTION:  The following MeSH terms are assigned with an imperfect algorithm  -->
    <mesh_term>Epilepsies, Partial</mesh_term>
  </condition_browse>
  <intervention_browse>
    <!-- CAUTION:  The following MeSH terms are assigned with an imperfect algorithm  -->
    <mesh_term>Lacosamide</mesh_term>
  </intervention_browse>

  <clinical_results>

    <participant_flow>
      <recruitment_details>The study was started in August of 2001 with recruitment occurring in the United States, Germany, Hungary, Lithuania, Poland, Sweden, Switzerland, and the United Kingdom. The study had last patient last visit in February of 2010.</recruitment_details>
      <group_list>
        <group group_id="P1">
          <title>Lacosamide</title>
          <description>50mg and 100mg tablets of lacosamide up to 800 mg/day as twice daily (BID) dosing throughout the trial (flexible dosing)</description>
        </group>
      </group_list>
      <period_list>
        <period>
          <title>Overall Study</title>
          <milestone_list>
            <milestone>
              <title>STARTED</title>
              <participants_list>
                <participants group_id="P1" count="370"/>
              </participants_list>
            </milestone>
            <milestone>
              <title>COMPLETED</title>
              <participants_list>
                <participants group_id="P1" count="120"/>
              </participants_list>
            </milestone>
            <milestone>
              <title>NOT COMPLETED</title>
              <participants_list>
                <participants group_id="P1" count="250"/>
              </participants_list>
            </milestone>
          </milestone_list>
          <drop_withdraw_reason_list>
            <drop_withdraw_reason>
              <title>Adverse Event</title>
              <participants_list>
                <participants group_id="P1" count="43"/>
              </participants_list>
            </drop_withdraw_reason>
            <drop_withdraw_reason>
              <title>Lack of Efficacy</title>
              <participants_list>
                <participants group_id="P1" count="120"/>
              </participants_list>
            </drop_withdraw_reason>
            <drop_withdraw_reason>
              <title>Lost to Follow-up</title>
              <participants_list>
                <participants group_id="P1" count="4"/>
              </participants_list>
            </drop_withdraw_reason>
            <drop_withdraw_reason>
              <title>Protocol Violation</title>
              <participants_list>
                <participants group_id="P1" count="3"/>
              </participants_list>
            </drop_withdraw_reason>
            <drop_withdraw_reason>
              <title>Withdrawal by Subject</title>
              <participants_list>
                <participants group_id="P1" count="44"/>
              </participants_list>
            </drop_withdraw_reason>
            <drop_withdraw_reason>
              <title>Lack of efficacy/withdrew consent</title>
              <participants_list>
                <participants group_id="P1" count="1"/>
              </participants_list>
            </drop_withdraw_reason>
            <drop_withdraw_reason>
              <title>Lack of efficacy (LoE)/adverse event</title>
              <participants_list>
                <participants group_id="P1" count="3"/>
              </participants_list>
            </drop_withdraw_reason>
            <drop_withdraw_reason>
              <title>Adverse event (AE)/withdrew (WD) consent</title>
              <participants_list>
                <participants group_id="P1" count="2"/>
              </participants_list>
            </drop_withdraw_reason>
            <drop_withdraw_reason>
              <title>Unsatisfactory compliance</title>
              <participants_list>
                <participants group_id="P1" count="11"/>
              </participants_list>
            </drop_withdraw_reason>
            <drop_withdraw_reason>
              <title>Poor compliance/lost to follow-up</title>
              <participants_list>
                <participants group_id="P1" count="1"/>
              </participants_list>
            </drop_withdraw_reason>
            <drop_withdraw_reason>
              <title>AE/Other: prohibited drug required</title>
              <participants_list>
                <participants group_id="P1" count="1"/>
              </participants_list>
            </drop_withdraw_reason>
            <drop_withdraw_reason>
              <title>LoE/WD consent/Other: cannot make visits</title>
              <participants_list>
                <participants group_id="P1" count="1"/>
              </participants_list>
            </drop_withdraw_reason>
            <drop_withdraw_reason>
              <title>Other: Site closed</title>
              <participants_list>
                <participants group_id="P1" count="4"/>
              </participants_list>
            </drop_withdraw_reason>
            <drop_withdraw_reason>
              <title>Other: Personal problems</title>
              <participants_list>
                <participants group_id="P1" count="1"/>
              </participants_list>
            </drop_withdraw_reason>
            <drop_withdraw_reason>
              <title>Other: Unable to attend visits</title>
              <participants_list>
                <participants group_id="P1" count="1"/>
              </participants_list>
            </drop_withdraw_reason>
            <drop_withdraw_reason>
              <title>Other: Subject underwent surgery</title>
              <participants_list>
                <participants group_id="P1" count="4"/>
              </participants_list>
            </drop_withdraw_reason>
            <drop_withdraw_reason>
              <title>Other: Subject became pregnant</title>
              <participants_list>
                <participants group_id="P1" count="1"/>
              </participants_list>
            </drop_withdraw_reason>
            <drop_withdraw_reason>
              <title>Other: Health problems, not drug related</title>
              <participants_list>
                <participants group_id="P1" count="1"/>
              </participants_list>
            </drop_withdraw_reason>
            <drop_withdraw_reason>
              <title>Other: Subject moved from area</title>
              <participants_list>
                <participants group_id="P1" count="2"/>
              </participants_list>
            </drop_withdraw_reason>
            <drop_withdraw_reason>
              <title>Other: Subject incarcerated</title>
              <participants_list>
                <participants group_id="P1" count="1"/>
              </participants_list>
            </drop_withdraw_reason>
            <drop_withdraw_reason>
              <title>Other: Subject went to rehab</title>
              <participants_list>
                <participants group_id="P1" count="1"/>
              </participants_list>
            </drop_withdraw_reason>
          </drop_withdraw_reason_list>
        </period>
      </period_list>
    </participant_flow>

    <baseline>
      <group_list>
        <group group_id="B1">
          <title>Lacosamide</title>
          <description>50mg and 100mg tablets of lacosamide up to 800 mg/day as twice daily (BID) dosing throughout the trial (flexible dosing)</description>
        </group>
      </group_list>
      <measure_list>
        <measure>
          <title>Number of Participants</title>
          <units>participants</units>
          <param>Number</param>
          <category_list>
            <category>
              <measurement_list>
                <measurement group_id="B1" value="370"/>
              </measurement_list>
            </category>
          </category_list>
        </measure>
        <measure>
          <title>Age</title>
          <units>participants</units>
          <param>Number</param>
          <category_list>
            <category>
              <sub_title>&lt;=18 years</sub_title>
              <measurement_list>
                <measurement group_id="B1" value="3"/>
              </measurement_list>
            </category>
            <category>
              <sub_title>Between 18 and 65 years</sub_title>
              <measurement_list>
                <measurement group_id="B1" value="364"/>
              </measurement_list>
            </category>
            <category>
              <sub_title>&gt;=65 years</sub_title>
              <measurement_list>
                <measurement group_id="B1" value="3"/>
              </measurement_list>
            </category>
          </category_list>
        </measure>
        <measure>
          <title>Age</title>
          <units>years</units>
          <param>Mean</param>
          <dispersion>Standard Deviation</dispersion>
          <category_list>
            <category>
              <measurement_list>
                <measurement group_id="B1" value="40.8" spread="11.01"/>
              </measurement_list>
            </category>
          </category_list>
        </measure>
        <measure>
          <title>Gender</title>
          <units>participants</units>
          <param>Number</param>
          <category_list>
            <category>
              <sub_title>Female</sub_title>
              <measurement_list>
                <measurement group_id="B1" value="192"/>
              </measurement_list>
            </category>
            <category>
              <sub_title>Male</sub_title>
              <measurement_list>
                <measurement group_id="B1" value="178"/>
              </measurement_list>
            </category>
          </category_list>
        </measure>
        <measure>
          <title>Region of Enrollment</title>
          <units>participants</units>
          <param>Number</param>
          <category_list>
            <category>
              <sub_title>United States</sub_title>
              <measurement_list>
                <measurement group_id="B1" value="248"/>
              </measurement_list>
            </category>
            <category>
              <sub_title>Hungary</sub_title>
              <measurement_list>
                <measurement group_id="B1" value="13"/>
              </measurement_list>
            </category>
            <category>
              <sub_title>Poland</sub_title>
              <measurement_list>
                <measurement group_id="B1" value="4"/>
              </measurement_list>
            </category>
            <category>
              <sub_title>Lithuania</sub_title>
              <measurement_list>
                <measurement group_id="B1" value="46"/>
              </measurement_list>
            </category>
            <category>
              <sub_title>Germany</sub_title>
              <measurement_list>
                <measurement group_id="B1" value="21"/>
              </measurement_list>
            </category>
            <category>
              <sub_title>United Kingdom</sub_title>
              <measurement_list>
                <measurement group_id="B1" value="12"/>
              </measurement_list>
            </category>
            <category>
              <sub_title>Switzerland</sub_title>
              <measurement_list>
                <measurement group_id="B1" value="2"/>
              </measurement_list>
            </category>
            <category>
              <sub_title>Sweden</sub_title>
              <measurement_list>
                <measurement group_id="B1" value="24"/>
              </measurement_list>
            </category>
          </category_list>
        </measure>
      </measure_list>
    </baseline>

    <outcome_list>
      <outcome>
        <type>Primary</type>
        <title>Number of Subjects Reporting at Least 1 Treat-Emergent Adverse Event (TEAE) During the Treatment Period (up to 8 Years)</title>
        <description>Adverse events are any untoward medical occurrences in a subject administered study treatment, whether or not these events are related to treatment.</description>
        <time_frame>During the Treatment Period (up to 8 years)</time_frame>
        <safety_issue>No</safety_issue>
        <population>Of the 370 subjects who entered the study, 370 are included in this summary based on the Safety Set (SS). SS population: number of subjects treated.</population>
        <group_list>
          <group group_id="O1">
            <title>Lacosamide</title>
            <description>50mg and 100mg tablets of lacosamide up to 800 mg/day as twice daily (BID) dosing throughout the trial (flexible dosing)</description>
          </group>
        </group_list>
        <measure_list>
          <measure>
            <title>Number of Participants</title>
            <units>participants</units>
            <param>Number</param>
            <category_list>
              <category>
                <measurement_list>
                  <measurement group_id="O1" value="370"/>
                </measurement_list>
              </category>
            </category_list>
          </measure>
          <measure>
            <title>Number of Subjects Reporting at Least 1 Treat-Emergent Adverse Event (TEAE) During the Treatment Period (up to 8 Years)</title>
            <description>Adverse events are any untoward medical occurrences in a subject administered study treatment, whether or not these events are related to treatment.</description>
            <units>subjects</units>
            <param>Number</param>
            <category_list>
              <category>
                <measurement_list>
                  <measurement group_id="O1" value="343"/>
                </measurement_list>
              </category>
            </category_list>
          </measure>
        </measure_list>
      </outcome>
      <outcome>
        <type>Primary</type>
        <title>Number of Subjects Prematurely Discontinuing Due to a Treatment-Emergent Adverse Event (TEAE) During the Treatment Period (up to 8 Years)</title>
        <description>Adverse events are any untoward medical occurrences in a subject administered study treatment, whether or not these events are related to treatment.</description>
        <time_frame>During the Treatment Period (up to 8 years)</time_frame>
        <safety_issue>No</safety_issue>
        <population>Of the 370 subjects who entered the study, 370 are included in this summary based on the Safety Set (SS). SS population: number of subjects treated.</population>
        <group_list>
          <group group_id="O1">
            <title>Lacosamide</title>
            <description>50mg and 100mg tablets of lacosamide up to 800 mg/day as twice daily (BID) dosing throughout the trial (flexible dosing)</description>
          </group>
        </group_list>
        <measure_list>
          <measure>
            <title>Number of Participants</title>
            <units>participants</units>
            <param>Number</param>
            <category_list>
              <category>
                <measurement_list>
                  <measurement group_id="O1" value="370"/>
                </measurement_list>
              </category>
            </category_list>
          </measure>
          <measure>
            <title>Number of Subjects Prematurely Discontinuing Due to a Treatment-Emergent Adverse Event (TEAE) During the Treatment Period (up to 8 Years)</title>
            <description>Adverse events are any untoward medical occurrences in a subject administered study treatment, whether or not these events are related to treatment.</description>
            <units>subjects</units>
            <param>Number</param>
            <category_list>
              <category>
                <measurement_list>
                  <measurement group_id="O1" value="47"/>
                </measurement_list>
              </category>
            </category_list>
          </measure>
        </measure_list>
      </outcome>
      <outcome>
        <type>Primary</type>
        <title>Number of Subjects Reporting at Least 1 Serious Adverse Event (SAE) During the Treatment Period (up to 8 Years)</title>
        <description>A serious adverse event is any untoward medical occurrences in a subject administered study treatment, whether or not the event is related to treatment, with at least one of the follow outcomes: death, life-threatening, initial inpatient hospitalization or prolongation of hospitalization, significant or persistent disability/incapacity, congenital anomaly/birth defect, or an important medical event that may jeopardize the subject and require a medical/surgical intervention.</description>
        <time_frame>During the Treatment Period (up to 8 years)</time_frame>
        <safety_issue>No</safety_issue>
        <population>Of the 370 subjects who entered the study, 370 are included in this summary based on the Safety Set (SS). SS population: number of subjects treated.</population>
        <group_list>
          <group group_id="O1">
            <title>Lacosamide</title>
            <description>50mg and 100mg tablets of lacosamide up to 800 mg/day as twice daily (BID) dosing throughout the trial (flexible dosing)</description>
          </group>
        </group_list>
        <measure_list>
          <measure>
            <title>Number of Participants</title>
            <units>participants</units>
            <param>Number</param>
            <category_list>
              <category>
                <measurement_list>
                  <measurement group_id="O1" value="370"/>
                </measurement_list>
              </category>
            </category_list>
          </measure>
          <measure>
            <title>Number of Subjects Reporting at Least 1 Serious Adverse Event (SAE) During the Treatment Period (up to 8 Years)</title>
            <description>A serious adverse event is any untoward medical occurrences in a subject administered study treatment, whether or not the event is related to treatment, with at least one of the follow outcomes: death, life-threatening, initial inpatient hospitalization or prolongation of hospitalization, significant or persistent disability/incapacity, congenital anomaly/birth defect, or an important medical event that may jeopardize the subject and require a medical/surgical intervention.</description>
            <units>subjects</units>
            <param>Number</param>
            <category_list>
              <category>
                <measurement_list>
                  <measurement group_id="O1" value="125"/>
                </measurement_list>
              </category>
            </category_list>
          </measure>
        </measure_list>
      </outcome>
      <outcome>
        <type>Secondary</type>
        <title>Median Percentage Change From Baseline in 28-day Seizure Frequency During the Treatment Period (up to 8 Years)</title>
        <description>Median percentage change is the median value with respect to the percent change from Baseline across the population of subjects. Percentage change is calculated as 100 times the difference of the seizure frequency for the treatment period and the Baseline seizure frequency divided by the baseline seizure frequency.
Negative changes from Baseline indicate an improvement (i.e., a reduction) in 28-day seizure frequency.</description>
        <time_frame>Baseline, End of Treatment Period (up to 8 years)</time_frame>
        <safety_issue>No</safety_issue>
        <population>Of the 370 subjects who were enrolled/treated in the study, 369 are included in this summary based on the Full Analysis Set (FAS). FAS population: number of subjects treated with at least 1 post-baseline seizure diary day with available data during the SP615 study.</population>
        <group_list>
          <group group_id="O1">
            <title>Lacosamide</title>
            <description>50mg and 100mg tablets of lacosamide up to 800 mg/day as twice daily (BID) dosing throughout the trial (flexible dosing)</description>
          </group>
        </group_list>
        <measure_list>
          <measure>
            <title>Number of Participants</title>
            <units>participants</units>
            <param>Number</param>
            <category_list>
              <category>
                <measurement_list>
                  <measurement group_id="O1" value="369"/>
                </measurement_list>
              </category>
            </category_list>
          </measure>
          <measure>
            <title>Median Percentage Change From Baseline in 28-day Seizure Frequency During the Treatment Period (up to 8 Years)</title>
            <description>Median percentage change is the median value with respect to the percent change from Baseline across the population of subjects. Percentage change is calculated as 100 times the difference of the seizure frequency for the treatment period and the Baseline seizure frequency divided by the baseline seizure frequency.
Negative changes from Baseline indicate an improvement (i.e., a reduction) in 28-day seizure frequency.</description>
            <units>percentage change</units>
            <param>Median</param>
            <dispersion>Full Range</dispersion>
            <category_list>
              <category>
                <measurement_list>
                  <measurement group_id="O1" value="-50.8" lower_limit="-100.0" upper_limit="408.9"/>
                </measurement_list>
              </category>
            </category_list>
          </measure>
        </measure_list>
      </outcome>
      <outcome>
        <type>Secondary</type>
        <title>Percentage of at Least 50% Responders During the Treatment Period (up to 8 Years)</title>
        <description>At least 50 percent response is based on the percentage reduction in 28-day seizure frequency during the Treatment Period of the open-label extension relative to the Baseline Phase of the prior study. This endpoint reflects the percentage of subjects with at least 50% reduction (ie, at least 50% change) in 28-day partial onset seizure frequency</description>
        <time_frame>Treatment Period (up to 8 years)</time_frame>
        <safety_issue>No</safety_issue>
        <population>Of the 370 subjects who were enrolled/treated in the study, 369 are included in this summary based on the Full Analysis Set (FAS). FAS population: number of subjects treated with at least 1 post-baseline seizure diary day with available data during the SP615 study.</population>
        <group_list>
          <group group_id="O1">
            <title>Lacosamide</title>
            <description>50mg and 100mg tablets of lacosamide up to 800 mg/day as twice daily (BID) dosing throughout the trial (flexible dosing)</description>
          </group>
        </group_list>
        <measure_list>
          <measure>
            <title>Number of Participants</title>
            <units>participants</units>
            <param>Number</param>
            <category_list>
              <category>
                <measurement_list>
                  <measurement group_id="O1" value="369"/>
                </measurement_list>
              </category>
            </category_list>
          </measure>
          <measure>
            <title>Percentage of at Least 50% Responders During the Treatment Period (up to 8 Years)</title>
            <description>At least 50 percent response is based on the percentage reduction in 28-day seizure frequency during the Treatment Period of the open-label extension relative to the Baseline Phase of the prior study. This endpoint reflects the percentage of subjects with at least 50% reduction (ie, at least 50% change) in 28-day partial onset seizure frequency</description>
            <units>percentage of subjects</units>
            <param>Number</param>
            <category_list>
              <category>
                <measurement_list>
                  <measurement group_id="O1" value="51.2"/>
                </measurement_list>
              </category>
            </category_list>
          </measure>
        </measure_list>
      </outcome>
    </outcome_list>

    <reported_events>
      <time_frame>The adverse event summaries are based on data collected during the 8 years of the study for all 370 patients</time_frame>
      <group_list>
        <group group_id="E1">
          <title>Lacosamide</title>
          <description>50mg and 100mg tablets of lacosamide up to 800 mg/day as twice daily (BID) dosing throughout the trial (flexible dosing)</description>
        </group>
      </group_list>
      <serious_events>
        <default_vocab>MedDRA (9.1)</default_vocab>
        <default_assessment>Non-systematic Assessment</default_assessment>
        <category_list>
          <category>
            <title>Total</title>
            <event_list>
              <event>
                <sub_title>Total, serious adverse events</sub_title>
                <counts group_id="E1" subjects_affected="125" subjects_at_risk="370"/>
              </event>
            </event_list>
          </category>
          <category>
            <title>Blood and lymphatic system disorders</title>
            <event_list>
              <event>
                <sub_title>LEUKOPENIA</sub_title>
                <counts group_id="E1" events="1" subjects_affected="1" subjects_at_risk="370"/>
              </event>
            </event_list>
          </category>
          <category>
            <title>Cardiac disorders</title>
            <event_list>
              <event>
                <sub_title>SINUS BRADYCARDIA</sub_title>
                <counts group_id="E1" events="3" subjects_affected="3" subjects_at_risk="370"/>
              </event>
              <event>
                <sub_title>ANGINA PECTORIS</sub_title>
                <counts group_id="E1" events="3" subjects_affected="3" subjects_at_risk="370"/>
              </event>
              <event>
                <sub_title>ATRIAL FIBRILLATION</sub_title>
                <counts group_id="E1" events="1" subjects_affected="1" subjects_at_risk="370"/>
              </event>
              <event>
                <sub_title>ATRIOVENTRICULAR BLOCK FIRST DEGREE</sub_title>
                <counts group_id="E1" events="1" subjects_affected="1" subjects_at_risk="370"/>
              </event>
              <event>
                <sub_title>ACUTE CORONARY SYNDROME</sub_title>
                <counts group_id="E1" events="1" subjects_affected="1" subjects_at_risk="370"/>
              </event>
              <event>
                <sub_title>BRADYCARDIA</sub_title>
                <counts group_id="E1" events="1" subjects_affected="1" subjects_at_risk="370"/>
              </event>
              <event>
                <sub_title>CARDIAC FIBRILLATION</sub_title>
                <counts group_id="E1" events="1" subjects_affected="1" subjects_at_risk="370"/>
              </event>
              <event>
                <sub_title>CARDIOMYOPATHY</sub_title>
                <counts group_id="E1" events="1" subjects_affected="1" subjects_at_risk="370"/>
              </event>
              <event>
                <sub_title>CORONARY ARTERY STENOSIS</sub_title>
                <counts group_id="E1" events="1" subjects_affected="1" subjects_at_risk="370"/>
              </event>
              <event>
                <sub_title>CORONARY ARTERY DISEASE</sub_title>
                <counts group_id="E1" events="1" subjects_affected="1" subjects_at_risk="370"/>
              </event>
              <event>
                <sub_title>MYOCARDIAL INFARCTION</sub_title>
                <counts group_id="E1" events="1" subjects_affected="1" subjects_at_risk="370"/>
              </event>
            </event_list>
          </category>
          <category>
            <title>Ear and labyrinth disorders</title>
            <event_list>
              <event>
                <sub_title>VERTIGO</sub_title>
                <counts group_id="E1" events="1" subjects_affected="1" subjects_at_risk="370"/>
              </event>
            </event_list>
          </category>
          <category>
            <title>Eye disorders</title>
            <event_list>
              <event>
                <sub_title>VISION BLURRED</sub_title>
                <counts group_id="E1" events="1" subjects_affected="1" subjects_at_risk="370"/>
              </event>
            </event_list>
          </category>
          <category>
            <title>Gastrointestinal disorders</title>
            <event_list>
              <event>
                <sub_title>VOMITING</sub_title>
                <counts group_id="E1" events="3" subjects_affected="2" subjects_at_risk="370"/>
              </event>
              <event>
                <sub_title>COLITIS</sub_title>
                <counts group_id="E1" events="1" subjects_affected="1" subjects_at_risk="370"/>
              </event>
              <event>
                <sub_title>INGUINAL HERNIA</sub_title>
                <counts group_id="E1" events="1" subjects_affected="1" subjects_at_risk="370"/>
              </event>
              <event>
                <sub_title>HAEMORRHOIDS</sub_title>
                <counts group_id="E1" events="1" subjects_affected="1" subjects_at_risk="370"/>
              </event>
              <event>
                <sub_title>IRRITABLE BOWEL SYNDROME</sub_title>
                <counts group_id="E1" events="1" subjects_affected="1" subjects_at_risk="370"/>
              </event>
              <event>
                <sub_title>NAUSEA</sub_title>
                <counts group_id="E1" events="1" subjects_affected="1" subjects_at_risk="370"/>
              </event>
              <event>
                <sub_title>RECTAL HAEMORRHAGE</sub_title>
                <counts group_id="E1" events="1" subjects_affected="1" subjects_at_risk="370"/>
              </event>
              <event>
                <sub_title>COLONIC POLYP</sub_title>
                <counts group_id="E1" events="1" subjects_affected="1" subjects_at_risk="370"/>
              </event>
              <event>
                <sub_title>ABDOMINAL PAIN</sub_title>
                <counts group_id="E1" events="1" subjects_affected="1" subjects_at_risk="370"/>
              </event>
              <event>
                <sub_title>DIARRHOEA</sub_title>
                <counts group_id="E1" events="1" subjects_affected="1" subjects_at_risk="370"/>
              </event>
              <event>
                <sub_title>ILEUS</sub_title>
                <counts group_id="E1" events="2" subjects_affected="1" subjects_at_risk="370"/>
              </event>
              <event>
                <sub_title>ENTEROCELE</sub_title>
                <counts group_id="E1" events="1" subjects_affected="1" subjects_at_risk="370"/>
              </event>
            </event_list>
          </category>
          <category>
            <title>General disorders</title>
            <event_list>
              <event>
                <sub_title>CHEST PAIN</sub_title>
                <counts group_id="E1" events="6" subjects_affected="5" subjects_at_risk="370"/>
              </event>
              <event>
                <sub_title>NON-CARDIAC CHEST PAIN</sub_title>
                <counts group_id="E1" events="4" subjects_affected="4" subjects_at_risk="370"/>
              </event>
              <event>
                <sub_title>OEDEMA PERIPHERAL</sub_title>
                <counts group_id="E1" events="1" subjects_affected="1" subjects_at_risk="370"/>
              </event>
              <event>
                <sub_title>IRRITABILITY</sub_title>
                <counts group_id="E1" events="1" subjects_affected="1" subjects_at_risk="370"/>
              </event>
            </event_list>
          </category>
          <category>
            <title>Hepatobiliary disorders</title>
            <event_list>
              <event>
                <sub_title>CHOLELITHIASIS</sub_title>
                <counts group_id="E1" events="1" subjects_affected="1" subjects_at_risk="370"/>
              </event>
            </event_list>
          </category>
          <category>
            <title>Infections and infestations</title>
            <event_list>
              <event>
                <sub_title>PNEUMONIA</sub_title>
                <counts group_id="E1" events="2" subjects_affected="2" subjects_at_risk="370"/>
              </event>
              <event>
                <sub_title>BRONCHITIS</sub_title>
                <counts group_id="E1" events="1" subjects_affected="1" subjects_at_risk="370"/>
              </event>
              <event>
                <sub_title>APPENDICITIS</sub_title>
                <counts group_id="E1" events="1" subjects_affected="1" subjects_at_risk="370"/>
              </event>
              <event>
                <sub_title>BACTERIAL INFECTION</sub_title>
                <counts group_id="E1" events="1" subjects_affected="1" subjects_at_risk="370"/>
              </event>
              <event>
                <sub_title>GASTROINTESTINAL INFECTION</sub_title>
                <counts group_id="E1" events="1" subjects_affected="1" subjects_at_risk="370"/>
              </event>
              <event>
                <sub_title>URINARY TRACT INFECTION</sub_title>
                <counts group_id="E1" events="1" subjects_affected="1" subjects_at_risk="370"/>
              </event>
            </event_list>
          </category>
          <category>
            <title>Injury, poisoning and procedural complications</title>
            <event_list>
              <event>
                <sub_title>HAND FRACTURE</sub_title>
                <counts group_id="E1" events="3" subjects_affected="3" subjects_at_risk="370"/>
              </event>
              <event>
                <sub_title>DRUG TOXICITY</sub_title>
                <counts group_id="E1" events="3" subjects_affected="3" subjects_at_risk="370"/>
              </event>
              <event>
                <sub_title>ANKLE FRACTURE</sub_title>
                <counts group_id="E1" events="2" subjects_affected="2" subjects_at_risk="370"/>
              </event>
              <event>
                <sub_title>INJURY</sub_title>
                <counts group_id="E1" events="2" subjects_affected="2" subjects_at_risk="370"/>
              </event>
              <event>
                <sub_title>HEAD INJURY</sub_title>
                <counts group_id="E1" events="2" subjects_affected="2" subjects_at_risk="370"/>
              </event>
              <event>
                <sub_title>INTENTIONAL OVERDOSE</sub_title>
                <counts group_id="E1" events="2" subjects_affected="2" subjects_at_risk="370"/>
              </event>
              <event>
                <sub_title>CEREBRAL HAEMORRHAGE TRAUMATIC</sub_title>
                <counts group_id="E1" events="1" subjects_affected="1" subjects_at_risk="370"/>
              </event>
              <event>
                <sub_title>FALL</sub_title>
                <counts group_id="E1" events="1" subjects_affected="1" subjects_at_risk="370"/>
              </event>
              <event>
                <sub_title>PELVIC FRACTURE</sub_title>
                <counts group_id="E1" events="1" subjects_affected="1" subjects_at_risk="370"/>
              </event>
              <event>
                <sub_title>POST-TRAUMATIC PAIN</sub_title>
                <counts group_id="E1" events="1" subjects_affected="1" subjects_at_risk="370"/>
              </event>
              <event>
                <sub_title>TREATMENT NONCOMPLIANCE</sub_title>
                <counts group_id="E1" events="1" subjects_affected="1" subjects_at_risk="370"/>
              </event>
              <event>
                <sub_title>UPPER LIMB FRACTURE</sub_title>
                <counts group_id="E1" events="1" subjects_affected="1" subjects_at_risk="370"/>
              </event>
              <event>
                <sub_title>CERVICAL VERTEBRAL FRACTURE</sub_title>
                <counts group_id="E1" events="1" subjects_affected="1" subjects_at_risk="370"/>
              </event>
              <event>
                <sub_title>LOWER LIMB FRACTURE</sub_title>
                <counts group_id="E1" events="1" subjects_affected="1" subjects_at_risk="370"/>
              </event>
              <event>
                <sub_title>OVERDOSE</sub_title>
                <counts group_id="E1" events="1" subjects_affected="1" subjects_at_risk="370"/>
              </event>
              <event>
                <sub_title>PNEUMOTHORAX TRAUMATIC</sub_title>
                <counts group_id="E1" events="1" subjects_affected="1" subjects_at_risk="370"/>
              </event>
              <event>
                <sub_title>RIB FRACTURE</sub_title>
                <counts group_id="E1" events="1" subjects_affected="1" subjects_at_risk="370"/>
              </event>
              <event>
                <sub_title>ROAD TRAFFIC ACCIDENT</sub_title>
                <counts group_id="E1" events="1" subjects_affected="1" subjects_at_risk="370"/>
              </event>
              <event>
                <sub_title>THORACIC VERTEBRAL FRACTURE</sub_title>
                <counts group_id="E1" events="1" subjects_affected="1" subjects_at_risk="370"/>
              </event>
              <event>
                <sub_title>TIBIA FRACTURE</sub_title>
                <counts group_id="E1" events="1" subjects_affected="1" subjects_at_risk="370"/>
              </event>
              <event>
                <sub_title>HIP FRACTURE</sub_title>
                <counts group_id="E1" events="2" subjects_affected="1" subjects_at_risk="370"/>
              </event>
              <event>
                <sub_title>MEDICAL DEVICE COMPLICATION</sub_title>
                <counts group_id="E1" events="1" subjects_affected="1" subjects_at_risk="370"/>
              </event>
              <event>
                <sub_title>SPINAL FRACTURE</sub_title>
                <counts group_id="E1" events="1" subjects_affected="1" subjects_at_risk="370"/>
              </event>
              <event>
                <sub_title>THERMAL BURN</sub_title>
                <counts group_id="E1" events="1" subjects_affected="1" subjects_at_risk="370"/>
              </event>
              <event>
                <sub_title>JOINT INJURY</sub_title>
                <counts group_id="E1" events="1" subjects_affected="1" subjects_at_risk="370"/>
              </event>
              <event>
                <sub_title>THERAPEUTIC AGENT TOXICITY</sub_title>
                <counts group_id="E1" events="1" subjects_affected="1" subjects_at_risk="370"/>
              </event>
            </event_list>
          </category>
          <category>
            <title>Investigations</title>
            <event_list>
              <event>
                <sub_title>ELECTROENCEPHALOGRAM</sub_title>
                <counts group_id="E1" events="4" subjects_affected="4" subjects_at_risk="370"/>
              </event>
              <event>
                <sub_title>ELECTROCARDIOGRAM QRS COMPLEX PROLONGED</sub_title>
                <counts group_id="E1" events="2" subjects_affected="2" subjects_at_risk="370"/>
              </event>
              <event>
                <sub_title>BIOPSY</sub_title>
                <counts group_id="E1" events="1" subjects_affected="1" subjects_at_risk="370"/>
              </event>
              <event>
                <sub_title>INVESTIGATION</sub_title>
                <counts group_id="E1" events="1" subjects_affected="1" subjects_at_risk="370"/>
              </event>
              <event>
                <sub_title>ELECTROCARDIOGRAM ST SEGMENT ABNORMAL</sub_title>
                <counts group_id="E1" events="1" subjects_affected="1" subjects_at_risk="370"/>
              </event>
              <event>
                <sub_title>SINGLE PHOTON EMISSION COMPUTERISED TOMOGRAM</sub_title>
                <counts group_id="E1" events="1" subjects_affected="1" subjects_at_risk="370"/>
              </event>
              <event>
                <sub_title>BLOOD CREATINE PHOSPHOKINASE INCREASED</sub_title>
                <counts group_id="E1" events="1" subjects_affected="1" subjects_at_risk="370"/>
              </event>
              <event>
                <sub_title>ELECTROCARDIOGRAM CHANGE</sub_title>
                <counts group_id="E1" events="1" subjects_affected="1" subjects_at_risk="370"/>
              </event>
              <event>
                <sub_title>HEART RATE INCREASED</sub_title>
                <counts group_id="E1" events="1" subjects_affected="1" subjects_at_risk="370"/>
              </event>
              <event>
                <sub_title>URINARY CASTS</sub_title>
                <counts group_id="E1" events="1" subjects_affected="1" subjects_at_risk="370"/>
              </event>
            </event_list>
          </category>
          <category>
            <title>Metabolism and nutrition disorders</title>
            <event_list>
              <event>
                <sub_title>DEHYDRATION</sub_title>
                <counts group_id="E1" events="3" subjects_affected="2" subjects_at_risk="370"/>
              </event>
              <event>
                <sub_title>HYPONATRAEMIA</sub_title>
                <counts group_id="E1" events="2" subjects_affected="2" subjects_at_risk="370"/>
              </event>
              <event>
                <sub_title>HYPOCALCAEMIA</sub_title>
                <counts group_id="E1" events="1" subjects_affected="1" subjects_at_risk="370"/>
              </event>
              <event>
                <sub_title>HYPERCALCAEMIA</sub_title>
                <counts group_id="E1" events="1" subjects_affected="1" subjects_at_risk="370"/>
              </event>
            </event_list>
          </category>
          <category>
            <title>Musculoskeletal and connective tissue disorders</title>
            <event_list>
              <event>
                <sub_title>INTERVERTEBRAL DISC PROTRUSION</sub_title>
                <counts group_id="E1" events="4" subjects_affected="3" subjects_at_risk="370"/>
              </event>
              <event>
                <sub_title>FLANK PAIN</sub_title>
                <counts group_id="E1" events="3" subjects_affected="2" subjects_at_risk="370"/>
              </event>
              <event>
                <sub_title>OSTEOARTHRITIS</sub_title>
                <counts group_id="E1" events="3" subjects_affected="2" subjects_at_risk="370"/>
              </event>
              <event>
                <sub_title>MUSCULOSKELETAL PAIN</sub_title>
                <counts group_id="E1" events="1" subjects_affected="1" subjects_at_risk="370"/>
              </event>
              <event>
                <sub_title>MUSCULAR WEAKNESS</sub_title>
                <counts group_id="E1" events="1" subjects_affected="1" subjects_at_risk="370"/>
              </event>
              <event>
                <sub_title>ARTHRITIS</sub_title>
                <counts group_id="E1" events="1" subjects_affected="1" subjects_at_risk="370"/>
              </event>
              <event>
                <sub_title>SPINAL COLUMN STENOSIS</sub_title>
                <counts group_id="E1" events="1" subjects_affected="1" subjects_at_risk="370"/>
              </event>
              <event>
                <sub_title>LUMBAR SPINAL STENOSIS</sub_title>
                <counts group_id="E1" events="1" subjects_affected="1" subjects_at_risk="370"/>
              </event>
              <event>
                <sub_title>ARTHRALGIA</sub_title>
                <counts group_id="E1" events="1" subjects_affected="1" subjects_at_risk="370"/>
              </event>
            </event_list>
          </category>
          <category>
            <title>Neoplasms benign, malignant and unspecified (incl cysts and polyps)</title>
            <event_list>
              <event>
                <sub_title>CHRONIC LYMPHOCYTIC LEUKAEMIA</sub_title>
                <counts group_id="E1" events="1" subjects_affected="1" subjects_at_risk="370"/>
              </event>
              <event>
                <sub_title>HEPATIC NEOPLASM</sub_title>
                <counts group_id="E1" events="1" subjects_affected="1" subjects_at_risk="370"/>
              </event>
              <event>
                <sub_title>HAEMANGIOMA</sub_title>
                <counts group_id="E1" events="1" subjects_affected="1" subjects_at_risk="370"/>
              </event>
              <event>
                <sub_title>NEOPLASM</sub_title>
                <counts group_id="E1" events="1" subjects_affected="1" subjects_at_risk="370"/>
              </event>
              <event>
                <sub_title>SQUAMOUS CELL CARCINOMA</sub_title>
                <counts group_id="E1" events="1" subjects_affected="1" subjects_at_risk="370"/>
              </event>
              <event>
                <sub_title>GLIOBLASTOMA MULTIFORME</sub_title>
                <counts group_id="E1" events="1" subjects_affected="1" subjects_at_risk="370"/>
              </event>
              <event>
                <sub_title>THYROID NEOPLASM</sub_title>
                <counts group_id="E1" events="1" subjects_affected="1" subjects_at_risk="370"/>
              </event>
              <event>
                <sub_title>BREAST CANCER</sub_title>
                <counts group_id="E1" events="1" subjects_affected="1" subjects_at_risk="370"/>
              </event>
              <event>
                <sub_title>OVARIAN CANCER</sub_title>
                <counts group_id="E1" events="1" subjects_affected="1" subjects_at_risk="370"/>
              </event>
              <event>
                <sub_title>COLON NEOPLASM</sub_title>
                <counts group_id="E1" events="1" subjects_affected="1" subjects_at_risk="370"/>
              </event>
            </event_list>
          </category>
          <category>
            <title>Nervous system disorders</title>
            <event_list>
              <event>
                <sub_title>CONVULSION</sub_title>
                <counts group_id="E1" events="26" subjects_affected="23" subjects_at_risk="370"/>
              </event>
              <event>
                <sub_title>STATUS EPILEPTICUS</sub_title>
                <counts group_id="E1" events="7" subjects_affected="7" subjects_at_risk="370"/>
              </event>
              <event>
                <sub_title>TRANSIENT ISCHAEMIC ATTACK</sub_title>
                <counts group_id="E1" events="5" subjects_affected="4" subjects_at_risk="370"/>
              </event>
              <event>
                <sub_title>HEADACHE</sub_title>
                <counts group_id="E1" events="3" subjects_affected="3" subjects_at_risk="370"/>
              </event>
              <event>
                <sub_title>HEMIPARESIS</sub_title>
                <counts group_id="E1" events="2" subjects_affected="2" subjects_at_risk="370"/>
              </event>
              <event>
                <sub_title>DIZZINESS</sub_title>
                <counts group_id="E1" events="2" subjects_affected="2" subjects_at_risk="370"/>
              </event>
              <event>
                <sub_title>GRAND MAL CONVULSION</sub_title>
                <counts group_id="E1" events="2" subjects_affected="2" subjects_at_risk="370"/>
              </event>
              <event>
                <sub_title>CEREBRAL INFARCTION</sub_title>
                <counts group_id="E1" events="2" subjects_affected="2" subjects_at_risk="370"/>
              </event>
              <event>
                <sub_title>EPILEPSY</sub_title>
                <counts group_id="E1" events="2" subjects_affected="2" subjects_at_risk="370"/>
              </event>
              <event>
                <sub_title>ENCEPHALOPATHY</sub_title>
                <counts group_id="E1" events="1" subjects_affected="1" subjects_at_risk="370"/>
              </event>
              <event>
                <sub_title>PARTIAL SEIZURES WITH SECONDARY GENERALISATION</sub_title>
                <counts group_id="E1" events="1" subjects_affected="1" subjects_at_risk="370"/>
              </event>
              <event>
                <sub_title>CEREBRAL HAEMORRHAGE</sub_title>
                <counts group_id="E1" events="1" subjects_affected="1" subjects_at_risk="370"/>
              </event>
              <event>
                <sub_title>METABOLIC ENCEPHALOPATHY</sub_title>
                <counts group_id="E1" events="1" subjects_affected="1" subjects_at_risk="370"/>
              </event>
              <event>
                <sub_title>MYASTHENIA GRAVIS</sub_title>
                <counts group_id="E1" events="1" subjects_affected="1" subjects_at_risk="370"/>
              </event>
              <event>
                <sub_title>MYASTHENIA GRAVIS CRISIS</sub_title>
                <counts group_id="E1" events="1" subjects_affected="1" subjects_at_risk="370"/>
              </event>
              <event>
                <sub_title>SYNCOPE</sub_title>
                <counts group_id="E1" events="1" subjects_affected="1" subjects_at_risk="370"/>
              </event>
              <event>
                <sub_title>COGNITIVE DISORDER</sub_title>
                <counts group_id="E1" events="1" subjects_affected="1" subjects_at_risk="370"/>
              </event>
              <event>
                <sub_title>CEREBROVASCULAR ACCIDENT</sub_title>
                <counts group_id="E1" events="1" subjects_affected="1" subjects_at_risk="370"/>
              </event>
              <event>
                <sub_title>COORDINATION ABNORMAL</sub_title>
                <counts group_id="E1" events="1" subjects_affected="1" subjects_at_risk="370"/>
              </event>
              <event>
                <sub_title>BALANCE DISORDER</sub_title>
                <counts group_id="E1" events="2" subjects_affected="1" subjects_at_risk="370"/>
              </event>
              <event>
                <sub_title>PSYCHOMOTOR HYPERACTIVITY</sub_title>
                <counts group_id="E1" events="1" subjects_affected="1" subjects_at_risk="370"/>
              </event>
              <event>
                <sub_title>OPTIC NEURITIS RETROBULBAR</sub_title>
                <counts group_id="E1" events="1" subjects_affected="1" subjects_at_risk="370"/>
              </event>
              <event>
                <sub_title>COMPLEX PARTIAL SEIZURES</sub_title>
                <counts group_id="E1" events="1" subjects_affected="1" subjects_at_risk="370"/>
              </event>
            </event_list>
          </category>
          <category>
            <title>Pregnancy, puerperium and perinatal conditions</title>
            <event_list>
              <event>
                <sub_title>PREGNANCY</sub_title>
                <counts group_id="E1" events="1" subjects_affected="1" subjects_at_risk="370"/>
              </event>
            </event_list>
          </category>
          <category>
            <title>Psychiatric disorders</title>
            <event_list>
              <event>
                <sub_title>CONFUSIONAL STATE</sub_title>
                <counts group_id="E1" events="4" subjects_affected="4" subjects_at_risk="370"/>
              </event>
              <event>
                <sub_title>DEPRESSION</sub_title>
                <counts group_id="E1" events="3" subjects_affected="3" subjects_at_risk="370"/>
              </event>
              <event>
                <sub_title>MAJOR DEPRESSION</sub_title>
                <counts group_id="E1" events="2" subjects_affected="2" subjects_at_risk="370"/>
              </event>
              <event>
                <sub_title>AGGRESSION</sub_title>
                <counts group_id="E1" events="2" subjects_affected="2" subjects_at_risk="370"/>
              </event>
              <event>
                <sub_title>SUICIDAL IDEATION</sub_title>
                <counts group_id="E1" events="2" subjects_affected="2" subjects_at_risk="370"/>
              </event>
              <event>
                <sub_title>EPILEPTIC PSYCHOSIS</sub_title>
                <counts group_id="E1" events="2" subjects_affected="1" subjects_at_risk="370"/>
              </event>
              <event>
                <sub_title>HALLUCINATION</sub_title>
                <counts group_id="E1" events="1" subjects_affected="1" subjects_at_risk="370"/>
              </event>
              <event>
                <sub_title>PARANOIA</sub_title>
                <counts group_id="E1" events="1" subjects_affected="1" subjects_at_risk="370"/>
              </event>
              <event>
                <sub_title>SUICIDE ATTEMPT</sub_title>
                <counts group_id="E1" events="1" subjects_affected="1" subjects_at_risk="370"/>
              </event>
              <event>
                <sub_title>ACUTE PSYCHOSIS</sub_title>
                <counts group_id="E1" events="2" subjects_affected="1" subjects_at_risk="370"/>
              </event>
              <event>
                <sub_title>HALLUCINATION, AUDITORY</sub_title>
                <counts group_id="E1" events="1" subjects_affected="1" subjects_at_risk="370"/>
              </event>
              <event>
                <sub_title>NIGHTMARE</sub_title>
                <counts group_id="E1" events="1" subjects_affected="1" subjects_at_risk="370"/>
              </event>
            </event_list>
          </category>
          <category>
            <title>Renal and urinary disorders</title>
            <event_list>
              <event>
                <sub_title>NEPHROLITHIASIS</sub_title>
                <counts group_id="E1" events="2" subjects_affected="2" subjects_at_risk="370"/>
              </event>
              <event>
                <sub_title>RENAL FAILURE ACUTE</sub_title>
                <counts group_id="E1" events="1" subjects_affected="1" subjects_at_risk="370"/>
              </event>
              <event>
                <sub_title>HAEMATURIA</sub_title>
                <counts group_id="E1" events="1" subjects_affected="1" subjects_at_risk="370"/>
              </event>
              <event>
                <sub_title>PROTEINURIA</sub_title>
                <counts group_id="E1" events="1" subjects_affected="1" subjects_at_risk="370"/>
              </event>
            </event_list>
          </category>
          <category>
            <title>Reproductive system and breast disorders</title>
            <event_list>
              <event>
                <sub_title>DYSFUNCTIONAL UTERINE BLEEDING</sub_title>
                <counts group_id="E1" events="1" subjects_affected="1" subjects_at_risk="370"/>
              </event>
              <event>
                <sub_title>UTERINE HAEMORRHAGE</sub_title>
                <counts group_id="E1" events="1" subjects_affected="1" subjects_at_risk="370"/>
              </event>
            </event_list>
          </category>
          <category>
            <title>Respiratory, thoracic and mediastinal disorders</title>
            <event_list>
              <event>
                <sub_title>DYSPNOEA</sub_title>
                <counts group_id="E1" events="2" subjects_affected="2" subjects_at_risk="370"/>
              </event>
              <event>
                <sub_title>PULMONARY FIBROSIS</sub_title>
                <counts group_id="E1" events="1" subjects_affected="1" subjects_at_risk="370"/>
              </event>
              <event>
                <sub_title>RESPIRATORY FAILURE</sub_title>
                <counts group_id="E1" events="1" subjects_affected="1" subjects_at_risk="370"/>
              </event>
              <event>
                <sub_title>ASPHYXIA</sub_title>
                <counts group_id="E1" events="1" subjects_affected="1" subjects_at_risk="370"/>
              </event>
              <event>
                <sub_title>ASTHMA</sub_title>
                <counts group_id="E1" events="8" subjects_affected="1" subjects_at_risk="370"/>
              </event>
              <event>
                <sub_title>PNEUMOTHORAX</sub_title>
                <counts group_id="E1" events="1" subjects_affected="1" subjects_at_risk="370"/>
              </event>
              <event>
                <sub_title>ACUTE RESPIRATORY FAILURE</sub_title>
                <counts group_id="E1" events="1" subjects_affected="1" subjects_at_risk="370"/>
              </event>
            </event_list>
          </category>
          <category>
            <title>Skin and subcutaneous tissue disorders</title>
            <event_list>
              <event>
                <sub_title>RASH</sub_title>
                <counts group_id="E1" events="1" subjects_affected="1" subjects_at_risk="370"/>
              </event>
            </event_list>
          </category>
          <category>
            <title>Surgical and medical procedures</title>
            <event_list>
              <event>
                <sub_title>ABORTION INDUCED</sub_title>
                <counts group_id="E1" events="2" subjects_affected="2" subjects_at_risk="370"/>
              </event>
              <event>
                <sub_title>THERAPY REGIMEN CHANGED</sub_title>
                <counts group_id="E1" events="1" subjects_affected="1" subjects_at_risk="370"/>
              </event>
              <event>
                <sub_title>BRAIN OPERATION</sub_title>
                <counts group_id="E1" events="1" subjects_affected="1" subjects_at_risk="370"/>
              </event>
              <event>
                <sub_title>HYSTERECTOMY</sub_title>
                <counts group_id="E1" events="1" subjects_affected="1" subjects_at_risk="370"/>
              </event>
              <event>
                <sub_title>SURGERY</sub_title>
                <counts group_id="E1" events="1" subjects_affected="1" subjects_at_risk="370"/>
              </event>
              <event>
                <sub_title>BRAIN LOBECTOMY</sub_title>
                <counts group_id="E1" events="1" subjects_affected="1" subjects_at_risk="370"/>
              </event>
              <event>
                <sub_title>STENT PLACEMENT</sub_title>
                <counts group_id="E1" events="1" subjects_affected="1" subjects_at_risk="370"/>
              </event>
              <event>
                <sub_title>VAGAL NERVE STIMULATOR REMOVAL</sub_title>
                <counts group_id="E1" events="1" subjects_affected="1" subjects_at_risk="370"/>
              </event>
              <event>
                <sub_title>NASAL SEPTAL OPERATION</sub_title>
                <counts group_id="E1" events="1" subjects_affected="1" subjects_at_risk="370"/>
              </event>
            </event_list>
          </category>
          <category>
            <title>Vascular disorders</title>
            <event_list>
              <event>
                <sub_title>DEEP VEIN THROMBOSIS</sub_title>
                <counts group_id="E1" events="2" subjects_affected="2" subjects_at_risk="370"/>
              </event>
              <event>
                <sub_title>CIRCULATORY COLLAPSE</sub_title>
                <counts group_id="E1" events="1" subjects_affected="1" subjects_at_risk="370"/>
              </event>
            </event_list>
          </category>
        </category_list>
      </serious_events>
      <other_events>
        <frequency_threshold>5</frequency_threshold>
        <default_vocab>MedDRA (9.1)</default_vocab>
        <default_assessment>Non-systematic Assessment</default_assessment>
        <category_list>
          <category>
            <title>Total</title>
            <event_list>
              <event>
                <sub_title>Total, other adverse events</sub_title>
                <counts group_id="E1" subjects_affected="307" subjects_at_risk="370"/>
              </event>
            </event_list>
          </category>
          <category>
            <title>Eye disorders</title>
            <event_list>
              <event>
                <sub_title>DIPLOPIA</sub_title>
                <counts group_id="E1" events="92" subjects_affected="63" subjects_at_risk="370"/>
              </event>
              <event>
                <sub_title>VISION BLURRED</sub_title>
                <counts group_id="E1" events="60" subjects_affected="47" subjects_at_risk="370"/>
              </event>
            </event_list>
          </category>
          <category>
            <title>Gastrointestinal disorders</title>
            <event_list>
              <event>
                <sub_title>NAUSEA</sub_title>
                <counts group_id="E1" events="89" subjects_affected="64" subjects_at_risk="370"/>
              </event>
              <event>
                <sub_title>VOMITING</sub_title>
                <counts group_id="E1" events="71" subjects_affected="49" subjects_at_risk="370"/>
              </event>
              <event>
                <sub_title>DIARRHOEA</sub_title>
                <counts group_id="E1" events="40" subjects_affected="29" subjects_at_risk="370"/>
              </event>
              <event>
                <sub_title>CONSTIPATION</sub_title>
                <counts group_id="E1" events="21" subjects_affected="20" subjects_at_risk="370"/>
              </event>
            </event_list>
          </category>
          <category>
            <title>General disorders</title>
            <event_list>
              <event>
                <sub_title>FATIGUE</sub_title>
                <counts group_id="E1" events="77" subjects_affected="61" subjects_at_risk="370"/>
              </event>
            </event_list>
          </category>
          <category>
            <title>Infections and infestations</title>
            <event_list>
              <event>
                <sub_title>UPPER RESPIRATORY TRACT INFECTION</sub_title>
                <counts group_id="E1" events="108" subjects_affected="61" subjects_at_risk="370"/>
              </event>
              <event>
                <sub_title>NASOPHARYNGITIS</sub_title>
                <counts group_id="E1" events="111" subjects_affected="60" subjects_at_risk="370"/>
              </event>
              <event>
                <sub_title>SINUSITIS</sub_title>
                <counts group_id="E1" events="62" subjects_affected="43" subjects_at_risk="370"/>
              </event>
              <event>
                <sub_title>INFLUENZA</sub_title>
                <counts group_id="E1" events="42" subjects_affected="32" subjects_at_risk="370"/>
              </event>
              <event>
                <sub_title>URINARY TRACT INFECTION</sub_title>
                <counts group_id="E1" events="48" subjects_affected="31" subjects_at_risk="370"/>
              </event>
              <event>
                <sub_title>BRONCHITIS</sub_title>
                <counts group_id="E1" events="34" subjects_affected="28" subjects_at_risk="370"/>
              </event>
            </event_list>
          </category>
          <category>
            <title>Injury, poisoning and procedural complications</title>
            <event_list>
              <event>
                <sub_title>CONTUSION</sub_title>
                <counts group_id="E1" events="129" subjects_affected="57" subjects_at_risk="370"/>
              </event>
              <event>
                <sub_title>SKIN LACERATION</sub_title>
                <counts group_id="E1" events="117" subjects_affected="50" subjects_at_risk="370"/>
              </event>
              <event>
                <sub_title>EXCORIATION</sub_title>
                <counts group_id="E1" events="50" subjects_affected="27" subjects_at_risk="370"/>
              </event>
              <event>
                <sub_title>JOINT SPRAIN</sub_title>
                <counts group_id="E1" events="23" subjects_affected="19" subjects_at_risk="370"/>
              </event>
            </event_list>
          </category>
          <category>
            <title>Investigations</title>
            <event_list>
              <event>
                <sub_title>WEIGHT INCREASED</sub_title>
                <counts group_id="E1" events="22" subjects_affected="21" subjects_at_risk="370"/>
              </event>
            </event_list>
          </category>
          <category>
            <title>Musculoskeletal and connective tissue disorders</title>
            <event_list>
              <event>
                <sub_title>BACK PAIN</sub_title>
                <counts group_id="E1" events="63" subjects_affected="43" subjects_at_risk="370"/>
              </event>
              <event>
                <sub_title>PAIN IN EXTREMITY</sub_title>
                <counts group_id="E1" events="49" subjects_affected="33" subjects_at_risk="370"/>
              </event>
              <event>
                <sub_title>ARTHRALGIA</sub_title>
                <counts group_id="E1" events="42" subjects_affected="31" subjects_at_risk="370"/>
              </event>
              <event>
                <sub_title>MUSCULOSKELETAL PAIN</sub_title>
                <counts group_id="E1" events="30" subjects_affected="21" subjects_at_risk="370"/>
              </event>
              <event>
                <sub_title>MUSCULAR WEAKNESS</sub_title>
                <counts group_id="E1" events="24" subjects_affected="20" subjects_at_risk="370"/>
              </event>
            </event_list>
          </category>
          <category>
            <title>Nervous system disorders</title>
            <event_list>
              <event>
                <sub_title>DIZZINESS</sub_title>
                <counts group_id="E1" events="254" subjects_affected="147" subjects_at_risk="370"/>
              </event>
              <event>
                <sub_title>HEADACHE</sub_title>
                <counts group_id="E1" events="145" subjects_affected="77" subjects_at_risk="370"/>
              </event>
              <event>
                <sub_title>COORDINATION ABNORMAL</sub_title>
                <counts group_id="E1" events="69" subjects_affected="53" subjects_at_risk="370"/>
              </event>
              <event>
                <sub_title>SOMNOLENCE</sub_title>
                <counts group_id="E1" events="50" subjects_affected="41" subjects_at_risk="370"/>
              </event>
              <event>
                <sub_title>TREMOR</sub_title>
                <counts group_id="E1" events="55" subjects_affected="39" subjects_at_risk="370"/>
              </event>
              <event>
                <sub_title>MEMORY IMPAIRMENT</sub_title>
                <counts group_id="E1" events="29" subjects_affected="27" subjects_at_risk="370"/>
              </event>
              <event>
                <sub_title>CONVULSION</sub_title>
                <counts group_id="E1" events="32" subjects_affected="27" subjects_at_risk="370"/>
              </event>
              <event>
                <sub_title>BALANCE DISORDER</sub_title>
                <counts group_id="E1" events="34" subjects_affected="26" subjects_at_risk="370"/>
              </event>
              <event>
                <sub_title>NYSTAGMUS</sub_title>
                <counts group_id="E1" events="28" subjects_affected="24" subjects_at_risk="370"/>
              </event>
              <event>
                <sub_title>HYPOAESTHESIA</sub_title>
                <counts group_id="E1" events="26" subjects_affected="20" subjects_at_risk="370"/>
              </event>
            </event_list>
          </category>
          <category>
            <title>Psychiatric disorders</title>
            <event_list>
              <event>
                <sub_title>INSOMNIA</sub_title>
                <counts group_id="E1" events="35" subjects_affected="33" subjects_at_risk="370"/>
              </event>
              <event>
                <sub_title>DEPRESSION</sub_title>
                <counts group_id="E1" events="36" subjects_affected="33" subjects_at_risk="370"/>
              </event>
              <event>
                <sub_title>ANXIETY</sub_title>
                <counts group_id="E1" events="20" subjects_affected="19" subjects_at_risk="370"/>
              </event>
            </event_list>
          </category>
          <category>
            <title>Respiratory, thoracic and mediastinal disorders</title>
            <event_list>
              <event>
                <sub_title>COUGH</sub_title>
                <counts group_id="E1" events="33" subjects_affected="29" subjects_at_risk="370"/>
              </event>
              <event>
                <sub_title>PHARYNGOLARYNGEAL PAIN</sub_title>
                <counts group_id="E1" events="34" subjects_affected="26" subjects_at_risk="370"/>
              </event>
            </event_list>
          </category>
          <category>
            <title>Skin and subcutaneous tissue disorders</title>
            <event_list>
              <event>
                <sub_title>RASH</sub_title>
                <counts group_id="E1" events="33" subjects_affected="28" subjects_at_risk="370"/>
              </event>
            </event_list>
          </category>
          <category>
            <title>Vascular disorders</title>
            <event_list>
              <event>
                <sub_title>HYPERTENSION</sub_title>
                <counts group_id="E1" events="19" subjects_affected="19" subjects_at_risk="370"/>
              </event>
            </event_list>
          </category>
        </category_list>
      </other_events>
    </reported_events>

    <certain_agreements>
      <pi_employee>Principal Investigators are NOT employed by the organization sponsoring the study.</pi_employee>
      <restrictive_agreement>UCB has &gt; 60 but &lt;= 180 days to review results communications prior to public release and may delete information that is confidential and compromises ongoing studies or is considered proprietary. This restriction is not intended to compromise the objective scientific integrity of the manuscript, it being understood that the results shall be published regardless of outcome.</restrictive_agreement>
    </certain_agreements>
    <point_of_contact>
      <name_or_title>UCB (Study Director)</name_or_title>
      <organization>UCB Clinical Trial Call Center</organization>
      <phone>+1 887 822 9493</phone>
    </point_of_contact>
  </clinical_results>
</clinical_study>
