<?xml version="1.0" encoding="UTF-8"?>
<clinical_study rank="412">
  <!-- This xml conforms to an XML Schema at:
    https://clinicaltrials.gov/ct2/html/images/info/public.xsd
 and an XML DTD at:
    https://clinicaltrials.gov/ct2/html/images/info/public.dtd -->
  <required_header>
    <download_date>ClinicalTrials.gov processed this data on November 27, 2015</download_date>
    <link_text>Link to the current ClinicalTrials.gov record.</link_text>
    <url>https://clinicaltrials.gov/show/NCT01338363</url>
  </required_header>
  <id_info>
    <org_study_id>D9612N00016</org_study_id>
    <nct_id>NCT01338363</nct_id>
  </id_info>
  <brief_title>Drug Utilization and Safety Events Among Children Using Esomeprazole, Other Proton Pump Inhibitors or H2-receptor Antagonists</brief_title>
  <official_title>Drug Utilization and Safety Events Among Children Using Esomeprazole, Other Proton Pump Inhibitors or H2-receptor Antagonists</official_title>
  <sponsors>
    <lead_sponsor>
      <agency>AstraZeneca</agency>
      <agency_class>Industry</agency_class>
    </lead_sponsor>
    <collaborator>
      <agency>PHARMO Institute for Drug Outcome Research</agency>
      <agency_class>Other</agency_class>
    </collaborator>
  </sponsors>
  <source>AstraZeneca</source>
  <oversight_info>
    <authority>Sweden: Medical Products Agency</authority>
  </oversight_info>
  <brief_summary>
    <textblock>
      The purpose of this study is

        1. To describe patient characteristics and drug usage among children that are prescribed
           esomeprazole for the first time and to compare them with patients who are prescribed
           other proton pump inhibitors (PPIs) or H2-receptor antagonists for the first time.

        2. To ascertain all incident hospitalized cases of angioneurotic oedema, pneumonia,
           gastroenteritis, failure to thrive, convulsions/seizures, acute interstitial nephritis
           and thrombocytopenia among new users in the three cohorts of esomeprazole, other PPIs
           and H2-receptor antagonists.
    </textblock>
  </brief_summary>
  <detailed_description>
    <textblock>
      Time Perspective: Other = Retrospective analysis of prospectively collected data Number of
      Anticipated Subjects: All subjects dispensed esomeprazole, other PPIs or H2-receptor
      antagonists for the first time during the study period
    </textblock>
  </detailed_description>
  <overall_status>Completed</overall_status>
  <start_date>May 2011</start_date>
  <completion_date type="Actual">August 2015</completion_date>
  <primary_completion_date type="Actual">August 2015</primary_completion_date>
  <phase>N/A</phase>
  <study_type>Observational</study_type>
  <study_design>Observational Model: Cohort</study_design>
  <primary_outcome>
    <measure>Drug utilization: Description of patient characteristics and drug usage</measure>
    <time_frame>Study period 3 years</time_frame>
    <safety_issue>No</safety_issue>
  </primary_outcome>
  <primary_outcome>
    <measure>Follow-up of safety outcomes: First occurrence of hospitalized angioneurotic oedema, pneumonia, gastroenteritis, failure to thrive, convulsions/seizures, acute interstitial nephritis and thrombocytopenia</measure>
    <time_frame>18 months</time_frame>
    <safety_issue>Yes</safety_issue>
  </primary_outcome>
  <number_of_groups>3</number_of_groups>
  <enrollment type="Actual">23470</enrollment>
  <condition>Hospitalized Cases of Angioneurotic Oedema</condition>
  <condition>Pneumonia</condition>
  <condition>Gastroenteritis</condition>
  <condition>Failure to Thrive</condition>
  <condition>Seizures</condition>
  <condition>Acute Interstitial Nephritis and Thrombocytopenia</condition>
  <arm_group>
    <arm_group_label>All first time users of esomeprazole</arm_group_label>
  </arm_group>
  <arm_group>
    <arm_group_label>All first time users of other PPIs</arm_group_label>
  </arm_group>
  <arm_group>
    <arm_group_label>All first time users of H2-receptor antagonists</arm_group_label>
  </arm_group>
  <eligibility>
    <study_pop>
      <textblock>
        The study population will include all children aged 0 to 18 years receiving a first
        dispension of acid suppressing drugs recorded in the PHARMO RLS database between September
        2008 and October 2011. Subjects will be followed-up for at least 18 month. First review of
        study outcomes including chart reviews is estimated to start in August 2011.
      </textblock>
    </study_pop>
    <sampling_method>Non-Probability Sample</sampling_method>
    <criteria>
      <textblock>
        Inclusion Criteria:

          -  Age 0-18 years

          -  Newly dispensed esomeprazole, other proton pump inhibitors or H2-receptor antagonists

        Exclusion Criteria:

          -  Children with less than one year of history in PHARMO RLS before study cohort entry
             (if a child is &lt;1 year at cohort entry, history from birth is required)

          -  Children using more than 1 acid suppressing drug concomitantly at cohort entry
      </textblock>
    </criteria>
    <gender>Both</gender>
    <minimum_age>N/A</minimum_age>
    <maximum_age>N/A</maximum_age>
    <healthy_volunteers>No</healthy_volunteers>
  </eligibility>
  <overall_official>
    <last_name>Ron M.C. Herings, PhD</last_name>
    <role>Principal Investigator</role>
    <affiliation>PHARMO Institute for Drug Outcome Research, Utrecht, The Netherlands</affiliation>
  </overall_official>
  <overall_official>
    <last_name>Leanne M.A. Houweling, MSc</last_name>
    <role>Principal Investigator</role>
    <affiliation>PHARMO Institute for Drug Outcome Research, Utrecht, The Netherlands</affiliation>
  </overall_official>
  <location>
    <facility>
      <name>Reserach Site</name>
      <address>
        <city>Utrecht</city>
        <country>Netherlands</country>
      </address>
    </facility>
  </location>
  <location_countries>
    <country>Netherlands</country>
  </location_countries>
  <verification_date>August 2015</verification_date>
  <lastchanged_date>August 27, 2015</lastchanged_date>
  <firstreceived_date>April 18, 2011</firstreceived_date>
  <responsible_party>
    <responsible_party_type>Sponsor</responsible_party_type>
  </responsible_party>
  <keyword>acid suppressing drugs</keyword>
  <keyword>pharmacoepidemiology</keyword>
  <keyword>children</keyword>
  <is_fda_regulated>No</is_fda_regulated>
  <has_expanded_access>No</has_expanded_access>
  <condition_browse>
    <!-- CAUTION:  The following MeSH terms are assigned with an imperfect algorithm  -->
    <mesh_term>Angioedema</mesh_term>
    <mesh_term>Failure to Thrive</mesh_term>
    <mesh_term>Gastroenteritis</mesh_term>
    <mesh_term>Nephritis, Interstitial</mesh_term>
    <mesh_term>Thrombocytopenia</mesh_term>
  </condition_browse>
  <intervention_browse>
    <!-- CAUTION:  The following MeSH terms are assigned with an imperfect algorithm  -->
    <mesh_term>Esomeprazole</mesh_term>
    <mesh_term>Histamine H2 Antagonists</mesh_term>
    <mesh_term>Proton Pump Inhibitors</mesh_term>
  </intervention_browse>
  <!-- Results have not yet been posted for this study                                -->
</clinical_study>
