<?xml version="1.0" encoding="UTF-8"?>
<clinical_study rank="192">
  <!-- This xml conforms to an XML Schema at:
    https://clinicaltrials.gov/ct2/html/images/info/public.xsd
 and an XML DTD at:
    https://clinicaltrials.gov/ct2/html/images/info/public.dtd -->
  <required_header>
    <download_date>ClinicalTrials.gov processed this data on November 27, 2015</download_date>
    <link_text>Link to the current ClinicalTrials.gov record.</link_text>
    <url>https://clinicaltrials.gov/show/NCT00266604</url>
  </required_header>
  <id_info>
    <org_study_id>CR002869</org_study_id>
    <nct_id>NCT00266604</nct_id>
  </id_info>
  <brief_title>A Study to Evaluate the Dosing, Effectiveness and Safety of Topiramate for the Treatment of Epilepsy</brief_title>
  <official_title>TOPAMAX� (Topiramate) Initiated as Monotherapy in Epilepsy (TIME): A Multicenter, Outpatient, Open-Label, Study to Evaluate the Dosing, Effectiveness and Safety of TOPAMAX� as Monotherapy in the Treatment of Epilepsy in Clinical Practice</official_title>
  <sponsors>
    <lead_sponsor>
      <agency>Johnson &amp; Johnson Pharmaceutical Research &amp; Development, L.L.C.</agency>
      <agency_class>Industry</agency_class>
    </lead_sponsor>
    <collaborator>
      <agency>Ortho-McNeil Neurologics, Inc.</agency>
      <agency_class>Industry</agency_class>
    </collaborator>
  </sponsors>
  <source>Johnson &amp; Johnson Pharmaceutical Research &amp; Development, L.L.C.</source>
  <oversight_info>
    <authority>United States: Food and Drug Administration</authority>
  </oversight_info>
  <brief_summary>
    <textblock>
      The purpose of this study is to identify patient characteristics (such as baseline seizure
      frequency) that may predict effective doses of topiramate using just that one drug
      (monotherapy) as initial therapy for epilepsy. Topiramate is an anti-epileptic drug that is
      approved for the treatment of epilepsy in adults and children 2 years of age and above.
    </textblock>
  </brief_summary>
  <detailed_description>
    <textblock>
      Any number of factors could affect the dosage needs for an anti-epileptic medication,
      however, various lines of evidence suggest that characteristics of the patient's epilepsy
      itself could be important determinants. Baseline (i.e., at the start of the study) patient
      characteristics, particularly seizure frequency, may predict dosage needs when TOPAMAX®
      (topiramate) is initiated as monotherapy and titrated to an individualized optimal dose.
      Topiramate is an anti-epileptic drug that is approved for epilepsy either alone (i.e.,
      monotherapy), or in combination with other anti-epileptic medications, in adults and
      children 2 years of age and above. This is a multicenter, outpatient, open-label, single-arm
      study to evaluate the dosing, tolerability, effectiveness and safety of topiramate as
      initial therapy for epilepsy in clinical practice. Patients who have been identified by
      their physicians as candidates for initial anti-epileptic monotherapy will be enrolled.
      Patients will begin therapy with topiramate tablets starting at 50 milligrams per day and be
      titrated to an individualized optimal dose, up to a maximum of 400 milligrams per day, by
      the end of week 6. Changes to this schedule will be based on a risk-benefit assessment of
      the patient's clinical condition by the investigator, such as tolerability, or reaching a
      stable dose sufficient to control their seizures. Treatment with topiramate will last for a
      total of 24 weeks. The primary outcome of the study is a comparison of the mean stabilized
      topiramate dose during the last 28 days of treatment for patients reporting 1 to 3 seizures
      during the 3 months prior to study entry versus patients reporting more than 3 seizures
      during the 3 months prior to study entry. The study hypothesis is that the average
      stabilized dose of topiramate will be lower in patients that have had fewer seizures in the
      3 months prior to beginning the study. Topiramate tablets starting at 50 milligrams per day
      and titrated to an individualized optimal dose, up to a maximum of 400 milligrams per day by
      the end of week 6. Patients will take topiramate tablets by mouth twice a day (morning and
      evening) for 24 weeks.
    </textblock>
  </detailed_description>
  <overall_status>Completed</overall_status>
  <start_date>December 2005</start_date>
  <completion_date type="Actual">June 2007</completion_date>
  <phase>Phase 4</phase>
  <study_type>Interventional</study_type>
  <study_design>Allocation: Non-Randomized, Endpoint Classification: Safety/Efficacy Study, Intervention Model: Single Group Assignment, Masking: Open Label, Primary Purpose: Treatment</study_design>
  <primary_outcome>
    <measure>Comparison of the mean stabilized topiramate dose during the last 28 days of treatment between patients reporting 1 to 3 seizures versus patients reporting more than 3 seizures, during the 3 months prior to study entry</measure>
  </primary_outcome>
  <secondary_outcome>
    <measure>Influence of other patient characteristics on dose; Proportion of subjects remaining seizure-free; Time to stabilized dose; Reduction in seizure frequency</measure>
  </secondary_outcome>
  <enrollment type="Actual">409</enrollment>
  <condition>Epilepsy</condition>
  <condition>Seizures</condition>
  <condition>Epilepsies, Partial</condition>
  <condition>Epilepsy, Generalized</condition>
  <condition>Seizures, Tonic-Clonic</condition>
  <intervention>
    <intervention_type>Drug</intervention_type>
    <intervention_name>Topiramate</intervention_name>
  </intervention>
  <eligibility>
    <criteria>
      <textblock>
        Inclusion Criteria:

          -  Patients having new-onset epilepsy or epilepsy relapse characterized by partial-onset
             seizures or primary generalized tonic-clonic seizures

          -  having at least 1 seizure within the 3 months prior to entry

          -  who are previously untreated for epilepsy, previously treated for epilepsy, or if
             currently taking epilepsy medication, must have been taking it for less than 6 weeks

          -  weighing at least 25 kilograms (approximately 55 pounds)

          -  if female of childbearing potential, must be using an acceptable method of birth
             control

        Exclusion Criteria:

          -  Patients who have previously taken topiramate for the treatment of epilepsy

          -  who are currently taking topiramate for any reason

          -  having active liver disease

          -  having a clinically significant medical condition or disease

          -  women who are pregnant or breastfeeding
      </textblock>
    </criteria>
    <gender>Both</gender>
    <minimum_age>10 Years</minimum_age>
    <maximum_age>N/A</maximum_age>
    <healthy_volunteers>No</healthy_volunteers>
  </eligibility>
  <overall_official>
    <last_name>Johnson &amp; Johnson Pharmaceutical Research &amp; Development, L.L. C. Clinical Trial</last_name>
    <role>Study Director</role>
    <affiliation>Johnson &amp; Johnson Pharmaceutical Research &amp; Development, L.L.C.</affiliation>
  </overall_official>
  <removed_countries>
    <country>United States</country>
  </removed_countries>
  <link>
    <url>http://filehosting.pharmacm.com/DownloadService.ashx?client=CTR_JNJ_6051&amp;studyid=496&amp;filename=CR002869_CSR.pdf</url>
    <description>Topamax Initiated as Monotherapy in Epilepsy (TIME) CSR</description>
  </link>
  <verification_date>April 2010</verification_date>
  <lastchanged_date>June 8, 2011</lastchanged_date>
  <firstreceived_date>December 16, 2005</firstreceived_date>
  <keyword>Epilepsy</keyword>
  <keyword>seizures</keyword>
  <keyword>new-onset epilepsy</keyword>
  <keyword>epilepsy relapse</keyword>
  <keyword>epilepsy monotherapy</keyword>
  <condition_browse>
    <!-- CAUTION:  The following MeSH terms are assigned with an imperfect algorithm  -->
    <mesh_term>Epilepsies, Partial</mesh_term>
    <mesh_term>Epilepsy</mesh_term>
    <mesh_term>Epilepsy, Generalized</mesh_term>
    <mesh_term>Seizures</mesh_term>
  </condition_browse>
  <intervention_browse>
    <!-- CAUTION:  The following MeSH terms are assigned with an imperfect algorithm  -->
    <mesh_term>Topiramate</mesh_term>
  </intervention_browse>
  <!-- Results have not yet been posted for this study                                -->
</clinical_study>
