<?xml version="1.0" encoding="UTF-8"?>
<clinical_study rank="498">
  <!-- This xml conforms to an XML Schema at:
    https://clinicaltrials.gov/ct2/html/images/info/public.xsd
 and an XML DTD at:
    https://clinicaltrials.gov/ct2/html/images/info/public.dtd -->
  <required_header>
    <download_date>ClinicalTrials.gov processed this data on December 01, 2015</download_date>
    <link_text>Link to the current ClinicalTrials.gov record.</link_text>
    <url>https://clinicaltrials.gov/show/NCT00986115</url>
  </required_header>
  <id_info>
    <org_study_id>200816572</org_study_id>
    <nct_id>NCT00986115</nct_id>
  </id_info>
  <brief_title>Efficacy and Safety of the Use of Memantine for Preserving Cognition in Adult Patients With Epilepsy</brief_title>
  <acronym>Forest</acronym>
  <official_title>Efficacy and Safety of the Use of Memantine for Preserving Cognition in Adult Patients With Epilepsy</official_title>
  <sponsors>
    <lead_sponsor>
      <agency>Michael A. Rogawski, MD, PhD</agency>
      <agency_class>Other</agency_class>
    </lead_sponsor>
    <collaborator>
      <agency>Forest Laboratories</agency>
      <agency_class>Industry</agency_class>
    </collaborator>
  </sponsors>
  <source>University of California, Davis</source>
  <oversight_info>
    <authority>United States: Institutional Review Board</authority>
    <has_dmc>Yes</has_dmc>
  </oversight_info>
  <brief_summary>
    <textblock>
      People with epilepsy often experience problems with their memories and other thinking skills
      that get worse over time. The investigators hope to learn more about whether a drug called
      memantine can help improve or stabilize (keep the same) memory and other thought processes
      in people with epilepsy by blocking a chemical that is released in the brain during
      seizures. The investigators also want to see if memantine changes the frequency (how often)
      people with epilepsy have seizures. Memantine is currently approved by the United States
      Food and Drug Administration (FDA) for treatment of patients with Alzheimer's disease.
    </textblock>
  </brief_summary>
  <detailed_description>
    <textblock>
      This is a double-blind, placebo-controlled trial of the effects of memantine in adult
      epilepsy patients. Patients will be assessed for neurocognitive outcomes, seizure frequency
      and side effects. After a two-month prospective baseline during which seizure frequency and
      neurocognitive parameters are documented, patients will be randomized to either memantine or
      placebo and evaluated after twelve months on study drug. The treatment period will consist
      of a one month dose escalation phase, followed by an eleven month maintenance phase. The
      dose escalation is 5 mg in PM for days 1-7, 5 mg twice daily for days 8-14, 5 mg in AM and
      10 mg in PM for days 15-21 and 10 mg twice daily from day 22 and continue. The
      neuropsychological battery performed during baseline will be repeated at the end of the
      twelve month treatment period. No special procedures are required for this study, except the
      neuropsychological testing, which is not a routinely performed evaluation for adult epilepsy
      outpatients.
    </textblock>
  </detailed_description>
  <overall_status>Withdrawn</overall_status>
  <why_stopped>
    our site was unable to enroll any qualified subjects
  </why_stopped>
  <start_date>July 2010</start_date>
  <completion_date type="Actual">April 2012</completion_date>
  <primary_completion_date type="Actual">January 2012</primary_completion_date>
  <phase>N/A</phase>
  <study_type>Interventional</study_type>
  <study_design>Allocation: Randomized, Endpoint Classification: Efficacy Study, Intervention Model: Parallel Assignment, Masking: Double Blind (Subject, Investigator), Primary Purpose: Supportive Care</study_design>
  <primary_outcome>
    <measure>Difference in neuropsychological test scores over time between memantine and placebo treated groups of temporal lobe epilepsy patients.</measure>
    <time_frame>5 years</time_frame>
    <safety_issue>No</safety_issue>
  </primary_outcome>
  <number_of_arms>2</number_of_arms>
  <enrollment type="Actual">0</enrollment>
  <condition>Epilepsy</condition>
  <arm_group>
    <arm_group_label>Memantine</arm_group_label>
    <arm_group_type>Active Comparator</arm_group_type>
    <description>After a two-month prospective baseline during which seizure frequency and neurocognitive parameters are documented, patients will be randomized to either memantine or placebo and evaluated after twelve months on study drug. The treatment period will consist of a one month dose escalation phase, followed by an eleven month maintenance phase. The dose escalation is 5 mg in PM for days 1-7, 5 mg twice daily for days 8-14, 5 mg in AM and 10 mg in PM for days 15-21 and 10 mg twice daily from day 22 and continue.</description>
  </arm_group>
  <arm_group>
    <arm_group_label>Placebo</arm_group_label>
    <arm_group_type>Placebo Comparator</arm_group_type>
    <description>After a two-month prospective baseline during which seizure frequency and neurocognitive parameters are documented, patients will be randomized to either memantine or placebo and evaluated after twelve months on study drug. The treatment period will consist of a one month dose escalation phase, followed by an eleven month maintenance phase. The dose escalation is 5 mg in PM for days 1-7, 5 mg twice daily for days 8-14, 5 mg in AM and 10 mg in PM for days 15-21 and 10 mg twice daily from day 22 and continue.</description>
  </arm_group>
  <intervention>
    <intervention_type>Drug</intervention_type>
    <intervention_name>Memantine</intervention_name>
    <description>After a two-month prospective baseline during which seizure frequency and neurocognitive parameters are documented, patients will be randomized to either memantine or placebo and evaluated after twelve months on study drug. The treatment period will consist of a one month dose escalation phase, followed by an eleven month maintenance phase. The dose escalation is 5 mg in PM for days 1-7, 5 mg twice daily for days 8-14, 5 mg in AM and 10 mg in PM for days 15-21 and 10 mg twice daily from day 22 and continue.</description>
    <arm_group_label>Memantine</arm_group_label>
    <other_name>Namenda</other_name>
    <other_name>Axura</other_name>
  </intervention>
  <intervention>
    <intervention_type>Drug</intervention_type>
    <intervention_name>Placebo</intervention_name>
    <description>After a two-month prospective baseline during which seizure frequency and neurocognitive parameters are documented, patients will be randomized to either memantine or placebo and evaluated after twelve months on study drug. The treatment period will consist of a one month dose escalation phase, followed by an eleven month maintenance phase. The dose escalation is 5 mg in PM for days 1-7, 5 mg twice daily for days 8-14, 5 mg in AM and 10 mg in PM for days 15-21 and 10 mg twice daily from day 22 and continue.</description>
    <arm_group_label>Placebo</arm_group_label>
  </intervention>
  <eligibility>
    <criteria>
      <textblock>
        Inclusion Criteria:

          1. Adult patients with temporal lobe epilepsy, aged 18-65

          2. Seizure frequency of less than three per month

          3. Stabilized treatment for epilepsy, including AEDs and vagus nerve stimulation

          4. Intelligence Quotient of &gt;70

          5. Native English speaker (most of the neuropsychological/cognitive tests have yet to be
             translated and/or validated in non-English speaking populations. Thus, at this point
             we are limited to testing English speakers, only.)

          6. Able to count seizures accurately and maintain a seizure diary

          7. Recent AED levels performed within the last month within therapeutic range

        Exclusion Criteria:

          1. Progressive neurologic disease

          2. Severe medical illness, including renal insufficiency

          3. Severe depression, bipolar disease or psychosis

          4. Pregnant or lactating women.
      </textblock>
    </criteria>
    <gender>Both</gender>
    <minimum_age>18 Years</minimum_age>
    <maximum_age>65 Years</maximum_age>
    <healthy_volunteers>No</healthy_volunteers>
  </eligibility>
  <overall_official>
    <last_name>Michael Rogawski, MD, PhD</last_name>
    <role>Principal Investigator</role>
    <affiliation>University of California, Davis Health System</affiliation>
  </overall_official>
  <location>
    <facility>
      <name>University of California, Davis</name>
      <address>
        <city>Sacramento</city>
        <state>California</state>
        <zip>95817</zip>
        <country>United States</country>
      </address>
    </facility>
  </location>
  <location_countries>
    <country>United States</country>
  </location_countries>
  <verification_date>October 2012</verification_date>
  <lastchanged_date>October 17, 2012</lastchanged_date>
  <firstreceived_date>September 25, 2009</firstreceived_date>
  <responsible_party>
    <responsible_party_type>Sponsor-Investigator</responsible_party_type>
    <investigator_affiliation>University of California, Davis</investigator_affiliation>
    <investigator_full_name>Michael A. Rogawski, MD, PhD</investigator_full_name>
    <investigator_title>Principal Investigator</investigator_title>
  </responsible_party>
  <keyword>epilepsy</keyword>
  <keyword>memory</keyword>
  <keyword>cognition</keyword>
  <keyword>memantine</keyword>
  <is_fda_regulated>Yes</is_fda_regulated>
  <is_section_801>Yes</is_section_801>
  <has_expanded_access>No</has_expanded_access>
  <condition_browse>
    <!-- CAUTION:  The following MeSH terms are assigned with an imperfect algorithm  -->
    <mesh_term>Epilepsy</mesh_term>
  </condition_browse>
  <intervention_browse>
    <!-- CAUTION:  The following MeSH terms are assigned with an imperfect algorithm  -->
    <mesh_term>Memantine</mesh_term>
  </intervention_browse>
  <!-- Results have not yet been posted for this study                                -->
</clinical_study>
