<?xml version="1.0" encoding="UTF-8"?>
<clinical_study rank="322">
  <!-- This xml conforms to an XML Schema at:
    https://clinicaltrials.gov/ct2/html/images/info/public.xsd
 and an XML DTD at:
    https://clinicaltrials.gov/ct2/html/images/info/public.dtd -->
  <required_header>
    <download_date>ClinicalTrials.gov processed this data on December 01, 2015</download_date>
    <link_text>Link to the current ClinicalTrials.gov record.</link_text>
    <url>https://clinicaltrials.gov/show/NCT00143143</url>
  </required_header>
  <id_info>
    <org_study_id>1008-000-164</org_study_id>
    <nct_id>NCT00143143</nct_id>
  </id_info>
  <brief_title>Pregabalin Open-Label Extension Trial in Patients With Partial Seizures</brief_title>
  <official_title>Pregabalin BID Open-Label Add-On Trial: A Follow-Up Study To Determine Long-Term Safety and Efficacy in Patients With Partial Seizures</official_title>
  <sponsors>
    <lead_sponsor>
      <agency>Pfizer</agency>
      <agency_class>Industry</agency_class>
    </lead_sponsor>
  </sponsors>
  <source>Pfizer</source>
  <oversight_info>
    <authority>United States: Food and Drug Administration</authority>
  </oversight_info>
  <brief_summary>
    <textblock>
      The primary purpose of the protocol is to evaluate the long-term safety of pregabalin in
      patients with partial seizures.
    </textblock>
  </brief_summary>
  <overall_status>Completed</overall_status>
  <start_date>September 2001</start_date>
  <completion_date>February 2006</completion_date>
  <phase>Phase 3</phase>
  <study_type>Interventional</study_type>
  <study_design>Allocation: Non-Randomized, Endpoint Classification: Safety/Efficacy Study, Intervention Model: Single Group Assignment, Masking: Open Label, Primary Purpose: Treatment</study_design>
  <primary_outcome>
    <measure>Safety assessments are performed at quarterly visits up until the study is closed.</measure>
  </primary_outcome>
  <secondary_outcome>
    <measure>Seizure frequency is assessed throughout the study until the study is closed.</measure>
  </secondary_outcome>
  <enrollment>300</enrollment>
  <condition>Epilepsies, Partial</condition>
  <condition>Epilepsy, Complex Partial</condition>
  <intervention>
    <intervention_type>Drug</intervention_type>
    <intervention_name>Pregabalin</intervention_name>
  </intervention>
  <eligibility>
    <criteria>
      <textblock>
        Inclusion Criteria:

          -  Patients must have met the inclusion criteria for Study 1008-157, have received
             double-blind study medication, and wish to receive open-label pregabalin

          -  Have the diagnosis of epilepsy with partial seizures and have a minimum of 4 partial
             seizures during the 6 weeks prior to screening

          -  Be currently taking 1 to 3 AEDs.

        Exclusion Criteria:

          -  Have a treatable cause of seizures

          -  Experienced a serious adverse event during Study 1008-157 which was determined to be
             possibly related to study medication
      </textblock>
    </criteria>
    <gender>Both</gender>
    <minimum_age>18 Years</minimum_age>
    <maximum_age>N/A</maximum_age>
    <healthy_volunteers>No</healthy_volunteers>
  </eligibility>
  <overall_official>
    <last_name>Pfizer CT.gov Call Center</last_name>
    <role>Study Director</role>
    <affiliation>Pfizer</affiliation>
  </overall_official>
  <location>
    <facility>
      <name>Pfizer Investigational Site</name>
      <address>
        <city>Innsbruck</city>
        <zip>A6020</zip>
        <country>Austria</country>
      </address>
    </facility>
  </location>
  <location>
    <facility>
      <name>Pfizer Investigational Site</name>
      <address>
        <city>Mauer Bei Amstetten</city>
        <zip>3362</zip>
        <country>Austria</country>
      </address>
    </facility>
  </location>
  <location>
    <facility>
      <name>Pfizer Investigational Site</name>
      <address>
        <city>St Polten</city>
        <zip>A3100</zip>
        <country>Austria</country>
      </address>
    </facility>
  </location>
  <location>
    <facility>
      <name>Pfizer Investigational Site</name>
      <address>
        <city>Wien</city>
        <zip>1090</zip>
        <country>Austria</country>
      </address>
    </facility>
  </location>
  <location>
    <facility>
      <name>Pfizer Investigational Site</name>
      <address>
        <city>Calgary</city>
        <state>Alberta</state>
        <zip>T2N 2T9</zip>
        <country>Canada</country>
      </address>
    </facility>
  </location>
  <location>
    <facility>
      <name>Pfizer Investigational Site</name>
      <address>
        <city>Edmonton</city>
        <state>Alberta</state>
        <zip>T5G 0B7</zip>
        <country>Canada</country>
      </address>
    </facility>
  </location>
  <location>
    <facility>
      <name>Pfizer Investigational Site</name>
      <address>
        <city>Vancouver</city>
        <state>British Columbia</state>
        <zip>V5Z 1M9</zip>
        <country>Canada</country>
      </address>
    </facility>
  </location>
  <location>
    <facility>
      <name>Pfizer Investigational Site</name>
      <address>
        <city>Halifax</city>
        <state>Nova Scotia</state>
        <zip>B3H 3A7</zip>
        <country>Canada</country>
      </address>
    </facility>
  </location>
  <location>
    <facility>
      <name>Pfizer Investigational Site</name>
      <address>
        <city>Barrie</city>
        <state>Ontario</state>
        <zip>L4M 4S5</zip>
        <country>Canada</country>
      </address>
    </facility>
  </location>
  <location>
    <facility>
      <name>Pfizer Investigational Site</name>
      <address>
        <city>London</city>
        <state>Ontario</state>
        <zip>N6A 5A5</zip>
        <country>Canada</country>
      </address>
    </facility>
  </location>
  <location>
    <facility>
      <name>Pfizer Investigational Site</name>
      <address>
        <city>Ottawa</city>
        <state>Ontario</state>
        <zip>K1H 8L6</zip>
        <country>Canada</country>
      </address>
    </facility>
  </location>
  <location>
    <facility>
      <name>Pfizer Investigational Site</name>
      <address>
        <city>Trois Rivieres</city>
        <state>Quebec</state>
        <zip>G8Z 4K4</zip>
        <country>Canada</country>
      </address>
    </facility>
  </location>
  <location>
    <facility>
      <name>Pfizer Investigational Site</name>
      <address>
        <city>Marseille</city>
        <state>Cedex 05</state>
        <zip>13005</zip>
        <country>France</country>
      </address>
    </facility>
  </location>
  <location>
    <facility>
      <name>Pfizer Investigational Site</name>
      <address>
        <city>Paris</city>
        <state>Cedex 13</state>
        <zip>75651</zip>
        <country>France</country>
      </address>
    </facility>
  </location>
  <location>
    <facility>
      <name>Pfizer Investigational Site</name>
      <address>
        <city>Montpellier</city>
        <state>Cedex 5</state>
        <zip>34295</zip>
        <country>France</country>
      </address>
    </facility>
  </location>
  <location>
    <facility>
      <name>Pfizer Investigational Site</name>
      <address>
        <city>Lille</city>
        <state>Cedex</state>
        <zip>59037</zip>
        <country>France</country>
      </address>
    </facility>
  </location>
  <location>
    <facility>
      <name>Pfizer Investigational Site</name>
      <address>
        <city>Rennes</city>
        <state>Cedex</state>
        <zip>35033</zip>
        <country>France</country>
      </address>
    </facility>
  </location>
  <location>
    <facility>
      <name>Pfizer Investigational Site</name>
      <address>
        <city>Colomiers</city>
        <zip>31770</zip>
        <country>France</country>
      </address>
    </facility>
  </location>
  <location>
    <facility>
      <name>Pfizer Investigational Site</name>
      <address>
        <city>Dommartin Les Toul</city>
        <zip>54201</zip>
        <country>France</country>
      </address>
    </facility>
  </location>
  <location>
    <facility>
      <name>Pfizer Investigational Site</name>
      <address>
        <city>Marseille Cedex 09</city>
        <zip>13274</zip>
        <country>France</country>
      </address>
    </facility>
  </location>
  <location>
    <facility>
      <name>Pfizer Investigational Site</name>
      <address>
        <city>Strasbourg</city>
        <zip>67091</zip>
        <country>France</country>
      </address>
    </facility>
  </location>
  <location>
    <facility>
      <name>Pfizer Investigational Site</name>
      <address>
        <city>Berlin</city>
        <zip>10365</zip>
        <country>Germany</country>
      </address>
    </facility>
  </location>
  <location>
    <facility>
      <name>Pfizer Investigational Site</name>
      <address>
        <city>Berlin</city>
        <zip>13353</zip>
        <country>Germany</country>
      </address>
    </facility>
  </location>
  <location>
    <facility>
      <name>Pfizer Investigational Site</name>
      <address>
        <city>Bielefeld</city>
        <zip>33617</zip>
        <country>Germany</country>
      </address>
    </facility>
  </location>
  <location>
    <facility>
      <name>Pfizer Investigational Site</name>
      <address>
        <city>Bonn</city>
        <zip>53127</zip>
        <country>Germany</country>
      </address>
    </facility>
  </location>
  <location>
    <facility>
      <name>Pfizer Investigational Site</name>
      <address>
        <city>Essen</city>
        <zip>45147</zip>
        <country>Germany</country>
      </address>
    </facility>
  </location>
  <location>
    <facility>
      <name>Pfizer Investigational Site</name>
      <address>
        <city>Frankfurt</city>
        <zip>60528</zip>
        <country>Germany</country>
      </address>
    </facility>
  </location>
  <location>
    <facility>
      <name>Pfizer Investigational Site</name>
      <address>
        <city>Freiburg</city>
        <zip>79106</zip>
        <country>Germany</country>
      </address>
    </facility>
  </location>
  <location>
    <facility>
      <name>Pfizer Investigational Site</name>
      <address>
        <city>Goettingen</city>
        <zip>D-37075</zip>
        <country>Germany</country>
      </address>
    </facility>
  </location>
  <location>
    <facility>
      <name>Pfizer Investigational Site</name>
      <address>
        <city>Kehl</city>
        <zip>77694</zip>
        <country>Germany</country>
      </address>
    </facility>
  </location>
  <location>
    <facility>
      <name>Pfizer Investigational Site</name>
      <address>
        <city>Marburg</city>
        <zip>35039</zip>
        <country>Germany</country>
      </address>
    </facility>
  </location>
  <location>
    <facility>
      <name>Pfizer Investigational Site</name>
      <address>
        <city>ULM</city>
        <zip>89075</zip>
        <country>Germany</country>
      </address>
    </facility>
  </location>
  <location>
    <facility>
      <name>Pfizer Investigational Site</name>
      <address>
        <city>Firenze</city>
        <zip>50122</zip>
        <country>Italy</country>
      </address>
    </facility>
  </location>
  <location>
    <facility>
      <name>Pfizer Investigational Site</name>
      <address>
        <city>Perugia</city>
        <zip>06123</zip>
        <country>Italy</country>
      </address>
    </facility>
  </location>
  <location>
    <facility>
      <name>Pfizer Investigational Site</name>
      <address>
        <city>Pisa</city>
        <zip>56126</zip>
        <country>Italy</country>
      </address>
    </facility>
  </location>
  <location>
    <facility>
      <name>Pfizer Investigational Site</name>
      <address>
        <city>Siena</city>
        <zip>53100</zip>
        <country>Italy</country>
      </address>
    </facility>
  </location>
  <location>
    <facility>
      <name>Pfizer Investigational Site</name>
      <address>
        <city>Unknown</city>
        <country>Italy</country>
      </address>
    </facility>
  </location>
  <location>
    <facility>
      <name>Pfizer Investigational Site</name>
      <address>
        <city>Vilnius</city>
        <zip>2600</zip>
        <country>Lithuania</country>
      </address>
    </facility>
  </location>
  <location>
    <facility>
      <name>Pfizer Investigational Site</name>
      <address>
        <city>Vilnius</city>
        <zip>LT-2600</zip>
        <country>Lithuania</country>
      </address>
    </facility>
  </location>
  <location>
    <facility>
      <name>Pfizer Investigational Site</name>
      <address>
        <city>Barcelona</city>
        <zip>08036</zip>
        <country>Spain</country>
      </address>
    </facility>
  </location>
  <location>
    <facility>
      <name>Pfizer Investigational Site</name>
      <address>
        <city>Donostia-San Sebastian</city>
        <zip>20014</zip>
        <country>Spain</country>
      </address>
    </facility>
  </location>
  <location>
    <facility>
      <name>Pfizer Investigational Site</name>
      <address>
        <city>Gerona</city>
        <zip>17007</zip>
        <country>Spain</country>
      </address>
    </facility>
  </location>
  <location>
    <facility>
      <name>Pfizer Investigational Site</name>
      <address>
        <city>Madrid</city>
        <zip>28034</zip>
        <country>Spain</country>
      </address>
    </facility>
  </location>
  <location>
    <facility>
      <name>Pfizer Investigational Site</name>
      <address>
        <city>Madrid</city>
        <zip>28040</zip>
        <country>Spain</country>
      </address>
    </facility>
  </location>
  <location>
    <facility>
      <name>Pfizer Investigational Site</name>
      <address>
        <city>Glascow</city>
        <state>Scotland</state>
        <zip>G11 6NT</zip>
        <country>United Kingdom</country>
      </address>
    </facility>
  </location>
  <location>
    <facility>
      <name>Pfizer Investigational Site</name>
      <address>
        <city>Fazakerley, Liverpool</city>
        <zip>L9 7LJ</zip>
        <country>United Kingdom</country>
      </address>
    </facility>
  </location>
  <location>
    <facility>
      <name>Pfizer Investigational Site</name>
      <address>
        <city>York</city>
        <zip>Y031 8HE</zip>
        <country>United Kingdom</country>
      </address>
    </facility>
  </location>
  <location_countries>
    <country>Austria</country>
    <country>Canada</country>
    <country>France</country>
    <country>Germany</country>
    <country>Italy</country>
    <country>Lithuania</country>
    <country>Spain</country>
    <country>United Kingdom</country>
  </location_countries>
  <verification_date>March 2006</verification_date>
  <lastchanged_date>July 21, 2006</lastchanged_date>
  <firstreceived_date>August 30, 2005</firstreceived_date>
  <has_expanded_access>No</has_expanded_access>
  <condition_browse>
    <!-- CAUTION:  The following MeSH terms are assigned with an imperfect algorithm  -->
    <mesh_term>Epilepsies, Partial</mesh_term>
    <mesh_term>Epilepsy</mesh_term>
    <mesh_term>Epilepsy, Complex Partial</mesh_term>
  </condition_browse>
  <intervention_browse>
    <!-- CAUTION:  The following MeSH terms are assigned with an imperfect algorithm  -->
    <mesh_term>Pregabalin</mesh_term>
  </intervention_browse>
  <!-- Results have not yet been posted for this study                                -->
</clinical_study>
