<?xml version="1.0" encoding="UTF-8"?>
<clinical_study rank="479">
  <!-- This xml conforms to an XML Schema at:
    https://clinicaltrials.gov/ct2/html/images/info/public.xsd
 and an XML DTD at:
    https://clinicaltrials.gov/ct2/html/images/info/public.dtd -->
  <required_header>
    <download_date>ClinicalTrials.gov processed this data on December 01, 2015</download_date>
    <link_text>Link to the current ClinicalTrials.gov record.</link_text>
    <url>https://clinicaltrials.gov/show/NCT00001366</url>
  </required_header>
  <id_info>
    <org_study_id>930191</org_study_id>
    <secondary_id>93-N-0191</secondary_id>
    <nct_id>NCT00001366</nct_id>
  </id_info>
  <brief_title>Mapping the Areas of the Brain Associated With Language in Children With Epilepsy</brief_title>
  <official_title>MRI-Based Functional Language Mapping in Children With Epilepsy</official_title>
  <sponsors>
    <lead_sponsor>
      <agency>National Institute of Neurological Disorders and Stroke (NINDS)</agency>
      <agency_class>NIH</agency_class>
    </lead_sponsor>
  </sponsors>
  <source>National Institutes of Health Clinical Center (CC)</source>
  <oversight_info>
    <authority>United States: Federal Government</authority>
  </oversight_info>
  <brief_summary>
    <textblock>
      Researchers are interested in studying if magnetic resonance imaging (MRI) is practical for
      locating the areas of the brain associated with language in children with epilepsy.

      When a region of the brain is active, it uses more fuel in the form of oxygen and sugar
      (glucose). As the brain uses more fuel it produces more waste products, carbon dioxide and
      water. Blood carries fuel to the brain and waste products away from the brain. As brain
      activity increases blood flow to and from the area of activity increases also.

      Patients participating in the study will be asked to perform tasks designed to test language
      skills while undergoing an MRI to detect areas of the brain using oxygen and receiving blood
      flow.
    </textblock>
  </brief_summary>
  <detailed_description>
    <textblock>
      We propose to study the feasibility of utilizing MRI to perform functional mapping of
      language cortex in children with epilepsy. We will use 1.5 Tesla MRI to study cerebral blood
      flow and tissue oxygenation during cognitive activation tasks derived from previous adult
      studies.
    </textblock>
  </detailed_description>
  <overall_status>Completed</overall_status>
  <start_date>August 1993</start_date>
  <completion_date>September 2002</completion_date>
  <phase>N/A</phase>
  <study_type>Observational</study_type>
  <study_design>N/A</study_design>
  <enrollment>230</enrollment>
  <condition>Epilepsy</condition>
  <condition>Seizures</condition>
  <eligibility>
    <criteria>
      <textblock>
        Children aged 5-17 years.

        Partial epilepsy (localized).

        Ability to cooperate with task paradigms (IQ greater than 65).

        No cardiac pacemakers, cochlear implants, shrapnel, vascular clips, braces, or
        claustrophobia.

        No one with inability to cooperate with task paradigms.
      </textblock>
    </criteria>
    <gender>Both</gender>
    <minimum_age>N/A</minimum_age>
    <maximum_age>N/A</maximum_age>
    <healthy_volunteers>Accepts Healthy Volunteers</healthy_volunteers>
  </eligibility>
  <location>
    <facility>
      <name>National Institute of Neurological Disorders and Stroke (NINDS)</name>
      <address>
        <city>Bethesda</city>
        <state>Maryland</state>
        <zip>20892</zip>
        <country>United States</country>
      </address>
    </facility>
  </location>
  <location_countries>
    <country>United States</country>
  </location_countries>
  <reference>
    <citation>Hertz-Pannier L, Gaillard WD, Mott SH, Cuenod CA, Bookheimer SY, Weinstein S, Conry J, Papero PH, Schiff SJ, Le Bihan D, Theodore WH. Noninvasive assessment of language dominance in children and adolescents with functional MRI: a preliminary study. Neurology. 1997 Apr;48(4):1003-12.</citation>
    <PMID>9109891</PMID>
  </reference>
  <reference>
    <citation>Bookheimer SY, Zeffiro TA, Blaxton T, Malow BA, Gaillard WD, Sato S, Kufta C, Fedio P, Theodore WH. A direct comparison of PET activation and electrocortical stimulation mapping for language localization. Neurology. 1997 Apr;48(4):1056-65.</citation>
    <PMID>9109900</PMID>
  </reference>
  <reference>
    <citation>Malow BA, Blaxton TA, Sato S, Bookheimer SY, Kufta CV, Figlozzi CM, Theodore WH. Cortical stimulation elicits regional distinctions in auditory and visual naming. Epilepsia. 1996 Mar;37(3):245-52.</citation>
    <PMID>8598182</PMID>
  </reference>
  <verification_date>September 2002</verification_date>
  <lastchanged_date>March 3, 2008</lastchanged_date>
  <firstreceived_date>November 3, 1999</firstreceived_date>
  <keyword>Neuroimaging</keyword>
  <keyword>Seizures</keyword>
  <keyword>Cerebral Localization</keyword>
  <keyword>Partial Epilepsy</keyword>
  <keyword>Epilepsy</keyword>
  <has_expanded_access>No</has_expanded_access>
  <condition_browse>
    <!-- CAUTION:  The following MeSH terms are assigned with an imperfect algorithm  -->
    <mesh_term>Epilepsy</mesh_term>
  </condition_browse>
  <!-- Results have not yet been posted for this study                                -->
</clinical_study>
