<?xml version="1.0" encoding="UTF-8"?>
<clinical_study rank="209">
  <!-- This xml conforms to an XML Schema at:
    https://clinicaltrials.gov/ct2/html/images/info/public.xsd
 and an XML DTD at:
    https://clinicaltrials.gov/ct2/html/images/info/public.dtd -->
  <required_header>
    <download_date>ClinicalTrials.gov processed this data on November 27, 2015</download_date>
    <link_text>Link to the current ClinicalTrials.gov record.</link_text>
    <url>https://clinicaltrials.gov/show/NCT01351727</url>
  </required_header>
  <id_info>
    <org_study_id>10-0916-01</org_study_id>
    <nct_id>NCT01351727</nct_id>
  </id_info>
  <brief_title>Epidemiologic Follow Up Study of Newly Diagnosed Epilepsy Among Seniors</brief_title>
  <official_title>Epidemiologic Follow Up Study of Newly Diagnosed Epilepsy Among Seniors From Different Ethnic Groups</official_title>
  <sponsors>
    <lead_sponsor>
      <agency>University of Arizona</agency>
      <agency_class>Other</agency_class>
    </lead_sponsor>
    <collaborator>
      <agency>Centers for Disease Control and Prevention</agency>
      <agency_class>U.S. Fed</agency_class>
    </collaborator>
  </sponsors>
  <source>University of Arizona</source>
  <oversight_info>
    <authority>United States: Institutional Review Board</authority>
    <authority>United States: Federal Government</authority>
    <has_dmc>No</has_dmc>
  </oversight_info>
  <brief_summary>
    <textblock>
      The purpose of this proposed research is to identify individuals in southeastern Arizona
      aged 65 years and older who have new onset seizures (or newly diagnosed epilepsy) and
      monitor them for at least two years. In doing so the investigators will be able to describe
      the public health burden of this condition and to identify factors that predict clinical
      outcomes and health care needs in this population, using quantitative, administrative, and
      qualitative data. The aims of this proposed research are 1) to determine the two-year
      incidence of newly diagnosed epilepsy in the target population, 2) describe health care
      resource utilization of the target population using Medicare data, 3) validate the use of
      Medicare beneficiary data to estimate incidence of epilepsy, and 4) describe the burden of
      this condition in different ethnic groups.
    </textblock>
  </brief_summary>
  <detailed_description>
    <textblock>
      Seniors who have had new onset seizures or newly diagnosed epilepsy will be recruited from
      emergency departments (EDs), neurology clinics, primary care clinics (including geriatric
      clinics), and other service providers from networks maintained by the Area Agencies on Aging
      that serve seniors in southeastern Arizona. Data will be collected in the form of bi-annual
      surveys,administrative data (from Medicare), in-depth interviews, and focus groups. Medicare
      data will be used to describe and evaluate the likelihood of being hospitalized or admitted
      to a long-term facility within two years of being diagnosed, medication adherence and
      persistence, and comparing the cost of care between the newly-diagnosed seniors with
      epilepsy and comparable seniors who do not have epilepsy. The feasibility and validity of
      using the Medicare claims data to estimate newly diagnosed epilepsy will also be assessed.
      Finally, the impact of epilepsy on health related quality of life, mental health, perceived
      stigma, and family and caregivers will also be evaluated through surveys and qualitative
      data collection methods, and ethnic differences will also be described.
    </textblock>
  </detailed_description>
  <overall_status>Recruiting</overall_status>
  <start_date>January 2011</start_date>
  <completion_date type="Anticipated">October 2014</completion_date>
  <primary_completion_date type="Anticipated">December 2013</primary_completion_date>
  <phase>N/A</phase>
  <study_type>Observational</study_type>
  <study_design>Observational Model: Case-Only, Time Perspective: Prospective</study_design>
  <primary_outcome>
    <measure>A two-year incidence rate of new-onset seizures and/or newly-diagnosed epilepsy among seniors in southeastern Arizona.</measure>
    <time_frame>Up to four years</time_frame>
    <safety_issue>No</safety_issue>
    <description>A surveillance mechanism will be developed to identify and recruit seniors from emergency departments, neurology clinics, primary care clinics, and other service providers for seniors.</description>
  </primary_outcome>
  <secondary_outcome>
    <measure>Compare the impact of epilepsy on the different ethnic groups of seniors with epilepsy</measure>
    <time_frame>Up to four years</time_frame>
    <safety_issue>No</safety_issue>
    <description>Assess the level and ethnic differences in health-related quality of life, mental health, and perceived stigma among seniors with seizures.
Use in-depth interviews to explore issues related to epilepsy and its treatment.
Conduct focus groups with caregivers to learn about their concerns and barriers.</description>
  </secondary_outcome>
  <number_of_groups>1</number_of_groups>
  <enrollment type="Anticipated">560</enrollment>
  <condition>Epileptic Seizures</condition>
  <arm_group>
    <arm_group_label>Seniors with Seizures</arm_group_label>
    <description>Seniors aged 65 or older with newly diagnosed seizures (consistent with epilepsy) or epilepsy as of October, 2010.</description>
  </arm_group>
  <eligibility>
    <study_pop>
      <textblock>
        Hospitals (including emergency departments), neurology specialist clinics, primary care
        clinics, communities (in Cochise, Pima, Santa Cruz Counties)including nursing homes,
        skilled nursing facilities, assisted living facilities.
      </textblock>
    </study_pop>
    <sampling_method>Non-Probability Sample</sampling_method>
    <criteria>
      <textblock>
        Inclusion Criteria:

          -  Aged 65 years or older

          -  New onset seizure or newly diagnosed epilepsy as of October 2010

          -  Is a resident of Pima, Cochise or Santa Cruz County

        Exclusion Criteria:

          -  Seizure dues to hyponatremia, hypoglycemia, alcohol use (with no evidence of other
             seizures)
      </textblock>
    </criteria>
    <gender>Both</gender>
    <minimum_age>65 Years</minimum_age>
    <maximum_age>N/A</maximum_age>
    <healthy_volunteers>No</healthy_volunteers>
  </eligibility>
  <overall_official>
    <last_name>David Labiner, MD</last_name>
    <role>Principal Investigator</role>
    <affiliation>University of Arizona</affiliation>
  </overall_official>
  <overall_official>
    <last_name>Jenny Chong, PhD</last_name>
    <role>Principal Investigator</role>
    <affiliation>University of Arizona</affiliation>
  </overall_official>
  <overall_contact>
    <last_name>Jenny Chong, PhD</last_name>
    <phone>520 626 1986</phone>
    <email>jchong@u.arizona.edu</email>
  </overall_contact>
  <overall_contact_backup>
    <last_name>Jim O'Rourke</last_name>
    <phone>520 626 4167</phone>
    <email>epilepsy@neurology.arizona.edu</email>
  </overall_contact_backup>
  <location>
    <facility>
      <name>Pima, Cochise, Santa Cruz Counties</name>
      <address>
        <city>Tucson</city>
        <state>Arizona</state>
        <zip>85724</zip>
        <country>United States</country>
      </address>
    </facility>
    <status>Recruiting</status>
    <contact>
      <last_name>Jenny Chong, PhD</last_name>
      <phone>520-626-1986</phone>
      <email>jchong@u.arizona.edu</email>
    </contact>
    <contact_backup>
      <last_name>Jim O'Rourke</last_name>
      <phone>520 626 4167</phone>
      <email>jorourke@email.arizona.edu</email>
    </contact_backup>
  </location>
  <location_countries>
    <country>United States</country>
  </location_countries>
  <reference>
    <citation>Martin R, Vogtle L, Gilliam F, Faught E. What are the concerns of older adults living with epilepsy? Epilepsy Behav. 2005 Sep;7(2):297-300.</citation>
    <PMID>15996527</PMID>
  </reference>
  <reference>
    <citation>Pallin DJ, Goldstein JN, Moussally JS, Pelletier AJ, Green AR, Camargo CA Jr. Seizure visits in US emergency departments: epidemiology and potential disparities in care. Int J Emerg Med. 2008 Jun;1(2):97-105. doi: 10.1007/s12245-008-0024-4. Epub 2008 Jun 5.</citation>
    <PMID>19384659</PMID>
  </reference>
  <reference>
    <citation>Tallis R, Hall G, Craig I, Dean A. How common are epileptic seizures in old age? Age Ageing. 1991 Nov;20(6):442-8.</citation>
    <PMID>1776595</PMID>
  </reference>
  <verification_date>January 2013</verification_date>
  <lastchanged_date>January 14, 2013</lastchanged_date>
  <firstreceived_date>May 9, 2011</firstreceived_date>
  <responsible_party>
    <responsible_party_type>Principal Investigator</responsible_party_type>
    <investigator_affiliation>University of Arizona</investigator_affiliation>
    <investigator_full_name>Jenny Chong</investigator_full_name>
    <investigator_title>Research Associate Professor</investigator_title>
  </responsible_party>
  <keyword>seniors</keyword>
  <keyword>seizures</keyword>
  <keyword>epilepsy</keyword>
  <keyword>quality of life</keyword>
  <is_fda_regulated>No</is_fda_regulated>
  <has_expanded_access>No</has_expanded_access>
  <condition_browse>
    <!-- CAUTION:  The following MeSH terms are assigned with an imperfect algorithm  -->
    <mesh_term>Epilepsy</mesh_term>
  </condition_browse>
  <!-- Results have not yet been posted for this study                                -->
</clinical_study>
