<?xml version="1.0" encoding="UTF-8"?>
<clinical_study rank="111">
  <!-- This xml conforms to an XML Schema at:
    https://clinicaltrials.gov/ct2/html/images/info/public.xsd
 and an XML DTD at:
    https://clinicaltrials.gov/ct2/html/images/info/public.dtd -->
  <required_header>
    <download_date>ClinicalTrials.gov processed this data on November 27, 2015</download_date>
    <link_text>Link to the current ClinicalTrials.gov record.</link_text>
    <url>https://clinicaltrials.gov/show/NCT02192814</url>
  </required_header>
  <id_info>
    <org_study_id>EP0024</org_study_id>
    <secondary_id>EP0024</secondary_id>
    <nct_id>NCT02192814</nct_id>
  </id_info>
  <brief_title>Open-label Study to Evaluate the Safety and Tolerability of iv Lacosamide in Japanese Adults With Partial-onset Seizures</brief_title>
  <official_title>A Multicenter, Open-label Study to Evaluate the Safety and Tolerability of Intravenous Lacosamide as Replacement for Oral Lacosamide in Japanese Adults With Partial-onset Seizures With or Without Secondary Generalization</official_title>
  <sponsors>
    <lead_sponsor>
      <agency>UCB Japan Co. Ltd.</agency>
      <agency_class>Industry</agency_class>
    </lead_sponsor>
    <collaborator>
      <agency>Parexel</agency>
      <agency_class>Industry</agency_class>
    </collaborator>
  </sponsors>
  <source>UCB Pharma</source>
  <oversight_info>
    <authority>Japan: Ministry of Health, Labor and Welfare</authority>
    <has_dmc>No</has_dmc>
  </oversight_info>
  <brief_summary>
    <textblock>
      EP0024 is a Phase 3, multicenter, open-label study to evaluate the safety and tolerability
      of intravenous (iv) lacosamide (LCM). Adjunctive iv LCM therapy (200 mg/day to 400 mg/day)
      will be administered for 5 days as replacement for oral LCM tablets in Japanese adults with
      partial-onset seizures.
    </textblock>
  </brief_summary>
  <overall_status>Completed</overall_status>
  <start_date>July 2014</start_date>
  <completion_date type="Actual">November 2014</completion_date>
  <primary_completion_date type="Actual">October 2014</primary_completion_date>
  <phase>Phase 3</phase>
  <study_type>Interventional</study_type>
  <study_design>Allocation: Non-Randomized, Endpoint Classification: Safety Study, Intervention Model: Single Group Assignment, Masking: Open Label, Primary Purpose: Treatment</study_design>
  <primary_outcome>
    <measure>The total number of subjects experiencing at least one Adverse Event during the study</measure>
    <time_frame>During the study (Screening through End of Study (Day -1 through Day 6))</time_frame>
    <safety_issue>No</safety_issue>
    <description>An Adverse Event (AE) is any untoward medical occurrence in a patient or clinical investigation subject administered a pharmaceutical product that does not necessarily have a causal relationship with this treatment. An AE can therefore be any unfavorable and unintended sign (including an abnormal laboratory finding), symptom, or disease temporally associated with the use of a medicinal (investigational) product, whether or not related to the medicinal (investigational) product.</description>
  </primary_outcome>
  <primary_outcome>
    <measure>The total number of subject withdrawal due to Adverse Events during the study</measure>
    <time_frame>During the study (Screening through End of Study (Day -1 through Day 6))</time_frame>
    <safety_issue>No</safety_issue>
    <description>An Adverse Event (AE) is any untoward medical occurrence in a patient or clinical investigation subject administered a pharmaceutical product that does not necessarily have a causal relationship with this treatment. An AE can therefore be any unfavorable and unintended sign (including an abnormal laboratory finding), symptom, or disease temporally associated with the use of a medicinal (investigational) product, whether or not related to the medicinal (investigational) product.</description>
  </primary_outcome>
  <secondary_outcome>
    <measure>The cumulative partial-onset seizure frequency from Day -1 to Day 5</measure>
    <time_frame>From Day -1 to Day 5</time_frame>
    <safety_issue>No</safety_issue>
  </secondary_outcome>
  <secondary_outcome>
    <measure>Ctrough for Lacosamide (LCM) on Day 1</measure>
    <time_frame>Day 1</time_frame>
    <safety_issue>No</safety_issue>
  </secondary_outcome>
  <secondary_outcome>
    <measure>Ctrough for Lacosamide (LCM) on Day 2</measure>
    <time_frame>Day 2</time_frame>
    <safety_issue>No</safety_issue>
  </secondary_outcome>
  <secondary_outcome>
    <measure>Ctrough for Lacosamide (LCM) on Day 5</measure>
    <time_frame>Day 5</time_frame>
    <safety_issue>No</safety_issue>
  </secondary_outcome>
  <secondary_outcome>
    <measure>Cmax for Lacosamide (LCM) (end of infusion) on Day 1</measure>
    <time_frame>Day 1</time_frame>
    <safety_issue>No</safety_issue>
  </secondary_outcome>
  <secondary_outcome>
    <measure>Cmax for Lacosamide (LCM) (end of infusion) on Day 2</measure>
    <time_frame>Day 2</time_frame>
    <safety_issue>No</safety_issue>
  </secondary_outcome>
  <secondary_outcome>
    <measure>Cmax for Lacosamide (LCM) (end of infusion) on Day 5</measure>
    <time_frame>Day 5</time_frame>
    <safety_issue>No</safety_issue>
  </secondary_outcome>
  <number_of_arms>1</number_of_arms>
  <enrollment type="Actual">9</enrollment>
  <condition>Epilepsy</condition>
  <condition>Partial-onset Seizures</condition>
  <arm_group>
    <arm_group_label>Lacosamide (LCM)</arm_group_label>
    <arm_group_type>Experimental</arm_group_type>
    <description>On Day - 1, LCM oral tablets will be administered in accordance with each subject's LCM dosage regimen in EP0009 (NCT01832038). The oral tablets will be taken from EP0009 supply.
During the Treatment Period, subjects will receive a 30-minute infusion of intravenous (iv) LCM twice daily, once in the morning and once in the evening, for 5 days.
The daily dose of iv LCM will be the same as the subject's current daily dose of oral LCM in EP0009 (200 - 400 mg/day).</description>
  </arm_group>
  <intervention>
    <intervention_type>Drug</intervention_type>
    <intervention_name>Lacosamide (50 mg/tablet)</intervention_name>
    <description>Active Substance: Lacosamide
Pharmaceutical form: Tablet
Concentration: 50 mg/tablet
Route of Administration: Oral administration</description>
    <arm_group_label>Lacosamide (LCM)</arm_group_label>
    <other_name>Vimpat</other_name>
  </intervention>
  <intervention>
    <intervention_type>Drug</intervention_type>
    <intervention_name>Lacosamide (100 mg/tablet)</intervention_name>
    <description>Active Substance: Lacosamide
Pharmaceutical form: Tablet
Concentration: 100 mg/tablet
Route of Administration: Oral administration</description>
    <arm_group_label>Lacosamide (LCM)</arm_group_label>
    <other_name>Vimpat</other_name>
  </intervention>
  <intervention>
    <intervention_type>Drug</intervention_type>
    <intervention_name>Lacosamide (200 mg/20 mL)</intervention_name>
    <description>Active Substance: Lacosamide
Pharmaceutical form: Glass vial
Concentration: 200 mg/20 mL
Route of Administration: Drip infusion</description>
    <arm_group_label>Lacosamide (LCM)</arm_group_label>
    <other_name>Vimpat</other_name>
  </intervention>
  <eligibility>
    <criteria>
      <textblock>
        Inclusion Criteria:

          -  Subject is Japanese and currently enrolled in EP0009 (NCT01832038) receiving oral
             Lacosamide (LCM) for the treatment of partial-onset seizures and has been enrolled
             for at least 8 weeks

          -  Subject has been on a stable twice daily (bid) dosage regimen of LCM 200 mg/ day to
             400 mg/ day, for the 2 weeks prior to entry into EP0024

          -  Subject has been receiving no more than 3 concomitant Antiepileptic Drugs (AEDs) at
             doses that have remained stable for the 2 weeks prior to entry into EP0024

        Exclusion Criteria:

          -  Subject has a history of any kind of status epilepticus within 12-month period prior
             to study entry

          -  Subject has actual suicidal ideation as indicated by a positive response (&quot;Yes&quot;) to
             either Question 4 or Question 5 of the &quot;Since Last Visit&quot; version of the
             Columbia-Suicide Severity Rating Scale (C-SSRS)
      </textblock>
    </criteria>
    <gender>Both</gender>
    <minimum_age>16 Years</minimum_age>
    <maximum_age>N/A</maximum_age>
    <healthy_volunteers>No</healthy_volunteers>
  </eligibility>
  <overall_official>
    <last_name>UCB Clinical Trial Call Center</last_name>
    <role>Study Director</role>
    <affiliation>1-877-822-9493</affiliation>
  </overall_official>
  <location>
    <facility>
      <name>81027</name>
      <address>
        <city>Hamamatsu</city>
        <country>Japan</country>
      </address>
    </facility>
  </location>
  <location>
    <facility>
      <name>81024</name>
      <address>
        <city>Kodaira</city>
        <country>Japan</country>
      </address>
    </facility>
  </location>
  <location>
    <facility>
      <name>81025</name>
      <address>
        <city>Sapporo</city>
        <country>Japan</country>
      </address>
    </facility>
  </location>
  <location>
    <facility>
      <name>81003</name>
      <address>
        <city>Shizuoka</city>
        <country>Japan</country>
      </address>
    </facility>
  </location>
  <location>
    <facility>
      <name>81023</name>
      <address>
        <city>Suita</city>
        <country>Japan</country>
      </address>
    </facility>
  </location>
  <location_countries>
    <country>Japan</country>
  </location_countries>
  <verification_date>February 2015</verification_date>
  <lastchanged_date>February 27, 2015</lastchanged_date>
  <firstreceived_date>July 11, 2014</firstreceived_date>
  <responsible_party>
    <responsible_party_type>Sponsor</responsible_party_type>
  </responsible_party>
  <keyword>Lacosamide</keyword>
  <keyword>LCM</keyword>
  <keyword>Epilepsy</keyword>
  <keyword>Partial-onset seizures</keyword>
  <keyword>iv</keyword>
  <is_fda_regulated>Yes</is_fda_regulated>
  <is_section_801>Yes</is_section_801>
  <has_expanded_access>No</has_expanded_access>
  <condition_browse>
    <!-- CAUTION:  The following MeSH terms are assigned with an imperfect algorithm  -->
    <mesh_term>Seizures</mesh_term>
  </condition_browse>
  <intervention_browse>
    <!-- CAUTION:  The following MeSH terms are assigned with an imperfect algorithm  -->
    <mesh_term>Lacosamide</mesh_term>
  </intervention_browse>
  <!-- Results have not yet been posted for this study                                -->
</clinical_study>
