<?xml version="1.0" encoding="UTF-8"?>
<clinical_study rank="339">
  <!-- This xml conforms to an XML Schema at:
    https://clinicaltrials.gov/ct2/html/images/info/public.xsd
 and an XML DTD at:
    https://clinicaltrials.gov/ct2/html/images/info/public.dtd -->
  <required_header>
    <download_date>ClinicalTrials.gov processed this data on November 27, 2015</download_date>
    <link_text>Link to the current ClinicalTrials.gov record.</link_text>
    <url>https://clinicaltrials.gov/show/NCT01892605</url>
  </required_header>
  <id_info>
    <org_study_id>KMU-IRB-970391</org_study_id>
    <nct_id>NCT01892605</nct_id>
  </id_info>
  <brief_title>The Clinical Application and Mechanism of Music Therapy (Mozart's Effect) on Epilepsy</brief_title>
  <official_title>The Clinical Application and Mechanism of Music Therapy (Mozart's Effect) on Epilepsy</official_title>
  <sponsors>
    <lead_sponsor>
      <agency>Kaohsiung Medical University Chung-Ho Memorial Hospital</agency>
      <agency_class>Other</agency_class>
    </lead_sponsor>
  </sponsors>
  <source>Kaohsiung Medical University Chung-Ho Memorial Hospital</source>
  <oversight_info>
    <authority>Taiwan: Institutional Review Board</authority>
    <has_dmc>No</has_dmc>
  </oversight_info>
  <brief_summary>
    <textblock>
      Music has a long history in healing physical and mental illness. The Mozart effect was
      initially reported by Rauscher, Shaw, and Ky in the journal of &quot;Nature&quot; in the year of 1993.
      They examined performance on Stanford-Binet spatial tasks immediately following either 10
      minutes of listening to Mozart's sonata K.448, silence, or instruction to relax. They found
      the performance scores were 9 point higher in Mozart-listening group than other two groups.
      Later, the beneficial influence of Mozart music on parkinson's disease, epilepsy, senile
      dementia, and attention-deficit/hyperactivity disorder was reported. However, the real
      neurophysiological mechanism of the influence remains unclear.

      Epilepsy is a common disorder in the field of pediatric neurology. Although we had greatly
      advanced in develop of new anticonvulsant, thirty percent of patients with epilepsy have
      drug-resistance, which is associated with an increased risk of debilitating psychosocial
      consequences. In addition, the adverse effects of anticonvulsants are not uncommon. Few
      reports demonstrated that patients exposed to Mozart's music can significantly decrease in
      seizure frequencies and interictal epileptiform discharge. However, the case number of these
      studies was limited and the mechanisms of music therapy on epilepsy were not well known. In
      our recent studies, Mozart's music indeed decreased the epileptifrom discharge in the
      patients with epilepsy, particularly in the patients with generalized discharge and central
      discharge. On the basis of these encouraging results, we will try to investigate the neural
      mechanisms and clinical applications of music therapy in the following three years.

      In the first year of our study, we use animal model to examine the possible mechanism of
      Mozart's effect. The aim of the second year study is investigation the effect of music on
      the cortical functions in the epileptic rat model. According to our previous study, Mozart's
      sonata K.448 was effective in reducing epileptiform discharge. On the basis of previous
      two-year results, the patients with epilepsy will be enrolled in the third year project to
      perform an individualized music therapy. In this study, we can provide an alternative
      therapy in the patients of epilepsy and investigate the possible biological mechanism of
      music effect.
    </textblock>
  </brief_summary>
  <detailed_description>
    <textblock>
      Children with first unprovoked seizure were investigated.Patients were randomly classified
      into treatment and control groups. They did not receive AED after their first unprovoked
      seizure. The treatment group listened to Mozart K.448 for eight minutes once daily before
      bedtime for at least six months.All of the patients received follow-up telephone calls
      monthly. Patients who experienced seizure recurrence were advised to begin AED treatment.
    </textblock>
  </detailed_description>
  <overall_status>Completed</overall_status>
  <start_date>April 2009</start_date>
  <completion_date type="Actual">December 2011</completion_date>
  <primary_completion_date type="Actual">October 2011</primary_completion_date>
  <phase>N/A</phase>
  <study_type>Interventional</study_type>
  <study_design>Endpoint Classification: Efficacy Study, Intervention Model: Single Group Assignment, Masking: Open Label, Primary Purpose: Treatment</study_design>
  <primary_outcome>
    <measure>estimate seizure recurrence rate by Kaplan-Meier estimates</measure>
    <time_frame>up to 24 months</time_frame>
    <safety_issue>No</safety_issue>
  </primary_outcome>
  <number_of_arms>1</number_of_arms>
  <enrollment type="Actual">46</enrollment>
  <condition>Seizure</condition>
  <arm_group>
    <arm_group_label>music listening, no music</arm_group_label>
    <arm_group_type>Experimental</arm_group_type>
    <description>The clinical application and mechanism of music therapy The clinical application and mechanism of music therapy (Mozart's effect) on epilepsy (Mozart's effect) on epilepsy</description>
  </arm_group>
  <intervention>
    <intervention_type>Behavioral</intervention_type>
    <intervention_name>music listening</intervention_name>
    <description>The treatment group listened to Mozart K.448 for eight minutes once daily before bedtime for at least six months.</description>
    <arm_group_label>music listening, no music</arm_group_label>
  </intervention>
  <eligibility>
    <criteria>
      <textblock>
        Inclusion Criteria:

          -  children who had epileptiform discharges with first unprovoked seizure

        Exclusion Criteria:

          -  epileptic children without epileptiform discharges
      </textblock>
    </criteria>
    <gender>Both</gender>
    <minimum_age>N/A</minimum_age>
    <maximum_age>18 Years</maximum_age>
    <healthy_volunteers>No</healthy_volunteers>
  </eligibility>
  <overall_official>
    <last_name>Lung-Chang Lin, PhD</last_name>
    <role>Principal Investigator</role>
    <affiliation>Kaohsiung Medical University</affiliation>
  </overall_official>
  <location>
    <facility>
      <name>Kaohsiung Medical University Hospital</name>
      <address>
        <city>Kaohsiung</city>
        <zip>807</zip>
        <country>Taiwan</country>
      </address>
    </facility>
  </location>
  <location_countries>
    <country>Taiwan</country>
  </location_countries>
  <reference>
    <citation>Lin LC, Lee WT, Wu HC, Tsai CL, Wei RC, Mok HK, Weng CF, Lee MW, Yang RC. The long-term effect of listening to Mozart K.448 decreases epileptiform discharges in children with epilepsy. Epilepsy Behav. 2011 Aug;21(4):420-4. doi: 10.1016/j.yebeh.2011.05.015.</citation>
    <PMID>21689988</PMID>
  </reference>
  <verification_date>July 2013</verification_date>
  <lastchanged_date>July 1, 2013</lastchanged_date>
  <firstreceived_date>June 19, 2013</firstreceived_date>
  <responsible_party>
    <responsible_party_type>Sponsor</responsible_party_type>
  </responsible_party>
  <keyword>Mozart K.448</keyword>
  <keyword>first unprovoked seizure</keyword>
  <keyword>epileptiform discharges</keyword>
  <keyword>music therapy</keyword>
  <keyword>children</keyword>
  <is_fda_regulated>No</is_fda_regulated>
  <has_expanded_access>No</has_expanded_access>
  <!-- Results have not yet been posted for this study                                -->
</clinical_study>
