<?xml version="1.0" encoding="UTF-8"?>
<clinical_study rank="196">
  <!-- This xml conforms to an XML Schema at:
    https://clinicaltrials.gov/ct2/html/images/info/public.xsd
 and an XML DTD at:
    https://clinicaltrials.gov/ct2/html/images/info/public.dtd -->
  <required_header>
    <download_date>ClinicalTrials.gov processed this data on December 01, 2015</download_date>
    <link_text>Link to the current ClinicalTrials.gov record.</link_text>
    <url>https://clinicaltrials.gov/show/NCT01432171</url>
  </required_header>
  <id_info>
    <org_study_id>BTTC11-01</org_study_id>
    <secondary_id>NCI-2011-03055</secondary_id>
    <nct_id>NCT01432171</nct_id>
  </id_info>
  <brief_title>Lacosamide for Seizure Prophylaxis in High-Grade Gliomas</brief_title>
  <official_title>Randomized, Double-Blind, Placebo-Controlled Trial of Lacosamide for Seizure Prophylaxis in Patients With High-Grade Gliomas</official_title>
  <sponsors>
    <lead_sponsor>
      <agency>M.D. Anderson Cancer Center</agency>
      <agency_class>Other</agency_class>
    </lead_sponsor>
    <collaborator>
      <agency>Brain Tumor Trials Collaborative</agency>
      <agency_class>Other</agency_class>
    </collaborator>
    <collaborator>
      <agency>UCB Pharma</agency>
      <agency_class>Industry</agency_class>
    </collaborator>
  </sponsors>
  <source>M.D. Anderson Cancer Center</source>
  <oversight_info>
    <authority>United States: Institutional Review Board</authority>
    <has_dmc>Yes</has_dmc>
  </oversight_info>
  <brief_summary>
    <textblock>
      The goal of this clinical research study is to learn if an antiepileptic (anti-seizure)
      treatment will prevent seizures in patients with brain tumors who have not yet had a
      seizure. Anti-seizure drugs are designed to decrease abnormal electrical activity in the
      brain that plays a role in developing seizures.

      In this study, lacosamide will be used as an anti-seizure medication. Lacosamide will be
      compared to a placebo.

      A placebo is not a drug. It looks like the study drug but is not designed to treat any
      disease or illness. It is designed to be compared with a study drug to learn if the study
      drug has any real effect.
    </textblock>
  </brief_summary>
  <detailed_description>
    <textblock>
      Study Drug Administration:

      If you are found to be eligible to take part in this study, you will be randomly assigned
      (as in the flip of a coin) to receive either lacosamide or a placebo. Neither you nor your
      doctor will know if you are receiving the study drug or placebo. However, if needed for your
      safety during the study, the study staff and study doctor will be able to find out what you
      are receiving.

      You will take lacosamide or placebo by mouth 2 times a day, at about the same times each
      day, spaced as close to 12 hours apart as possible. The study drug/placebo may be taken with
      or without food. Missed doses should be only taken within 6 hours of the scheduled time.

      If you vomit while taking the study drug/placebo, you should not take more pills before the
      next scheduled dose unless the pill can be clearly identified in the vomit.

      You will be given a drug diary to fill out each day that you take the study pills. The study
      staff will explain how to fill out this diary.

      Study Visits:

      Every month:

      ° You will be called and asked questions about any side effects you may be having. and about
      your mood.

      At Months 1, 4, 7, and 10:

        -  Your medical history will be recorded, including any drugs you may have taken and/or
           may be taking.

        -  You will have a physical exam, including measurement of your vital signs.

        -  Your performance status will be recorded.

        -  You will have a neurological exam.

        -  At Months 4, 7, and 10, you will be asked about any side effects you may be having.

      At any time during the study, extra tests may be performed if the doctor thinks they are
      needed for your safety. The study doctor will tell you more about any extra tests.

      Length of Study:

      You may take lacosamide or placebo for up to 1 year. Your study doctor may take you off the
      study early if he or she feels it is not in your best interest, you have new health problems
      that make taking part in the study possibly dangerous, if intolerable side effects occur, or
      if you are unable to follow study directions.

      You will be considered off-study once you complete the Long-Term Follow-Up.

      End-of-Dosing Visit:

      After you stopped taking the study drug/placebo, you will have an end-of-dosing visit. At
      this visit, the following tests and procedures will be performed:

        -  Your medical history will be recorded, including any drugs you may have taken and/or
           may be taking and any side effects you may be having.

        -  You will complete the questionnaire about your mood.

        -  You will have a physical exam, including measurement of your vital signs.

        -  Your performance status will be recorded.

        -  You will have a neurological exam.

      Long-Term Follow-Up:

      Every 3 months after your End-of-Study visit, for about 5 years, you may be called and asked
      how you are feeling if you do not schedule a required monthly follow up visit. This phone
      call will take about 5-10 minutes.

      This is an investigational study. Lacosamide is FDA approved and commercially available for
      the treatment of seizures. Its use to reduce the risk of seizures in patients with malignant
      gliomas is investigational.

      Up to 302 patients will take part in this multicenter study. Up to 60 will be enrolled at MD
      Anderson.
    </textblock>
  </detailed_description>
  <overall_status>Recruiting</overall_status>
  <start_date>July 2012</start_date>
  <primary_completion_date type="Anticipated">July 2018</primary_completion_date>
  <phase>N/A</phase>
  <study_type>Interventional</study_type>
  <study_design>Allocation: Randomized, Endpoint Classification: Safety/Efficacy Study, Intervention Model: Parallel Assignment, Masking: Double Blind (Subject, Investigator), Primary Purpose: Treatment</study_design>
  <primary_outcome>
    <measure>Time to First Seizure (TFS)</measure>
    <time_frame>1 month</time_frame>
    <safety_issue>Yes</safety_issue>
    <description>The primary measure of efficacy is time to first seizure (TFS). The primary test of the difference in TFS between the treatment arms based on the likelihood ratio statistic for the treatment effect in a stratified proportional hazards regression model with anticonvulsant use as the stratification factor. The conditional power for the time-to-event outcome computed based on the method described in Design and Analysis of Clinical Trials with Time-to-Event Endpoints and Lan Simon and Halperin.</description>
  </primary_outcome>
  <number_of_arms>2</number_of_arms>
  <enrollment type="Anticipated">302</enrollment>
  <condition>Brain Cancer</condition>
  <arm_group>
    <arm_group_label>Lacosamide</arm_group_label>
    <arm_group_type>Experimental</arm_group_type>
    <description>Lacosamide or placebo will be taken by mouth twice a day, at approximately the same time each day, spaced as close to 12 hours apart as possible. The starting dose of lacosamide or placebo will be 50 mg PO bid. Over 4 weeks, the dose should be increased to a target dose of 200 mg bid. A recommended scheme for dose escalation is to increase by 100 mg/day weekly until 200 mg bid is achieved.</description>
  </arm_group>
  <arm_group>
    <arm_group_label>Placebo</arm_group_label>
    <arm_group_type>Placebo Comparator</arm_group_type>
    <description>Lacosamide or placebo will be taken by mouth twice a day, at approximately the same time each day, spaced as close to 12 hours apart as possible. The starting dose of lacosamide or placebo will be 50 mg PO bid. Over 4 weeks, the dose should be increased to a target dose of 200 mg bid. A recommended scheme for dose escalation is to increase by 100 mg/day weekly until 200 mg bid is achieved.</description>
  </arm_group>
  <intervention>
    <intervention_type>Drug</intervention_type>
    <intervention_name>Lacosamide</intervention_name>
    <description>Starting dose: 50 mg by mouth twice a day.</description>
    <arm_group_label>Lacosamide</arm_group_label>
    <other_name>Vimpat</other_name>
  </intervention>
  <intervention>
    <intervention_type>Other</intervention_type>
    <intervention_name>Placebo</intervention_name>
    <description>To be taken by mouth twice daily.</description>
    <arm_group_label>Placebo</arm_group_label>
    <other_name>sugar pill</other_name>
  </intervention>
  <eligibility>
    <criteria>
      <textblock>
        Inclusion Criteria:

          1. Patients with histologically confirmed supratentorial high-grade glioma will be
             eligible for this protocol.

          2. All patients must sign an informed consent indicating that they are aware of the
             investigational nature of this study.

          3. Patients must have signed an authorization for the release of their protected health
             information.

          4. Patients must be &gt;/= 18 years old.

          5. Patients must have a Karnofsky performance status of &gt;/= 60.

          6. Women of childbearing potential must have a negative beta-HCG pregnancy test
             documented within 2 weeks prior to registration.

          7. In the opinion of the treating investigator, patients must have adequate cognitive
             abilities to complete the neurocognitive components of the study.

          8. Patients must be able to safely swallow pills.

          9. Patients must agree to practice adequate contraception.

         10. Patients must be registered on study within 16 weeks after the surgical procedure
             that established the diagnosis of High Grade Glioma.

        Exclusion Criteria:

          1. Patients must not have any significant medical or psychiatric illnesses that in the
             investigator's opinion cannot be adequately controlled with appropriate therapy or
             would compromise the patient's ability to tolerate this therapy.

          2. Patients must not have serious intercurrent medical illness. Serious, active
             co-morbidity, defined as follows: a) Unstable angina and/or congestive heart failure
             requiring hospitalization within the last 12 months. b) Transmural myocardial
             infarction within the last 6 months. c) Acute bacterial or fungal infection requiring
             intravenous antibiotics at the time of registration. d) Chronic Obstructive Pulmonary
             Disease exacerbation or other respiratory illness requiring hospitalization or
             precluding study therapy at the time of registration. e) Hepatic insufficiency
             resulting in clinical jaundice and/or coagulation defects; note, however, that
             laboratory tests for liver function and coagulation parameters are not required for
             entry into this protocol.

          3. (2. continued) f) Acquired Immune Deficiency Syndrome (AIDS) based upon current CDC
             definition; note, however, that HIV testing is not required for entry into this
             protocol. The need to exclude patients with AIDS from this protocol is necessary
             because the treatments involved in this protocol may be significantly
             immunosuppressive. g) Active connective tissue disorders, such as lupus or
             scleroderma, that in the opinion of the treating physician may put the patient at
             high risk for radiation toxicity.

          4. Patients must not be pregnant or breast feeding. Patients must not be pregnant
             because lacosamide produced developmental toxicity in rats following administration
             during pregnancy. There is insufficient information to determine if lacosamide is
             safe during lactation.

          5. Patients must not have any disease that will obscure toxicity or dangerously alter
             Drug metabolism

          6. Patients must not have a history of heart block or cardiac arrhythmia, including
             asymptomatic arrhythmias and atrial fibrillation/flutter.

          7. Patients must not have a prolonged PR interval (defined as &gt; 200 ms).

          8. Perioperative anticonvulsants should be tapered as indicated in the protocol.

          9. Patients must not have a history of any type of seizure for at least 10 years prior
             to registration.
      </textblock>
    </criteria>
    <gender>Both</gender>
    <minimum_age>18 Years</minimum_age>
    <maximum_age>N/A</maximum_age>
    <healthy_volunteers>No</healthy_volunteers>
  </eligibility>
  <overall_official>
    <last_name>Marta Penas-Prado, MD</last_name>
    <role>Principal Investigator</role>
    <affiliation>M.D. Anderson Cancer Center</affiliation>
  </overall_official>
  <overall_contact>
    <last_name>Marta Penas-Prado, MD</last_name>
    <phone>713-792-2883</phone>
  </overall_contact>
  <location>
    <facility>
      <name>Northwestern University</name>
      <address>
        <city>Chicago</city>
        <state>Illinois</state>
        <zip>60208</zip>
        <country>United States</country>
      </address>
    </facility>
    <status>Recruiting</status>
    <investigator>
      <last_name>Jeffrety Raizer, MD</last_name>
      <role>Principal Investigator</role>
    </investigator>
  </location>
  <location>
    <facility>
      <name>Rush University Medical Center</name>
      <address>
        <city>Chicago</city>
        <state>Illinois</state>
        <zip>60612</zip>
        <country>United States</country>
      </address>
    </facility>
    <status>Recruiting</status>
    <investigator>
      <last_name>Nina Paleologos, MD</last_name>
      <role>Principal Investigator</role>
    </investigator>
  </location>
  <location>
    <facility>
      <name>Northshore University Health System</name>
      <address>
        <city>Evanston</city>
        <state>Illinois</state>
        <zip>60201</zip>
        <country>United States</country>
      </address>
    </facility>
    <status>Recruiting</status>
    <investigator>
      <last_name>Ryan Merrell, MD</last_name>
      <role>Principal Investigator</role>
    </investigator>
  </location>
  <location>
    <facility>
      <name>Dana Farber Cancer Institute</name>
      <address>
        <city>Boston</city>
        <state>Massachusetts</state>
        <zip>02215</zip>
        <country>United States</country>
      </address>
    </facility>
    <status>Recruiting</status>
    <investigator>
      <last_name>Andrew Norden, MD</last_name>
      <role>Principal Investigator</role>
    </investigator>
  </location>
  <location>
    <facility>
      <name>Henry Ford Health System</name>
      <address>
        <city>Detroit</city>
        <state>Michigan</state>
        <zip>48202-2608</zip>
        <country>United States</country>
      </address>
    </facility>
    <status>Recruiting</status>
    <investigator>
      <last_name>Tom Mikkelsen, MD</last_name>
      <role>Principal Investigator</role>
    </investigator>
  </location>
  <location>
    <facility>
      <name>Case Western Reserve University</name>
      <address>
        <city>Cleveland</city>
        <state>Ohio</state>
        <zip>44106</zip>
        <country>United States</country>
      </address>
    </facility>
    <status>Recruiting</status>
    <investigator>
      <last_name>Lisa Rogers, DO</last_name>
      <role>Principal Investigator</role>
    </investigator>
  </location>
  <location>
    <facility>
      <name>Cleveland Clinic Foundation</name>
      <address>
        <city>Cleveland</city>
        <state>Ohio</state>
        <zip>44195</zip>
        <country>United States</country>
      </address>
    </facility>
    <status>Recruiting</status>
    <investigator>
      <last_name>Manmeet Ahluwalia, Ph.D</last_name>
      <role>Principal Investigator</role>
    </investigator>
  </location>
  <location>
    <facility>
      <name>Ohio State University</name>
      <address>
        <city>Columbus</city>
        <state>Ohio</state>
        <zip>43210</zip>
        <country>United States</country>
      </address>
    </facility>
    <status>Recruiting</status>
    <investigator>
      <last_name>Vinay Pudavali</last_name>
      <role>Principal Investigator</role>
    </investigator>
  </location>
  <location>
    <facility>
      <name>Medical University of South Carolina</name>
      <address>
        <city>Charleston</city>
        <state>South Carolina</state>
        <zip>29403</zip>
        <country>United States</country>
      </address>
    </facility>
    <status>Recruiting</status>
    <investigator>
      <last_name>Scott Lindhorst, MD</last_name>
      <role>Principal Investigator</role>
    </investigator>
  </location>
  <location>
    <facility>
      <name>Baylor University Medical Center</name>
      <address>
        <city>Dallas</city>
        <state>Texas</state>
        <zip>75246</zip>
        <country>United States</country>
      </address>
    </facility>
    <status>Recruiting</status>
    <investigator>
      <last_name>Karen Fink, MD</last_name>
      <role>Principal Investigator</role>
    </investigator>
  </location>
  <location>
    <facility>
      <name>UT Southwestern Medical Center at Dallas</name>
      <address>
        <city>Dallas</city>
        <state>Texas</state>
        <zip>75390</zip>
        <country>United States</country>
      </address>
    </facility>
    <status>Recruiting</status>
    <investigator>
      <last_name>Edward Pam, MD</last_name>
      <role>Principal Investigator</role>
    </investigator>
  </location>
  <location>
    <facility>
      <name>University of Texas MD Anderson Cancer Center</name>
      <address>
        <city>Houston</city>
        <state>Texas</state>
        <zip>77030</zip>
        <country>United States</country>
      </address>
    </facility>
    <status>Recruiting</status>
  </location>
  <location>
    <facility>
      <name>Aurora Health Care</name>
      <address>
        <city>Milwaukee</city>
        <state>Wisconsin</state>
        <zip>53234</zip>
        <country>United States</country>
      </address>
    </facility>
    <status>Recruiting</status>
    <investigator>
      <last_name>George Bobustuc</last_name>
      <role>Principal Investigator</role>
    </investigator>
  </location>
  <location_countries>
    <country>United States</country>
  </location_countries>
  <link>
    <url>http://www.mdanderson.org</url>
    <description>University of Texas MD Anderson Cancer Center Website</description>
  </link>
  <verification_date>September 2015</verification_date>
  <lastchanged_date>September 28, 2015</lastchanged_date>
  <firstreceived_date>September 8, 2011</firstreceived_date>
  <responsible_party>
    <responsible_party_type>Sponsor</responsible_party_type>
  </responsible_party>
  <keyword>Brain cancer</keyword>
  <keyword>Central nervous system</keyword>
  <keyword>Seizure prophylaxis</keyword>
  <keyword>High-Grade Gliomas</keyword>
  <keyword>HGG</keyword>
  <keyword>Supratentorial high-grade glioma</keyword>
  <keyword>Malignant glioma</keyword>
  <keyword>Lacosamide</keyword>
  <keyword>Vimpat</keyword>
  <keyword>Placebo</keyword>
  <keyword>Sugar pill</keyword>
  <is_fda_regulated>Yes</is_fda_regulated>
  <is_section_801>No</is_section_801>
  <has_expanded_access>No</has_expanded_access>
  <condition_browse>
    <!-- CAUTION:  The following MeSH terms are assigned with an imperfect algorithm  -->
    <mesh_term>Brain Neoplasms</mesh_term>
  </condition_browse>
  <intervention_browse>
    <!-- CAUTION:  The following MeSH terms are assigned with an imperfect algorithm  -->
    <mesh_term>Lacosamide</mesh_term>
  </intervention_browse>
  <!-- Results have not yet been posted for this study                                -->
</clinical_study>
