<?xml version="1.0" encoding="UTF-8"?>
<clinical_study rank="200">
  <!-- This xml conforms to an XML Schema at:
    https://clinicaltrials.gov/ct2/html/images/info/public.xsd
 and an XML DTD at:
    https://clinicaltrials.gov/ct2/html/images/info/public.dtd -->
  <required_header>
    <download_date>ClinicalTrials.gov processed this data on November 27, 2015</download_date>
    <link_text>Link to the current ClinicalTrials.gov record.</link_text>
    <url>https://clinicaltrials.gov/show/NCT00655486</url>
  </required_header>
  <id_info>
    <org_study_id>SP0926</org_study_id>
    <secondary_id>2014-004384-21</secondary_id>
    <nct_id>NCT00655486</nct_id>
  </id_info>
  <brief_title>Study to Assess the Long-term Safety of Oral Lacosamide in Subjects With Partial-onset Seizures</brief_title>
  <official_title>A Multicenter, Open-label Extension Trial to Assess the Long-term Safety and Tolerability of Lacosamide as Adjunctive Therapy in Subjects With Partial-onset Seizures</official_title>
  <sponsors>
    <lead_sponsor>
      <agency>UCB BIOSCIENCES, Inc.</agency>
      <agency_class>Industry</agency_class>
    </lead_sponsor>
  </sponsors>
  <source>UCB Pharma</source>
  <oversight_info>
    <authority>United States: Food and Drug Administration</authority>
    <has_dmc>No</has_dmc>
  </oversight_info>
  <brief_summary>
    <textblock>
      The purpose of this study is to allow eligible subjects from the parent study, SP925
      [NCT00655551] to continue lacosamide and to obtain additional long-term safety data
    </textblock>
  </brief_summary>
  <detailed_description>
    <textblock>
      A multicenter, open-label extension study to assess the long-term safety and tolerability of
      lacosamide as adjunctive therapy in subjects with partial-onset seizures who were previously
      enrolled in the SP925 study [NCT00655551] (intravenous lacosamide loading dose followed by
      approximately 1 week of oral lacosamide maintenance).
    </textblock>
  </detailed_description>
  <overall_status>Completed</overall_status>
  <start_date>April 2008</start_date>
  <completion_date type="Actual">June 2010</completion_date>
  <primary_completion_date type="Actual">June 2010</primary_completion_date>
  <phase>Phase 3</phase>
  <study_type>Interventional</study_type>
  <study_design>Endpoint Classification: Safety Study, Intervention Model: Single Group Assignment, Masking: Open Label, Primary Purpose: Treatment</study_design>
  <primary_outcome>
    <measure>Number of Subjects With at Least One Adverse Event During This Open-label Extension Study (Maximum Study Duration 2 Years)</measure>
    <time_frame>2 years</time_frame>
    <safety_issue>No</safety_issue>
    <description>An Adverse Event (AE) is any untoward medical occurrence (eg, noxious or pathological changes) in a subject or clinical investigation subject compared with pre-existing conditions, that occurs during any period of a clinical trial including Pre-treatment, Run-In, Wash-Out, or Follow-Up Periods. An AE is defined as being independent of assumption of any causality (eg, to study or concomitant medication, primary or concomitant disease, or study design).</description>
  </primary_outcome>
  <primary_outcome>
    <measure>Number of Subjects Who Withdrew From the Study Due to an Adverse Event (Maximum Study Duration 2 Years)</measure>
    <time_frame>2 years</time_frame>
    <safety_issue>No</safety_issue>
    <description>An Adverse Event (AE) is any untoward medical occurrence (eg, noxious or pathological changes) in a subject or clinical investigation subject compared with pre-existing conditions, that occurs during any period of a clinical trial including Pre-treatment, Run-In, Wash-Out, or Follow-Up Periods. An AE is defined as being independent of assumption of any causality (eg, to study or concomitant medication, primary or concomitant disease, or study design).</description>
  </primary_outcome>
  <number_of_arms>1</number_of_arms>
  <enrollment type="Actual">97</enrollment>
  <condition>Partial Epilepsies</condition>
  <condition>Partial Onset Seizures</condition>
  <arm_group>
    <arm_group_label>Lacosamide</arm_group_label>
    <arm_group_type>Experimental</arm_group_type>
    <description>Lacosamide 100 to 800 mg/day, flexible dosing, administered twice daily throughout the duration of the study (up to 2 years)</description>
  </arm_group>
  <intervention>
    <intervention_type>Drug</intervention_type>
    <intervention_name>lacosamide</intervention_name>
    <description>Subjects' dose of lacosamide may be increased or decreased as needed to maintain a subject's effective and tolerable dose during the study. Tablets are 50 mg or 100 mg each; Dose is 100 mg/day up to 800 mg/day administered twice daily throughout the study (up to 2 years).</description>
    <arm_group_label>Lacosamide</arm_group_label>
    <other_name>Vimpat</other_name>
  </intervention>
  <eligibility>
    <criteria>
      <textblock>
        Inclusion Criteria:

          -  Eligible subjects who participated in SP925 [NCT00655551] for treatment of
             partial-onset seizures

        Exclusion Criteria:

          -  Receiving any study drug or experimental device other than lacosamide

          -  Meets withdrawal criteria for parent study SP925 [NCT00655551]

          -  Experiencing ongoing serious adverse event
      </textblock>
    </criteria>
    <gender>Both</gender>
    <minimum_age>16 Years</minimum_age>
    <maximum_age>60 Years</maximum_age>
    <healthy_volunteers>No</healthy_volunteers>
  </eligibility>
  <overall_official>
    <last_name>UCB Clinical Trial Call Center</last_name>
    <role>Study Director</role>
    <affiliation>+1 877 822 9493 (UCB)</affiliation>
  </overall_official>
  <location>
    <facility>
      <address>
        <city>Phoenix</city>
        <state>Arizona</state>
        <country>United States</country>
      </address>
    </facility>
  </location>
  <location>
    <facility>
      <address>
        <city>Baltimore</city>
        <state>Maryland</state>
        <country>United States</country>
      </address>
    </facility>
  </location>
  <location>
    <facility>
      <address>
        <city>Chesterfield</city>
        <state>Missouri</state>
        <country>United States</country>
      </address>
    </facility>
  </location>
  <location>
    <facility>
      <address>
        <city>Columbus</city>
        <state>Ohio</state>
        <country>United States</country>
      </address>
    </facility>
  </location>
  <location>
    <facility>
      <address>
        <city>Philadelphia</city>
        <state>Pennsylvania</state>
        <country>United States</country>
      </address>
    </facility>
  </location>
  <location>
    <facility>
      <address>
        <city>Dallas</city>
        <state>Texas</state>
        <country>United States</country>
      </address>
    </facility>
  </location>
  <location>
    <facility>
      <address>
        <city>Charlottesville</city>
        <state>Virginia</state>
        <country>United States</country>
      </address>
    </facility>
  </location>
  <location_countries>
    <country>United States</country>
  </location_countries>
  <link>
    <url>http://www.vimpat.com/pdf/PI.pdf</url>
    <description>Product Information</description>
  </link>
  <link>
    <url>http://www.fda.gov/Safety/MedWatch/SafetyInformation/default.htm</url>
    <description>FDA Safety Alerts and Recalls</description>
  </link>
  <verification_date>March 2015</verification_date>
  <lastchanged_date>March 10, 2015</lastchanged_date>
  <firstreceived_date>March 26, 2008</firstreceived_date>
  <firstreceived_results_date>June 15, 2011</firstreceived_results_date>
  <responsible_party>
    <responsible_party_type>Sponsor</responsible_party_type>
  </responsible_party>
  <keyword>Epilepsy</keyword>
  <keyword>seizures</keyword>
  <keyword>antiepileptic</keyword>
  <keyword>Lacosamide</keyword>
  <keyword>Vimpat</keyword>
  <keyword>safety</keyword>
  <keyword>adjunctive</keyword>
  <is_fda_regulated>Yes</is_fda_regulated>
  <is_section_801>Yes</is_section_801>
  <has_expanded_access>No</has_expanded_access>
  <condition_browse>
    <!-- CAUTION:  The following MeSH terms are assigned with an imperfect algorithm  -->
    <mesh_term>Epilepsies, Partial</mesh_term>
    <mesh_term>Seizures</mesh_term>
  </condition_browse>
  <intervention_browse>
    <!-- CAUTION:  The following MeSH terms are assigned with an imperfect algorithm  -->
    <mesh_term>Lacosamide</mesh_term>
  </intervention_browse>

  <clinical_results>

    <participant_flow>
      <recruitment_details>The study started in April 2008 with enrollment occuring in the United States only. The study completed June 2010</recruitment_details>
      <group_list>
        <group group_id="P1">
          <title>Lacosamide</title>
          <description>Lacosamide 100 to 800 mg/day, flexible dosing, administered twice daily throughout the duration of the study (up to 2 years)</description>
        </group>
      </group_list>
      <period_list>
        <period>
          <title>Overall Study</title>
          <milestone_list>
            <milestone>
              <title>STARTED</title>
              <participants_list>
                <participants group_id="P1" count="97"/>
              </participants_list>
            </milestone>
            <milestone>
              <title>COMPLETED</title>
              <participants_list>
                <participants group_id="P1" count="69"/>
              </participants_list>
            </milestone>
            <milestone>
              <title>NOT COMPLETED</title>
              <participants_list>
                <participants group_id="P1" count="28"/>
              </participants_list>
            </milestone>
          </milestone_list>
          <drop_withdraw_reason_list>
            <drop_withdraw_reason>
              <title>Adverse Event</title>
              <participants_list>
                <participants group_id="P1" count="10"/>
              </participants_list>
            </drop_withdraw_reason>
            <drop_withdraw_reason>
              <title>Lack of Efficacy</title>
              <participants_list>
                <participants group_id="P1" count="8"/>
              </participants_list>
            </drop_withdraw_reason>
            <drop_withdraw_reason>
              <title>Withdrawal by Subject</title>
              <participants_list>
                <participants group_id="P1" count="4"/>
              </participants_list>
            </drop_withdraw_reason>
            <drop_withdraw_reason>
              <title>Protocol Violation</title>
              <participants_list>
                <participants group_id="P1" count="1"/>
              </participants_list>
            </drop_withdraw_reason>
            <drop_withdraw_reason>
              <title>Unsatisfactory compliance</title>
              <participants_list>
                <participants group_id="P1" count="2"/>
              </participants_list>
            </drop_withdraw_reason>
            <drop_withdraw_reason>
              <title>Other: Pregnancy</title>
              <participants_list>
                <participants group_id="P1" count="1"/>
              </participants_list>
            </drop_withdraw_reason>
            <drop_withdraw_reason>
              <title>Other: Could not tolerate BID dosing</title>
              <participants_list>
                <participants group_id="P1" count="1"/>
              </participants_list>
            </drop_withdraw_reason>
            <drop_withdraw_reason>
              <title>Other: Abnormal electrocardiogram (ECG)</title>
              <participants_list>
                <participants group_id="P1" count="1"/>
              </participants_list>
            </drop_withdraw_reason>
          </drop_withdraw_reason_list>
        </period>
      </period_list>
    </participant_flow>

    <baseline>
      <group_list>
        <group group_id="B1">
          <title>Lacosamide</title>
          <description>Lacosamide 100 to 800 mg/day, flexible dosing, administered twice daily throughout the duration of the study (up to 2 years)</description>
        </group>
      </group_list>
      <measure_list>
        <measure>
          <title>Number of Participants</title>
          <units>participants</units>
          <param>Number</param>
          <category_list>
            <category>
              <measurement_list>
                <measurement group_id="B1" value="97"/>
              </measurement_list>
            </category>
          </category_list>
        </measure>
        <measure>
          <title>Age</title>
          <units>participants</units>
          <param>Number</param>
          <category_list>
            <category>
              <sub_title>&lt;=18 years</sub_title>
              <measurement_list>
                <measurement group_id="B1" value="2"/>
              </measurement_list>
            </category>
            <category>
              <sub_title>Between 18 and 65 years</sub_title>
              <measurement_list>
                <measurement group_id="B1" value="95"/>
              </measurement_list>
            </category>
            <category>
              <sub_title>&gt;=65 years</sub_title>
              <measurement_list>
                <measurement group_id="B1" value="0"/>
              </measurement_list>
            </category>
          </category_list>
        </measure>
        <measure>
          <title>Age</title>
          <units>years</units>
          <param>Mean</param>
          <dispersion>Standard Deviation</dispersion>
          <category_list>
            <category>
              <measurement_list>
                <measurement group_id="B1" value="38.8" spread="11.71"/>
              </measurement_list>
            </category>
          </category_list>
        </measure>
        <measure>
          <title>Gender</title>
          <units>participants</units>
          <param>Number</param>
          <category_list>
            <category>
              <sub_title>Female</sub_title>
              <measurement_list>
                <measurement group_id="B1" value="47"/>
              </measurement_list>
            </category>
            <category>
              <sub_title>Male</sub_title>
              <measurement_list>
                <measurement group_id="B1" value="50"/>
              </measurement_list>
            </category>
          </category_list>
        </measure>
        <measure>
          <title>Region of Enrollment</title>
          <units>participants</units>
          <param>Number</param>
          <category_list>
            <category>
              <sub_title>United States</sub_title>
              <measurement_list>
                <measurement group_id="B1" value="97"/>
              </measurement_list>
            </category>
          </category_list>
        </measure>
      </measure_list>
    </baseline>

    <outcome_list>
      <outcome>
        <type>Primary</type>
        <title>Number of Subjects With at Least One Adverse Event During This Open-label Extension Study (Maximum Study Duration 2 Years)</title>
        <description>An Adverse Event (AE) is any untoward medical occurrence (eg, noxious or pathological changes) in a subject or clinical investigation subject compared with pre-existing conditions, that occurs during any period of a clinical trial including Pre-treatment, Run-In, Wash-Out, or Follow-Up Periods. An AE is defined as being independent of assumption of any causality (eg, to study or concomitant medication, primary or concomitant disease, or study design).</description>
        <time_frame>2 years</time_frame>
        <safety_issue>No</safety_issue>
        <population>All 97 subjects enrolled are in the Safety Set (SS) and are included in this analysis</population>
        <group_list>
          <group group_id="O1">
            <title>Lacosamide</title>
            <description>Lacosamide 100 to 800 mg/day, flexible dosing, administered twice daily throughout the duration of the study (up to 2 years)</description>
          </group>
        </group_list>
        <measure_list>
          <measure>
            <title>Number of Participants</title>
            <units>participants</units>
            <param>Number</param>
            <category_list>
              <category>
                <measurement_list>
                  <measurement group_id="O1" value="97"/>
                </measurement_list>
              </category>
            </category_list>
          </measure>
          <measure>
            <title>Number of Subjects With at Least One Adverse Event During This Open-label Extension Study (Maximum Study Duration 2 Years)</title>
            <description>An Adverse Event (AE) is any untoward medical occurrence (eg, noxious or pathological changes) in a subject or clinical investigation subject compared with pre-existing conditions, that occurs during any period of a clinical trial including Pre-treatment, Run-In, Wash-Out, or Follow-Up Periods. An AE is defined as being independent of assumption of any causality (eg, to study or concomitant medication, primary or concomitant disease, or study design).</description>
            <units>subjects</units>
            <param>Number</param>
            <category_list>
              <category>
                <measurement_list>
                  <measurement group_id="O1" value="93"/>
                </measurement_list>
              </category>
            </category_list>
          </measure>
        </measure_list>
      </outcome>
      <outcome>
        <type>Primary</type>
        <title>Number of Subjects Who Withdrew From the Study Due to an Adverse Event (Maximum Study Duration 2 Years)</title>
        <description>An Adverse Event (AE) is any untoward medical occurrence (eg, noxious or pathological changes) in a subject or clinical investigation subject compared with pre-existing conditions, that occurs during any period of a clinical trial including Pre-treatment, Run-In, Wash-Out, or Follow-Up Periods. An AE is defined as being independent of assumption of any causality (eg, to study or concomitant medication, primary or concomitant disease, or study design).</description>
        <time_frame>2 years</time_frame>
        <safety_issue>No</safety_issue>
        <population>All 97 subjects enrolled are in the Safety Set (SS) and are included in this analysis</population>
        <group_list>
          <group group_id="O1">
            <title>Lacosamide</title>
            <description>Lacosamide 100 to 800 mg/day, flexible dosing, administered twice daily throughout the duration of the study (up to 2 years)</description>
          </group>
        </group_list>
        <measure_list>
          <measure>
            <title>Number of Participants</title>
            <units>participants</units>
            <param>Number</param>
            <category_list>
              <category>
                <measurement_list>
                  <measurement group_id="O1" value="97"/>
                </measurement_list>
              </category>
            </category_list>
          </measure>
          <measure>
            <title>Number of Subjects Who Withdrew From the Study Due to an Adverse Event (Maximum Study Duration 2 Years)</title>
            <description>An Adverse Event (AE) is any untoward medical occurrence (eg, noxious or pathological changes) in a subject or clinical investigation subject compared with pre-existing conditions, that occurs during any period of a clinical trial including Pre-treatment, Run-In, Wash-Out, or Follow-Up Periods. An AE is defined as being independent of assumption of any causality (eg, to study or concomitant medication, primary or concomitant disease, or study design).</description>
            <units>subjects</units>
            <param>Number</param>
            <category_list>
              <category>
                <measurement_list>
                  <measurement group_id="O1" value="10"/>
                </measurement_list>
              </category>
            </category_list>
          </measure>
        </measure_list>
      </outcome>
    </outcome_list>

    <reported_events>
      <time_frame>2 years</time_frame>
      <group_list>
        <group group_id="E1">
          <title>Lacosamide</title>
          <description>Lacosamide 100 to 800 mg/day, flexible dosing, administered twice daily throughout the duration of the study (up to 2 years)</description>
        </group>
      </group_list>
      <serious_events>
        <default_vocab>MedDRA (9.1)</default_vocab>
        <default_assessment>Non-systematic Assessment</default_assessment>
        <category_list>
          <category>
            <title>Total</title>
            <event_list>
              <event>
                <sub_title>Total, serious adverse events</sub_title>
                <counts group_id="E1" subjects_affected="10" subjects_at_risk="97"/>
              </event>
            </event_list>
          </category>
          <category>
            <title>Cardiac disorders</title>
            <event_list>
              <event>
                <sub_title>Arrhythmia supraventricular</sub_title>
                <counts group_id="E1" events="1" subjects_affected="1" subjects_at_risk="97"/>
              </event>
              <event>
                <sub_title>Atrial fibrillation</sub_title>
                <counts group_id="E1" events="1" subjects_affected="1" subjects_at_risk="97"/>
              </event>
            </event_list>
          </category>
          <category>
            <title>General disorders</title>
            <event_list>
              <event>
                <sub_title>Chest pain</sub_title>
                <counts group_id="E1" events="1" subjects_affected="1" subjects_at_risk="97"/>
              </event>
              <event>
                <sub_title>Drug interaction</sub_title>
                <counts group_id="E1" events="1" subjects_affected="1" subjects_at_risk="97"/>
              </event>
            </event_list>
          </category>
          <category>
            <title>Infections and infestations</title>
            <event_list>
              <event>
                <sub_title>Giardiasis</sub_title>
                <counts group_id="E1" events="1" subjects_affected="1" subjects_at_risk="97"/>
              </event>
              <event>
                <sub_title>Pneumonia</sub_title>
                <counts group_id="E1" events="1" subjects_affected="1" subjects_at_risk="97"/>
              </event>
              <event>
                <sub_title>Sepsis</sub_title>
                <counts group_id="E1" events="1" subjects_affected="1" subjects_at_risk="97"/>
              </event>
            </event_list>
          </category>
          <category>
            <title>Injury, poisoning and procedural complications</title>
            <event_list>
              <event>
                <sub_title>Post procedural bile leak</sub_title>
                <counts group_id="E1" events="1" subjects_affected="1" subjects_at_risk="97"/>
              </event>
            </event_list>
          </category>
          <category>
            <title>Nervous system disorders</title>
            <event_list>
              <event>
                <sub_title>Convulsion</sub_title>
                <counts group_id="E1" events="2" subjects_affected="2" subjects_at_risk="97"/>
              </event>
              <event>
                <sub_title>Lethargy</sub_title>
                <counts group_id="E1" events="1" subjects_affected="1" subjects_at_risk="97"/>
              </event>
            </event_list>
          </category>
          <category>
            <title>Psychiatric disorders</title>
            <event_list>
              <event>
                <sub_title>Hallucination</sub_title>
                <counts group_id="E1" events="1" subjects_affected="1" subjects_at_risk="97"/>
              </event>
              <event>
                <sub_title>Homicidal ideation</sub_title>
                <counts group_id="E1" events="1" subjects_affected="1" subjects_at_risk="97"/>
              </event>
              <event>
                <sub_title>Paranoia</sub_title>
                <counts group_id="E1" events="1" subjects_affected="1" subjects_at_risk="97"/>
              </event>
              <event>
                <sub_title>Depression suicidal</sub_title>
                <counts group_id="E1" events="1" subjects_affected="1" subjects_at_risk="97"/>
              </event>
            </event_list>
          </category>
        </category_list>
      </serious_events>
      <other_events>
        <frequency_threshold>5</frequency_threshold>
        <default_vocab>MedDRA (9.1)</default_vocab>
        <default_assessment>Non-systematic Assessment</default_assessment>
        <category_list>
          <category>
            <title>Total</title>
            <event_list>
              <event>
                <sub_title>Total, other adverse events</sub_title>
                <counts group_id="E1" subjects_affected="88" subjects_at_risk="97"/>
              </event>
            </event_list>
          </category>
          <category>
            <title>Ear and labyrinth disorders</title>
            <event_list>
              <event>
                <sub_title>Tinnitus</sub_title>
                <counts group_id="E1" events="5" subjects_affected="5" subjects_at_risk="97"/>
              </event>
            </event_list>
          </category>
          <category>
            <title>Eye disorders</title>
            <event_list>
              <event>
                <sub_title>Diplopia</sub_title>
                <counts group_id="E1" events="18" subjects_affected="17" subjects_at_risk="97"/>
              </event>
              <event>
                <sub_title>Vision blurred</sub_title>
                <counts group_id="E1" events="10" subjects_affected="10" subjects_at_risk="97"/>
              </event>
            </event_list>
          </category>
          <category>
            <title>Gastrointestinal disorders</title>
            <event_list>
              <event>
                <sub_title>Vomiting</sub_title>
                <counts group_id="E1" events="18" subjects_affected="16" subjects_at_risk="97"/>
              </event>
              <event>
                <sub_title>Nausea</sub_title>
                <counts group_id="E1" events="14" subjects_affected="13" subjects_at_risk="97"/>
              </event>
              <event>
                <sub_title>Diarrhoea</sub_title>
                <counts group_id="E1" events="13" subjects_affected="12" subjects_at_risk="97"/>
              </event>
              <event>
                <sub_title>Constipation</sub_title>
                <counts group_id="E1" events="6" subjects_affected="5" subjects_at_risk="97"/>
              </event>
            </event_list>
          </category>
          <category>
            <title>General disorders</title>
            <event_list>
              <event>
                <sub_title>Fatigue</sub_title>
                <counts group_id="E1" events="12" subjects_affected="12" subjects_at_risk="97"/>
              </event>
              <event>
                <sub_title>Chest pain</sub_title>
                <counts group_id="E1" events="9" subjects_affected="8" subjects_at_risk="97"/>
              </event>
              <event>
                <sub_title>Irritability</sub_title>
                <counts group_id="E1" events="6" subjects_affected="5" subjects_at_risk="97"/>
              </event>
            </event_list>
          </category>
          <category>
            <title>Infections and infestations</title>
            <event_list>
              <event>
                <sub_title>Upper respiratory tract infection</sub_title>
                <counts group_id="E1" events="17" subjects_affected="14" subjects_at_risk="97"/>
              </event>
              <event>
                <sub_title>Sinusitis</sub_title>
                <counts group_id="E1" events="11" subjects_affected="8" subjects_at_risk="97"/>
              </event>
              <event>
                <sub_title>Urinary tract infection</sub_title>
                <counts group_id="E1" events="8" subjects_affected="7" subjects_at_risk="97"/>
              </event>
              <event>
                <sub_title>Nasopharyngitis</sub_title>
                <counts group_id="E1" events="7" subjects_affected="6" subjects_at_risk="97"/>
              </event>
            </event_list>
          </category>
          <category>
            <title>Injury, poisoning and procedural complications</title>
            <event_list>
              <event>
                <sub_title>Contusion</sub_title>
                <counts group_id="E1" events="5" subjects_affected="5" subjects_at_risk="97"/>
              </event>
            </event_list>
          </category>
          <category>
            <title>Investigations</title>
            <event_list>
              <event>
                <sub_title>Weight increased</sub_title>
                <counts group_id="E1" events="6" subjects_affected="6" subjects_at_risk="97"/>
              </event>
            </event_list>
          </category>
          <category>
            <title>Nervous system disorders</title>
            <event_list>
              <event>
                <sub_title>Dizziness</sub_title>
                <counts group_id="E1" events="50" subjects_affected="43" subjects_at_risk="97"/>
              </event>
              <event>
                <sub_title>Somnolence</sub_title>
                <counts group_id="E1" events="13" subjects_affected="12" subjects_at_risk="97"/>
              </event>
              <event>
                <sub_title>Coordination abnormal</sub_title>
                <counts group_id="E1" events="13" subjects_affected="11" subjects_at_risk="97"/>
              </event>
              <event>
                <sub_title>Headache</sub_title>
                <counts group_id="E1" events="11" subjects_affected="11" subjects_at_risk="97"/>
              </event>
              <event>
                <sub_title>Balance disorder</sub_title>
                <counts group_id="E1" events="13" subjects_affected="11" subjects_at_risk="97"/>
              </event>
              <event>
                <sub_title>Tremor</sub_title>
                <counts group_id="E1" events="10" subjects_affected="8" subjects_at_risk="97"/>
              </event>
              <event>
                <sub_title>Memory impairment</sub_title>
                <counts group_id="E1" events="5" subjects_affected="5" subjects_at_risk="97"/>
              </event>
              <event>
                <sub_title>Hypoaesthesia</sub_title>
                <counts group_id="E1" events="7" subjects_affected="5" subjects_at_risk="97"/>
              </event>
            </event_list>
          </category>
          <category>
            <title>Psychiatric disorders</title>
            <event_list>
              <event>
                <sub_title>Insomnia</sub_title>
                <counts group_id="E1" events="9" subjects_affected="9" subjects_at_risk="97"/>
              </event>
              <event>
                <sub_title>Confusional state</sub_title>
                <counts group_id="E1" events="8" subjects_affected="8" subjects_at_risk="97"/>
              </event>
              <event>
                <sub_title>Depression</sub_title>
                <counts group_id="E1" events="7" subjects_affected="7" subjects_at_risk="97"/>
              </event>
            </event_list>
          </category>
          <category>
            <title>Skin and subcutaneous tissue disorders</title>
            <event_list>
              <event>
                <sub_title>Rash</sub_title>
                <counts group_id="E1" events="5" subjects_affected="5" subjects_at_risk="97"/>
              </event>
            </event_list>
          </category>
        </category_list>
      </other_events>
    </reported_events>

    <certain_agreements>
      <pi_employee>Principal Investigators are NOT employed by the organization sponsoring the study.</pi_employee>
      <restrictive_agreement>UCB has &gt; 60 days but &lt;= 180 days to review results communications prior to public release and may delete information that is confidential and compromises ongoing studies or is considered proprietary. This restriction is not intended to compromise the objective scientific integrity of the manuscript, it being understood that results shall be published regardless of outcome.</restrictive_agreement>
    </certain_agreements>
    <point_of_contact>
      <name_or_title>UCB Clinical Trial Call Center</name_or_title>
      <organization>UCB, Inc</organization>
      <phone>+1 877 822 9493</phone>
    </point_of_contact>
  </clinical_results>
</clinical_study>
