<?xml version="1.0" encoding="UTF-8"?>
<clinical_study rank="398">
  <!-- This xml conforms to an XML Schema at:
    https://clinicaltrials.gov/ct2/html/images/info/public.xsd
 and an XML DTD at:
    https://clinicaltrials.gov/ct2/html/images/info/public.dtd -->
  <required_header>
    <download_date>ClinicalTrials.gov processed this data on November 27, 2015</download_date>
    <link_text>Link to the current ClinicalTrials.gov record.</link_text>
    <url>https://clinicaltrials.gov/show/NCT01532726</url>
  </required_header>
  <id_info>
    <org_study_id>BIA-2093-403</org_study_id>
    <nct_id>NCT01532726</nct_id>
  </id_info>
  <brief_title>Eslicarbazepine Acetate as Add-On Treatment to One Baseline Antiepileptic Drug (ESLADOBA)</brief_title>
  <official_title>A Non-Interventional, Prospective Study to Assess Seizure Control and Tolerability of Eslicarbazepine Acetate as Adjunctive Therapy to One Baseline Antiepileptic Drug, in Adults With Partial-Onset Seizures With or Without Secondary Generalization</official_title>
  <sponsors>
    <lead_sponsor>
      <agency>Bial - Portela C S.A.</agency>
      <agency_class>Industry</agency_class>
    </lead_sponsor>
  </sponsors>
  <source>Bial - Portela C S.A.</source>
  <oversight_info>
    <authority>Portugal: National Pharmacy and Medicines Institute</authority>
    <has_dmc>No</has_dmc>
  </oversight_info>
  <brief_summary>
    <textblock>
      This is a multicenter, non-interventional, prospective study. The observation period
      comprises at least 6 months, from the initiation of ESL add-on therapy in adult patients
      with partial-onset epilepsy not sufficiently controlled with one AED, until the first visit
      that occurs between 6 and 9 months of follow-up. The observation period will end after 9
      months of follow-up even if the final assessment is not performed.
    </textblock>
  </brief_summary>
  <detailed_description>
    <textblock>
      To ensure non-interventional status, the neurologist's decision that it is in the patient's
      best interest to be prescribed with adjunctive ESL has to be made before and independently
      of his/her decision to include the patient in the study. At all circumstances during the
      study the patients will be treated and followed according to routine clinical practice. ESL
      and concomitant medication should be managed by the neurologist according to the respective
      Summary of Product Characteristics (SPC).In order to reflect real-life practice and to
      ensure the observational nature of this study, no fixed time-points for study assessment
      were defined. Intermediate follow-up data will be collected whenever a patient attends to
      the study's neurologist consultation.
    </textblock>
  </detailed_description>
  <overall_status>Active, not recruiting</overall_status>
  <start_date>February 2012</start_date>
  <completion_date type="Anticipated">December 2015</completion_date>
  <primary_completion_date type="Anticipated">December 2015</primary_completion_date>
  <phase>N/A</phase>
  <study_type>Observational</study_type>
  <study_design>Observational Model: Case Control, Time Perspective: Prospective</study_design>
  <primary_outcome>
    <measure>ESL retention rate</measure>
    <time_frame>9 months</time_frame>
    <safety_issue>Yes</safety_issue>
    <description>Proportion of patients on ESL treatment at the final assessment</description>
  </primary_outcome>
  <secondary_outcome>
    <measure>CGI-C score at the final assessment.</measure>
    <time_frame>9 monthss</time_frame>
    <safety_issue>Yes</safety_issue>
    <description>Assessment of effectivenes</description>
  </secondary_outcome>
  <secondary_outcome>
    <measure>Changes in CGI-S score from baseline to final assessment</measure>
    <time_frame>9 months</time_frame>
    <safety_issue>Yes</safety_issue>
    <description>Assessment of effectivenes</description>
  </secondary_outcome>
  <secondary_outcome>
    <measure>CGI-Efficacy Index scores at the final assessment</measure>
    <time_frame>9 months</time_frame>
    <safety_issue>Yes</safety_issue>
    <description>Assessment of effectivenes</description>
  </secondary_outcome>
  <secondary_outcome>
    <measure>Proportion of patients who are responders to ESL (at least 50% reduction in seizure frequency) at the final assessment</measure>
    <time_frame>9 months</time_frame>
    <safety_issue>Yes</safety_issue>
    <description>Assessment of effectivenes</description>
  </secondary_outcome>
  <secondary_outcome>
    <measure>Proportion of seizure-free patients within the 12 weeks prior to final assessment</measure>
    <time_frame>9 months</time_frame>
    <safety_issue>Yes</safety_issue>
    <description>Assessment of effectivenes</description>
  </secondary_outcome>
  <secondary_outcome>
    <measure>Proportion of seizure-free patients within the 4 weeks prior to final assessment</measure>
    <time_frame>9 months</time_frame>
    <safety_issue>Yes</safety_issue>
    <description>Assessment of effectivenes</description>
  </secondary_outcome>
  <secondary_outcome>
    <measure>Changes in seizure frequency for partial seizures with or without secondary generalization, from baseline to final assessment</measure>
    <time_frame>9 months</time_frame>
    <safety_issue>Yes</safety_issue>
    <description>Assessment of effectivenes</description>
  </secondary_outcome>
  <secondary_outcome>
    <measure>Changes in seizure frequency for partial seizures without secondary generalization, from baseline to final assessment</measure>
    <time_frame>9 months</time_frame>
    <safety_issue>Yes</safety_issue>
    <description>Assessment of effectivenes</description>
  </secondary_outcome>
  <secondary_outcome>
    <measure>Changes in seizure frequency for partial seizures with secondary generalization, from baseline to final assessment</measure>
    <time_frame>9 months</time_frame>
    <safety_issue>Yes</safety_issue>
    <description>Assessment of effectivenes</description>
  </secondary_outcome>
  <secondary_outcome>
    <measure>Changes in QOLIE-10-P scores from baseline to final assessment</measure>
    <time_frame>9 months</time_frame>
    <safety_issue>Yes</safety_issue>
    <description>assessment of Quality of life</description>
  </secondary_outcome>
  <secondary_outcome>
    <measure>Occurrence of AEs during the study (overall and treatment-related)</measure>
    <time_frame>9 months</time_frame>
    <safety_issue>No</safety_issue>
    <description>assessment of Adverse Events</description>
  </secondary_outcome>
  <number_of_groups>1</number_of_groups>
  <enrollment type="Anticipated">300</enrollment>
  <condition>Epilepsy</condition>
  <arm_group>
    <arm_group_label>Eslicarbazepine Acetate (ESL)</arm_group_label>
    <description>ESL and concomitant medication should be managed by the neurologist according to the respective SPC.Summary of Product Characteristics</description>
  </arm_group>
  <intervention>
    <intervention_type>Drug</intervention_type>
    <intervention_name>ESL</intervention_name>
    <description>ESL 400/800/1200 mg tablets once daily</description>
    <arm_group_label>Eslicarbazepine Acetate (ESL)</arm_group_label>
    <other_name>Zebinix</other_name>
  </intervention>
  <eligibility>
    <study_pop>
      <textblock>
        Adults with Partial-Onset Seizures With or Without Secondary Generalization
      </textblock>
    </study_pop>
    <sampling_method>Non-Probability Sample</sampling_method>
    <criteria>
      <textblock>
        Inclusion Criteria:

          -  Male or female outpatient, 18 years or older;

          -  The patient has an established diagnosis of epilepsy and has experienced at least one
             partial-onset seizure, with or without secondary generalization, within four weeks
             prior to initiation of adjunctive ESL;

          -  The patient is not sufficiently controlled on a current antiepileptic monotherapy
             and, in the neurologist clinical judgment, it is in the patient's best interest to be
             prescribed with adjunctive ESL;

          -  The neurologist's decision to prescribe ESL has been made before and independently of
             his/her decision to include the patient in this study;

          -  The patient's treatment is in accordance with the SPC of ESL;

          -  Written informed consent from the patient (or legally acceptable representative, if
             the subject is unable to provide informed consent).

        Exclusion Criteria:

          -  Known hypersensitivity to the active substance, carboxamide derivatives (e.g.
             oxcarbazepine or carbamazepine) or to any of its excipients;

          -  Patient with 2nd or 3rd degree atrioventricular block;

          -  Patient treated with an experimental drug within four weeks prior to the introduction
             of ESL;

          -  Female patient who is pregnant, lactating, or who is planning to become pregnant
             during the study period;

          -  Patient starting ESL outside the approved SPC at enrolment.
      </textblock>
    </criteria>
    <gender>Both</gender>
    <minimum_age>18 Years</minimum_age>
    <maximum_age>N/A</maximum_age>
    <healthy_volunteers>No</healthy_volunteers>
  </eligibility>
  <overall_official>
    <last_name>João Chaves, MD</last_name>
    <role>Principal Investigator</role>
    <affiliation>Centro Hospitalar do Porto</affiliation>
  </overall_official>
  <location>
    <facility>
      <name>Hospital Fernando da Fonseca</name>
      <address>
        <city>Lisboa</city>
        <zip>2720-276</zip>
        <country>Portugal</country>
      </address>
    </facility>
  </location>
  <location_countries>
    <country>Portugal</country>
  </location_countries>
  <verification_date>July 2015</verification_date>
  <lastchanged_date>July 22, 2015</lastchanged_date>
  <firstreceived_date>February 10, 2012</firstreceived_date>
  <responsible_party>
    <responsible_party_type>Sponsor</responsible_party_type>
  </responsible_party>
  <keyword>Partial-Onset Seizures</keyword>
  <keyword>Eslicarbazepine Acetate</keyword>
  <keyword>ESL</keyword>
  <keyword>BIA 2-093</keyword>
  <keyword>BIAL</keyword>
  <is_fda_regulated>No</is_fda_regulated>
  <has_expanded_access>No</has_expanded_access>
  <intervention_browse>
    <!-- CAUTION:  The following MeSH terms are assigned with an imperfect algorithm  -->
    <mesh_term>Anticonvulsants</mesh_term>
    <mesh_term>Eslicarbazepine acetate</mesh_term>
  </intervention_browse>
  <!-- Results have not yet been posted for this study                                -->
</clinical_study>
