<?xml version="1.0" encoding="UTF-8"?>
<clinical_study rank="283">
  <!-- This xml conforms to an XML Schema at:
    https://clinicaltrials.gov/ct2/html/images/info/public.xsd
 and an XML DTD at:
    https://clinicaltrials.gov/ct2/html/images/info/public.dtd -->
  <required_header>
    <download_date>ClinicalTrials.gov processed this data on December 01, 2015</download_date>
    <link_text>Link to the current ClinicalTrials.gov record.</link_text>
    <url>https://clinicaltrials.gov/show/NCT02241798</url>
  </required_header>
  <id_info>
    <org_study_id>S13-00435</org_study_id>
    <nct_id>NCT02241798</nct_id>
  </id_info>
  <brief_title>Pre-oxygenation and Measures of Gas Exchanges During Seizures in the Epilepsy Monitoring Unit</brief_title>
  <official_title>Effects of Pre-oxygenation on Indicators of Gas Exchange and Autonomic Function During Seizures in the Epilepsy Unit</official_title>
  <sponsors>
    <lead_sponsor>
      <agency>New York University School of Medicine</agency>
      <agency_class>Other</agency_class>
    </lead_sponsor>
  </sponsors>
  <source>New York University School of Medicine</source>
  <oversight_info>
    <authority>United States: Institutional Review Board</authority>
    <has_dmc>No</has_dmc>
  </oversight_info>
  <brief_summary>
    <textblock>
      The primary goal of the study is to assess the effect of pre-oxygenation on oxygen and
      carbon dioxide levels during seizures in patients admitted at the Epilepsy Monitoring Unit
      (EMU). The investigators hypothesize that providing oxygen prior to seizures will help
      eliminate the drops in changes seen during seizures, such as the drop in oxygen saturation
      and increase in carbon dioxide levels.

      Research will be done on patients that are admitted to the EMU specifically to have seizures
      occur and to be recorded on video electroencephalography (vEEG), and the only research
      intervention will be the use of oxygen prior to some of the seizures.

      The importance of this research relates to the phenomenon of sudden unexplained death in
      epilepsy patients (SUDEP). SUDEP cases are typically patients with epilepsy who are found
      dead by their families in the morning, without a clear cause for death. The risk of SUDEP is
      as high as 9.3 per 1000 person-years (Shorvon and Tomson 2011). There may be multiple
      mechanisms for SUDEP to occur, however a leading hypothesis is a decrease in ventilation
      during the seizure leading to hypoxia. Blood oxygen saturation levels have been found to
      decrease significantly in 25-50% of patients during or shortly after a seizure while being
      monitored in hospitals. In rare situations, a significantly lowered oxygen level may trigger
      a cascade of events from which the body may not be able to recover, leading to SUDEP. In
      animal models, providing oxygen prior to seizures occurring has been shown to eliminate
      oxygen desaturation, but more importantly eliminate mortality in animals prone to death due
      to seizures.

      Pre-oxygenation is a standard procedure during rapid-sequence induction anesthesia as it
      reduces the risk of oxygen desaturation during the apneic period of the procedure. On room
      air, the estimated duration of safe apnea is 1 minute, but this can increase to 8 minutes
      following pre-treatment with high FiO2 (Weingart and Levitan 2012). This is primarily due to
      oxygen replacing nitrogen within alveoli, creating a reservoir of oxygen within the lungs
      from which transfer to the bloodstream can continue despite the lack of ventilation. The
      apneic episode during seizures should benefit from the same principle.

      The main purpose of the Epilepsy Monitoring Unit (EMU) is to evaluate patients to better
      characterize seizures, to identify the main seizure focus. In addition to standard EEG with
      electrodes on the scalp, some patients require invasive localization of the epileptic focus
      by surgically placing electrodes within the skull (often referred to as GRID patients) on or
      within the brain, with the goal of being able to resect the area that is causing seizures.
      To identify where seizure originate electrically, it requires that seizures occur during the
      vEEG procedure. To provoke seizures, medications are typically lowered, and both partial
      seizures and those with secondary generalization to full tonic-clonic (GTC) seizures will
      occur. Prior research has shows that oxygen desaturation below 90% occurs with some complex
      partial seizures, but hypoxia is more common and more profound with GTCs. Some centers use
      oxygen saturation and CO2 monitors as their standard of care, and at NYULMC the
      investigators also have the capability for both for clinical usage.

      Oxygen is not currently a mandated standard-of-care, but is often provided by nasal prongs
      following seizures as part of the post-ictal nursing care, though there is no outcome data
      to support its use. It is unknown whether pre-treatment with oxygen will reduce the rate of
      oxygen desaturations clinically, as seen in animal models, and this is the goal of this
      research project.
    </textblock>
  </brief_summary>
  <overall_status>Suspended</overall_status>
  <why_stopped>
    in process of data analysis prior to renewal
  </why_stopped>
  <start_date>August 2013</start_date>
  <completion_date type="Anticipated">December 2015</completion_date>
  <primary_completion_date type="Actual">August 2014</primary_completion_date>
  <phase>Phase 4</phase>
  <study_type>Interventional</study_type>
  <study_design>Allocation: Randomized, Endpoint Classification: Efficacy Study, Intervention Model: Crossover Assignment, Masking: Open Label, Primary Purpose: Treatment</study_design>
  <primary_outcome>
    <measure>Oxygen desaturation below 92% following GTCs</measure>
    <time_frame>during and up to 6 minutes following the seizure</time_frame>
    <safety_issue>No</safety_issue>
  </primary_outcome>
  <secondary_outcome>
    <measure>Oxygen Desaturations below 80% following GTCs</measure>
    <time_frame>during and up to 6 minutes following seizures</time_frame>
    <safety_issue>No</safety_issue>
  </secondary_outcome>
  <number_of_arms>2</number_of_arms>
  <enrollment type="Actual">5</enrollment>
  <condition>Epilepsy</condition>
  <arm_group>
    <arm_group_label>Pre-oxygenation first</arm_group_label>
    <arm_group_type>Experimental</arm_group_type>
    <description>st, 3rd, 5th, etc seizure: continuous 'pre-oxygenation' up to 4L O2 nasal prongs, as tolerated
nd, 4th, 6th, etc seizure: Standard practice (O2 only in post-ictal period).</description>
  </arm_group>
  <arm_group>
    <arm_group_label>Standard practice first</arm_group_label>
    <arm_group_type>Experimental</arm_group_type>
    <description>st, 3rd, 5th, etc seizure: Standard practice (O2 only in post-ictal period).
nd, 4th, 6th, etc seizure: continuous 'pre-oxygenation' up to 4L O2 nasal prongs, as tolerated</description>
  </arm_group>
  <intervention>
    <intervention_type>Other</intervention_type>
    <intervention_name>oxygen</intervention_name>
    <description>O2 by nasal prongs</description>
    <arm_group_label>Pre-oxygenation first</arm_group_label>
    <arm_group_label>Standard practice first</arm_group_label>
  </intervention>
  <eligibility>
    <criteria>
      <textblock>
        Inclusion Criteria:

          -  patients aged 18-70 yo admitted for monitoring and capturing seizures at the EMU with
             scalp electrodes and for seizure localization with implantation of intracranial
             electrodes.

        Exclusion Criteria:

          -  patients who are considered healthy enough to provoke seizure activity will have few
             medical illnesses severe enough to be of concern with respect to continuous oxygen
             delivery. However, patients will be screened for moderate to severe chronic
             obstructive pulmonary disease and excluded, as their minute ventilation may decrease
             and CO2 levels increased with continuous oxygen supplementation.
      </textblock>
    </criteria>
    <gender>Both</gender>
    <minimum_age>18 Years</minimum_age>
    <maximum_age>70 Years</maximum_age>
    <healthy_volunteers>No</healthy_volunteers>
  </eligibility>
  <location>
    <facility>
      <name>NYU Langone Medical Center</name>
      <address>
        <city>New York</city>
        <state>New York</state>
        <zip>10016</zip>
        <country>United States</country>
      </address>
    </facility>
  </location>
  <location_countries>
    <country>United States</country>
  </location_countries>
  <verification_date>September 2014</verification_date>
  <lastchanged_date>September 15, 2014</lastchanged_date>
  <firstreceived_date>September 12, 2014</firstreceived_date>
  <responsible_party>
    <responsible_party_type>Principal Investigator</responsible_party_type>
    <investigator_affiliation>New York University School of Medicine</investigator_affiliation>
    <investigator_full_name>Derek J Chong</investigator_full_name>
    <investigator_title>Assistant Professor of Neurology</investigator_title>
  </responsible_party>
  <keyword>epilepsy</keyword>
  <keyword>oxygen saturation</keyword>
  <keyword>transcutaneous carbon dioxide</keyword>
  <keyword>sudep</keyword>
  <keyword>pre-oxygenation</keyword>
  <is_fda_regulated>No</is_fda_regulated>
  <has_expanded_access>No</has_expanded_access>
  <condition_browse>
    <!-- CAUTION:  The following MeSH terms are assigned with an imperfect algorithm  -->
    <mesh_term>Epilepsy</mesh_term>
  </condition_browse>
  <!-- Results have not yet been posted for this study                                -->
</clinical_study>
