<?xml version="1.0" encoding="UTF-8"?>
<clinical_study rank="344">
  <!-- This xml conforms to an XML Schema at:
    https://clinicaltrials.gov/ct2/html/images/info/public.xsd
 and an XML DTD at:
    https://clinicaltrials.gov/ct2/html/images/info/public.dtd -->
  <required_header>
    <download_date>ClinicalTrials.gov processed this data on December 01, 2015</download_date>
    <link_text>Link to the current ClinicalTrials.gov record.</link_text>
    <url>https://clinicaltrials.gov/show/NCT01160770</url>
  </required_header>
  <id_info>
    <org_study_id>13109A</org_study_id>
    <secondary_id>OV1004</secondary_id>
    <nct_id>NCT01160770</nct_id>
  </id_info>
  <brief_title>Safety and Effectiveness of Open-Label Clobazam in Subjects With Lennox-Gastaut Syndrome</brief_title>
  <acronym>LGS</acronym>
  <official_title>Safety and Effectiveness of Open-Label Clobazam in Subjects With Lennox-Gastaut Syndrome</official_title>
  <sponsors>
    <lead_sponsor>
      <agency>Lundbeck LLC</agency>
      <agency_class>Industry</agency_class>
    </lead_sponsor>
  </sponsors>
  <source>Lundbeck LLC</source>
  <oversight_info>
    <authority>Australia: Department of Health and Ageing Therapeutic Goods Administration</authority>
    <authority>Belarus: Ministry of Health</authority>
    <authority>India: Drugs Controller General of India</authority>
    <authority>Lithuania: State Medicine Control Agency - Ministry of Health</authority>
    <authority>United States: Food and Drug Administration</authority>
    <has_dmc>No</has_dmc>
  </oversight_info>
  <brief_summary>
    <textblock>
      The objective of this study is to evaluate the long-term safety and effectiveness of
      open-label clobazam in the treatment of drop seizures in subjects with LGS.
    </textblock>
  </brief_summary>
  <detailed_description>
    <textblock>
      This multi-center, open-label study is designed to evaluate the long-term safety and
      effectiveness of clobazam as adjunctive therapy in subjects with LGS. Subjects enrolled in
      Lundbeck LLC (formerly Ovation Pharmaceuticals, Inc.) sponsored studies
      13108A/OV1002/NCT00162981 and 13110A/OV1012/NCT00518713 who either completed the study or
      who prematurely discontinued were offered the opportunity to rollover into this open-label
      study. Subjects will start at a common dose level of 0.5 mg/kg, not to exceed 40 mg/day, and
      must maintain the dose level for 48 hours. After 48 hours, investigators will be able to
      increase, decrease or maintain the subject's dose, up to a maximum target daily dose of 2.0
      mg/kg (maximum dose of 80 mg/day). During the treatment period, seizures will be recorded
      during the week preceding each study visit or 30 days immediately following each study visit
      (dependent on Amendment approval). The subject or subject's caregiver will record daily
      counts of seizures, including drop seizures in the subject's seizure diary.
    </textblock>
  </detailed_description>
  <overall_status>Completed</overall_status>
  <start_date>December 2005</start_date>
  <primary_completion_date type="Actual">February 2012</primary_completion_date>
  <phase>Phase 3</phase>
  <study_type>Interventional</study_type>
  <study_design>Endpoint Classification: Safety/Efficacy Study, Intervention Model: Single Group Assignment, Masking: Open Label, Primary Purpose: Treatment</study_design>
  <primary_outcome>
    <measure>Median Percent Reduction in Average Weekly Rate of Drop Seizures Based on the 7-day Assessment</measure>
    <time_frame>Baseline to month 36</time_frame>
    <safety_issue>No</safety_issue>
    <description>Number of drop seizures was obtained from seizure diaries</description>
  </primary_outcome>
  <primary_outcome>
    <measure>Median Percent Reduction in Average Weekly Rate of Drop Seizures Based on the Last 30-day Assessment</measure>
    <time_frame>Baseline to month 36</time_frame>
    <safety_issue>No</safety_issue>
    <description>Number of drop seizures was obtained from seizure diaries</description>
  </primary_outcome>
  <secondary_outcome>
    <measure>Percent of Patients Considered Treatment Responders Defined as Those With a ≥25%, ≥50%, ≥75%, 100% Reduction in Drop Seizures Based on the 7-day Assessment</measure>
    <time_frame>Baseline to month 36</time_frame>
    <safety_issue>No</safety_issue>
    <description>Number of drop seizures obtained from seizure diaries</description>
  </secondary_outcome>
  <secondary_outcome>
    <measure>Percent of Patients Considered Treatment Responders Defined as Those With a ≥25%, ≥50%, ≥75%, 100% Reduction in Drop Seizures Based on the Last 30-day Assessment</measure>
    <time_frame>Baseline to month 36</time_frame>
    <safety_issue>No</safety_issue>
    <description>Number of drop seizures obtained from seizure diaries</description>
  </secondary_outcome>
  <secondary_outcome>
    <measure>Investigator Global Evaluations of the Patient's Overall Change in Symptoms</measure>
    <time_frame>Baseline to month 36</time_frame>
    <safety_issue>No</safety_issue>
    <description>The physician was asked to rate the patient's overall change in symptoms since the beginning of clobazam treatment by checking &quot;very much improved&quot;, &quot;much improved&quot;, &quot;minimally improved&quot;, &quot;no change&quot;, &quot;minimally worse&quot;, &quot;much worse&quot;, or &quot;very much worse&quot;.</description>
  </secondary_outcome>
  <secondary_outcome>
    <measure>Parent/Caregiver Global Evaluations of the Patient's Overall Change in Symptoms</measure>
    <time_frame>Baseline to month 36</time_frame>
    <safety_issue>No</safety_issue>
    <description>The parent/caregiver was asked to rate the patient's overall change in symptoms since the beginning of clobazam treatment by checking &quot;very much improved&quot;, &quot;much improved&quot;, &quot;minimally improved&quot;, &quot;no change&quot;, &quot;minimally worse&quot;, &quot;much worse&quot;, or &quot;very much worse&quot;.</description>
  </secondary_outcome>
  <number_of_arms>1</number_of_arms>
  <enrollment type="Actual">267</enrollment>
  <condition>Lennox-Gastaut Syndrome</condition>
  <arm_group>
    <arm_group_label>Clobazam</arm_group_label>
    <arm_group_type>Experimental</arm_group_type>
  </arm_group>
  <intervention>
    <intervention_type>Drug</intervention_type>
    <intervention_name>Clobazam</intervention_name>
    <description>Clobazam will be provided in 5 mg, 10 mg and 20 mg tablets and will be dispensed in bottles as needed at each visit. Bottles may be dispensed between visits if necessary. Subjects will start at a common dose level of 0.5 mg/kg, not to exceed 40 mg/day, and must maintain the dose level for 48 hours. After the first 48 hours of the treatment period, investigators will be able to increase, decrease or maintain the subject's dose, up to an approximate maximum daily dose of 2.0 mg/kg (maximum dose of 80 mg/day).</description>
    <arm_group_label>Clobazam</arm_group_label>
    <other_name>Aedon, Antacastill, Castilium, Clarmyl, Frisium, Karidium, Mefrilan, Mystan, Noiafren, Onfi, Psiton, Psyton, Sentil, Seryl, Urbadan, Urbanil, Urbanol, Urbanyl.</other_name>
  </intervention>
  <eligibility>
    <criteria>
      <textblock>
        Inclusion Criteria:

          -  The subject or subject's legally authorized representative (LAR) must sign and date
             the institutional review board (IRB)/independent ethics committee (IEC) approved
             Informed Consent Form/Health Insurance Portability and Accountability Act (HIPAA)
             Authorization (if required) prior to study participation.

          -  Previous participation in Lundbeck-sponsored LGS study.

          -  Subject must weigh ≥12.5 kilograms.

          -  Male or female subjects must have been between 2 and 60 years of age at the time of
             the enrollment in the Phase 3 double-blind study (13110A/OV1012/NCT00518713) or
             between 2 and 30 years of age at the time of the enrollment in the Phase 2
             double-blind study (13108A/OV1002/NCT00162981) study.

          -  If female:

               -  Subject is either not of childbearing potential, defined as premenarchal,
                  postmenopausal for at least 1 year or surgically sterile (bilateral tubal
                  ligation, bilateral oophorectomy or hysterectomy), or if of childbearing
                  potential, must comply with a method of birth control acceptable to the
                  investigator during the study, for at least 4 weeks prior to study entry and for
                  4 weeks following completion of the study.

               -  Subject is not breastfeeding.

               -  Subjects of childbearing potential must have a negative serum pregnancy test at
                  Study Day 1.

          -  In the investigator's opinion, parent or caregiver must be able to keep an accurate
             seizure diary.

        Exclusion Criteria:

          -  Greater than 14 days have elapsed since the subject received his/her last dose of
             study medication in the previous Lundbeck-sponsored LGS study.

          -  Subject had a serious or severe adverse event in the previous Lundbeck-sponsored LGS
             study that in the opinion of the investigator was probably or definitely related to
             clobazam use and precludes safe use of clobazam.

          -  Subject has had an anoxic episode requiring resuscitation within 6 months of study
             entry.

          -  Subject has a history of an allergic reaction or significant sensitivity to
             benzodiazepines or to any of the other ingredients in clobazam tablets.

          -  Subject is taking more than 3 concurrent anti-epileptic drugs (AEDs). NOTE: Vagal
             Nerve Stimulator (VNS) or ketogenic diet is allowed and will not be counted in the
             three allowed AEDs.

          -  Subject is currently taking long-term systemic steroids (excluding inhaled medication
             for asthma treatment) or any other daily medication known to exacerbate epilepsy. An
             exception will be made of prophylactic medication, for example, for idiopathic
             nephrotic syndrome or asthma.

          -  If the subject is taking felbamate, has been taking it for less than 1 year prior to
             study entry or previous treatment with felbamate resulted in withdrawal due to liver
             or bone marrow adverse events.

          -  Subject has experienced an idiosyncratic reaction to an AED, e.g., carbamazepine with
             resulting aplastic anemia or agranulocytosis, topiramate with resulting metabolic
             acidosis, felbamate with resulting aplastic anemia or hepatic failure, or lamotrigine
             with resulting skin irritation and/or rash.

          -  Subject has shown any clinically significant history of hyper-sensitivity to central
             nervous system (CNS) active medications leading to neurobehavioral aberrations (e.g.,
             increased biting, scratching, kicking, or hitting).

          -  Subject has taken or used any investigational drug or device in the 30 days prior to
             screening, with the exception of clobazam in a Lundbeck-sponsored study.

          -  Subject has a clinically significant unstable hepatic, hematological, renal,
             cardiovascular, gastrointestinal, or pulmonary disease or ongoing malignancy.

          -  Subject has a diagnosis of sleep apnea.

          -  Subject has a compromised respiratory function or severe respiratory insufficiency.

          -  Subject has a history of severe muscle weakness, including myasthenia gravis.

          -  Subject has a clinically significant abnormal laboratory value or electrocardiogram
             (ECG) abnormality.

          -  Subject has progressive lesion confirmed by magnetic resonance imaging (MRI) or
             computed tomography (CT) scan.

          -  Subject has a history of drug or alcohol abuse.

          -  Subject has a history of poor compliance on past antiepileptic therapy.

          -  Subject has inadequate supervision by parent or guardian.

          -  For any reason, the subject is considered by the investigator to be an unsuitable
             candidate for the study.
      </textblock>
    </criteria>
    <gender>Both</gender>
    <minimum_age>2 Years</minimum_age>
    <maximum_age>60 Years</maximum_age>
    <healthy_volunteers>No</healthy_volunteers>
  </eligibility>
  <overall_official>
    <last_name>Email contact via H. Lundbeck A/S</last_name>
    <role>Study Director</role>
    <affiliation>LundbeckClinicalTrials@lundbeck.com</affiliation>
  </overall_official>
  <results_reference>
    <citation>Ng YT, Conry J, Paolicchi J, Kernitsky L, Mitchell W, Drummond R, Isojarvi J, Lee D, Owen R; OV-1004 study investigators. Long-term safety and efficacy of clobazam for Lennox-Gastaut syndrome: interim results of an open-label extension study. Epilepsy Behav. 2012 Dec;25(4):687-94. doi: 10.1016/j.yebeh.2012.09.039. Epub 2012 Nov 7.</citation>
    <PMID>23141144</PMID>
  </results_reference>
  <results_reference>
    <citation>Ng YT, Conry J, Kernitsky L, Mitchell W, Veidemanis R, Drummond R, Muniz R, Isojarvi J, Lee D, Paolicchi J. Long-Term Safety and Efficacy of Clobazam for Lennox-Gastaut Syndrome: Final Results of an Open-Label Extension Study. Late-Breaking Abstract #1.363 presented at the 66th annual meeting of the American Epilepsy Society, Nov. 30-Dec. 4, 2012, San Diego, California.</citation>
  </results_reference>
  <verification_date>March 2013</verification_date>
  <lastchanged_date>March 22, 2013</lastchanged_date>
  <firstreceived_date>June 18, 2010</firstreceived_date>
  <firstreceived_results_date>February 15, 2013</firstreceived_results_date>
  <responsible_party>
    <responsible_party_type>Sponsor</responsible_party_type>
  </responsible_party>
  <keyword>Lennox-Gastaut Syndrome (LGS)</keyword>
  <keyword>Epilepsy</keyword>
  <keyword>Drop Seizures</keyword>
  <keyword>Clobazam</keyword>
  <is_fda_regulated>Yes</is_fda_regulated>
  <is_section_801>Yes</is_section_801>
  <has_expanded_access>No</has_expanded_access>
  <condition_browse>
    <!-- CAUTION:  The following MeSH terms are assigned with an imperfect algorithm  -->
    <mesh_term>Syndrome</mesh_term>
  </condition_browse>
  <intervention_browse>
    <!-- CAUTION:  The following MeSH terms are assigned with an imperfect algorithm  -->
    <mesh_term>Clobazam</mesh_term>
  </intervention_browse>

  <clinical_results>

    <participant_flow>
      <recruitment_details>Subjects enrolled in the LGS studies 13108A/OV1002/NCT00162981 or 13110A/OV1012/NCT00518713 sponsored by Lundbeck LLC who either completed the study or who prematurely discontinued will have the opportunity to rollover into this open-label study.</recruitment_details>
      <group_list>
        <group group_id="P1">
          <title>Clobazam</title>
          <description>Start dose was 0.5 mg/kg with a maximum of 40 mg/day to be adjusted; administered as tablets twice daily</description>
        </group>
      </group_list>
      <period_list>
        <period>
          <title>Overall Study</title>
          <milestone_list>
            <milestone>
              <title>STARTED</title>
              <participants_list>
                <participants group_id="P1" count="267"/>
              </participants_list>
            </milestone>
            <milestone>
              <title>COMPLETED</title>
              <participants_list>
                <participants group_id="P1" count="188"/>
              </participants_list>
            </milestone>
            <milestone>
              <title>NOT COMPLETED</title>
              <participants_list>
                <participants group_id="P1" count="79"/>
              </participants_list>
            </milestone>
          </milestone_list>
          <drop_withdraw_reason_list>
            <drop_withdraw_reason>
              <title>Adverse Event</title>
              <participants_list>
                <participants group_id="P1" count="10"/>
              </participants_list>
            </drop_withdraw_reason>
            <drop_withdraw_reason>
              <title>Protocol Violation</title>
              <participants_list>
                <participants group_id="P1" count="2"/>
              </participants_list>
            </drop_withdraw_reason>
            <drop_withdraw_reason>
              <title>Subject/parent/caregiver request</title>
              <participants_list>
                <participants group_id="P1" count="33"/>
              </participants_list>
            </drop_withdraw_reason>
            <drop_withdraw_reason>
              <title>Physician Decision</title>
              <participants_list>
                <participants group_id="P1" count="1"/>
              </participants_list>
            </drop_withdraw_reason>
            <drop_withdraw_reason>
              <title>Lost to Follow-up</title>
              <participants_list>
                <participants group_id="P1" count="7"/>
              </participants_list>
            </drop_withdraw_reason>
            <drop_withdraw_reason>
              <title>Study termination or sponsor request</title>
              <participants_list>
                <participants group_id="P1" count="1"/>
              </participants_list>
            </drop_withdraw_reason>
            <drop_withdraw_reason>
              <title>Death</title>
              <participants_list>
                <participants group_id="P1" count="9"/>
              </participants_list>
            </drop_withdraw_reason>
            <drop_withdraw_reason>
              <title>Lack of Efficacy</title>
              <participants_list>
                <participants group_id="P1" count="15"/>
              </participants_list>
            </drop_withdraw_reason>
            <drop_withdraw_reason>
              <title>Other Reasons</title>
              <participants_list>
                <participants group_id="P1" count="1"/>
              </participants_list>
            </drop_withdraw_reason>
          </drop_withdraw_reason_list>
        </period>
      </period_list>
    </participant_flow>

    <baseline>
      <group_list>
        <group group_id="B1">
          <title>Clobazam</title>
          <description>Start dose was 0.5 mg/kg with a maximum of 40 mg/day to be adjusted; administered as tablets twice daily</description>
        </group>
      </group_list>
      <measure_list>
        <measure>
          <title>Number of Participants</title>
          <units>participants</units>
          <param>Number</param>
          <category_list>
            <category>
              <measurement_list>
                <measurement group_id="B1" value="267"/>
              </measurement_list>
            </category>
          </category_list>
        </measure>
        <measure>
          <title>Age</title>
          <units>years</units>
          <param>Mean</param>
          <dispersion>Standard Deviation</dispersion>
          <category_list>
            <category>
              <measurement_list>
                <measurement group_id="B1" value="11.3" spread="7.80"/>
              </measurement_list>
            </category>
          </category_list>
        </measure>
        <measure>
          <title>Gender</title>
          <units>participants</units>
          <param>Number</param>
          <category_list>
            <category>
              <sub_title>Female</sub_title>
              <measurement_list>
                <measurement group_id="B1" value="104"/>
              </measurement_list>
            </category>
            <category>
              <sub_title>Male</sub_title>
              <measurement_list>
                <measurement group_id="B1" value="163"/>
              </measurement_list>
            </category>
          </category_list>
        </measure>
      </measure_list>
    </baseline>

    <outcome_list>
      <outcome>
        <type>Primary</type>
        <title>Median Percent Reduction in Average Weekly Rate of Drop Seizures Based on the 7-day Assessment</title>
        <description>Number of drop seizures was obtained from seizure diaries</description>
        <time_frame>Baseline to month 36</time_frame>
        <safety_issue>No</safety_issue>
        <group_list>
          <group group_id="O1">
            <title>Clobazam</title>
            <description>Start dose was 0.5 mg/kg with a maximum of 40 mg/day to be adjusted; administered as tablets twice daily</description>
          </group>
        </group_list>
        <measure_list>
          <measure>
            <title>Number of Participants</title>
            <units>participants</units>
            <param>Number</param>
            <category_list>
              <category>
                <measurement_list>
                  <measurement group_id="O1" value="113"/>
                </measurement_list>
              </category>
            </category_list>
          </measure>
          <measure>
            <title>Median Percent Reduction in Average Weekly Rate of Drop Seizures Based on the 7-day Assessment</title>
            <description>Number of drop seizures was obtained from seizure diaries</description>
            <units>percentage of drop seizures</units>
            <param>Median</param>
            <dispersion>Full Range</dispersion>
            <category_list>
              <category>
                <measurement_list>
                  <measurement group_id="O1" value="92.3" lower_limit="-588" upper_limit="100"/>
                </measurement_list>
              </category>
            </category_list>
          </measure>
        </measure_list>
      </outcome>
      <outcome>
        <type>Primary</type>
        <title>Median Percent Reduction in Average Weekly Rate of Drop Seizures Based on the Last 30-day Assessment</title>
        <description>Number of drop seizures was obtained from seizure diaries</description>
        <time_frame>Baseline to month 36</time_frame>
        <safety_issue>No</safety_issue>
        <group_list>
          <group group_id="O1">
            <title>Clobazam</title>
            <description>Start dose was 0.5 mg/kg with a maximum of 40 mg/day to be adjusted; administered as tablets twice daily</description>
          </group>
        </group_list>
        <measure_list>
          <measure>
            <title>Number of Participants</title>
            <units>participants</units>
            <param>Number</param>
            <category_list>
              <category>
                <measurement_list>
                  <measurement group_id="O1" value="121"/>
                </measurement_list>
              </category>
            </category_list>
          </measure>
          <measure>
            <title>Median Percent Reduction in Average Weekly Rate of Drop Seizures Based on the Last 30-day Assessment</title>
            <description>Number of drop seizures was obtained from seizure diaries</description>
            <units>percentage of drop seizures</units>
            <param>Median</param>
            <dispersion>Full Range</dispersion>
            <category_list>
              <category>
                <measurement_list>
                  <measurement group_id="O1" value="92.7" lower_limit="-752" upper_limit="100"/>
                </measurement_list>
              </category>
            </category_list>
          </measure>
        </measure_list>
      </outcome>
      <outcome>
        <type>Secondary</type>
        <title>Percent of Patients Considered Treatment Responders Defined as Those With a ≥25%, ≥50%, ≥75%, 100% Reduction in Drop Seizures Based on the 7-day Assessment</title>
        <description>Number of drop seizures obtained from seizure diaries</description>
        <time_frame>Baseline to month 36</time_frame>
        <safety_issue>No</safety_issue>
        <group_list>
          <group group_id="O1">
            <title>Clobazam</title>
            <description>Start dose was 0.5 mg/kg with a maximum of 40 mg/day to be adjusted; administered as tablets twice daily</description>
          </group>
        </group_list>
        <measure_list>
          <measure>
            <title>Number of Participants</title>
            <units>participants</units>
            <param>Number</param>
            <category_list>
              <category>
                <measurement_list>
                  <measurement group_id="O1" value="113"/>
                </measurement_list>
              </category>
            </category_list>
          </measure>
          <measure>
            <title>Percent of Patients Considered Treatment Responders Defined as Those With a ≥25%, ≥50%, ≥75%, 100% Reduction in Drop Seizures Based on the 7-day Assessment</title>
            <description>Number of drop seizures obtained from seizure diaries</description>
            <units>percentage of participants</units>
            <param>Number</param>
            <category_list>
              <category>
                <sub_title>Any reduction</sub_title>
                <measurement_list>
                  <measurement group_id="O1" value="85.8"/>
                </measurement_list>
              </category>
              <category>
                <sub_title>≥25% reduction</sub_title>
                <measurement_list>
                  <measurement group_id="O1" value="82.3"/>
                </measurement_list>
              </category>
              <category>
                <sub_title>≥50% reduction</sub_title>
                <measurement_list>
                  <measurement group_id="O1" value="77.9"/>
                </measurement_list>
              </category>
              <category>
                <sub_title>≥75% reduction</sub_title>
                <measurement_list>
                  <measurement group_id="O1" value="64.6"/>
                </measurement_list>
              </category>
              <category>
                <sub_title>100% reduction</sub_title>
                <measurement_list>
                  <measurement group_id="O1" value="38.1"/>
                </measurement_list>
              </category>
            </category_list>
          </measure>
        </measure_list>
      </outcome>
      <outcome>
        <type>Secondary</type>
        <title>Percent of Patients Considered Treatment Responders Defined as Those With a ≥25%, ≥50%, ≥75%, 100% Reduction in Drop Seizures Based on the Last 30-day Assessment</title>
        <description>Number of drop seizures obtained from seizure diaries</description>
        <time_frame>Baseline to month 36</time_frame>
        <safety_issue>No</safety_issue>
        <group_list>
          <group group_id="O1">
            <title>Clobazam</title>
            <description>Start dose was 0.5 mg/kg with a maximum of 40 mg/day to be adjusted; administered as tablets twice daily</description>
          </group>
        </group_list>
        <measure_list>
          <measure>
            <title>Number of Participants</title>
            <units>participants</units>
            <param>Number</param>
            <category_list>
              <category>
                <measurement_list>
                  <measurement group_id="O1" value="121"/>
                </measurement_list>
              </category>
            </category_list>
          </measure>
          <measure>
            <title>Percent of Patients Considered Treatment Responders Defined as Those With a ≥25%, ≥50%, ≥75%, 100% Reduction in Drop Seizures Based on the Last 30-day Assessment</title>
            <description>Number of drop seizures obtained from seizure diaries</description>
            <units>percentage of participants</units>
            <param>Number</param>
            <category_list>
              <category>
                <sub_title>Any reduction</sub_title>
                <measurement_list>
                  <measurement group_id="O1" value="86.0"/>
                </measurement_list>
              </category>
              <category>
                <sub_title>≥25% reduction</sub_title>
                <measurement_list>
                  <measurement group_id="O1" value="83.5"/>
                </measurement_list>
              </category>
              <category>
                <sub_title>≥50% reduction</sub_title>
                <measurement_list>
                  <measurement group_id="O1" value="79.3"/>
                </measurement_list>
              </category>
              <category>
                <sub_title>≥75% reduction</sub_title>
                <measurement_list>
                  <measurement group_id="O1" value="64.5"/>
                </measurement_list>
              </category>
              <category>
                <sub_title>100% reduction</sub_title>
                <measurement_list>
                  <measurement group_id="O1" value="31.4"/>
                </measurement_list>
              </category>
            </category_list>
          </measure>
        </measure_list>
      </outcome>
      <outcome>
        <type>Secondary</type>
        <title>Investigator Global Evaluations of the Patient's Overall Change in Symptoms</title>
        <description>The physician was asked to rate the patient's overall change in symptoms since the beginning of clobazam treatment by checking &quot;very much improved&quot;, &quot;much improved&quot;, &quot;minimally improved&quot;, &quot;no change&quot;, &quot;minimally worse&quot;, &quot;much worse&quot;, or &quot;very much worse&quot;.</description>
        <time_frame>Baseline to month 36</time_frame>
        <safety_issue>No</safety_issue>
        <group_list>
          <group group_id="O1">
            <title>Clobazam</title>
            <description>Start dose was 0.5 mg/kg with a maximum of 40 mg/day to be adjusted; administered as tablets twice daily</description>
          </group>
        </group_list>
        <measure_list>
          <measure>
            <title>Number of Participants</title>
            <units>participants</units>
            <param>Number</param>
            <category_list>
              <category>
                <measurement_list>
                  <measurement group_id="O1" value="137"/>
                </measurement_list>
              </category>
            </category_list>
          </measure>
          <measure>
            <title>Investigator Global Evaluations of the Patient's Overall Change in Symptoms</title>
            <description>The physician was asked to rate the patient's overall change in symptoms since the beginning of clobazam treatment by checking &quot;very much improved&quot;, &quot;much improved&quot;, &quot;minimally improved&quot;, &quot;no change&quot;, &quot;minimally worse&quot;, &quot;much worse&quot;, or &quot;very much worse&quot;.</description>
            <units>percentage of participants</units>
            <param>Number</param>
            <category_list>
              <category>
                <sub_title>VERY MUCH IMPROVED</sub_title>
                <measurement_list>
                  <measurement group_id="O1" value="35.0"/>
                </measurement_list>
              </category>
              <category>
                <sub_title>MUCH IMPROVED</sub_title>
                <measurement_list>
                  <measurement group_id="O1" value="45.3"/>
                </measurement_list>
              </category>
              <category>
                <sub_title>MINIMALLY IMPROVED</sub_title>
                <measurement_list>
                  <measurement group_id="O1" value="14.6"/>
                </measurement_list>
              </category>
              <category>
                <sub_title>NO CHANGE</sub_title>
                <measurement_list>
                  <measurement group_id="O1" value="2.2"/>
                </measurement_list>
              </category>
              <category>
                <sub_title>MINIMALLY WORSE</sub_title>
                <measurement_list>
                  <measurement group_id="O1" value="0.7"/>
                </measurement_list>
              </category>
              <category>
                <sub_title>MUCH WORSE</sub_title>
                <measurement_list>
                  <measurement group_id="O1" value="1.5"/>
                </measurement_list>
              </category>
              <category>
                <sub_title>VERY MUCH WORSE</sub_title>
                <measurement_list>
                  <measurement group_id="O1" value="0.7"/>
                </measurement_list>
              </category>
            </category_list>
          </measure>
        </measure_list>
      </outcome>
      <outcome>
        <type>Secondary</type>
        <title>Parent/Caregiver Global Evaluations of the Patient's Overall Change in Symptoms</title>
        <description>The parent/caregiver was asked to rate the patient's overall change in symptoms since the beginning of clobazam treatment by checking &quot;very much improved&quot;, &quot;much improved&quot;, &quot;minimally improved&quot;, &quot;no change&quot;, &quot;minimally worse&quot;, &quot;much worse&quot;, or &quot;very much worse&quot;.</description>
        <time_frame>Baseline to month 36</time_frame>
        <safety_issue>No</safety_issue>
        <group_list>
          <group group_id="O1">
            <title>Clobazam</title>
            <description>Start dose was 0.5 mg/kg with a maximum of 40 mg/day to be adjusted; administered as tablets twice daily</description>
          </group>
        </group_list>
        <measure_list>
          <measure>
            <title>Number of Participants</title>
            <units>participants</units>
            <param>Number</param>
            <category_list>
              <category>
                <measurement_list>
                  <measurement group_id="O1" value="137"/>
                </measurement_list>
              </category>
            </category_list>
          </measure>
          <measure>
            <title>Parent/Caregiver Global Evaluations of the Patient's Overall Change in Symptoms</title>
            <description>The parent/caregiver was asked to rate the patient's overall change in symptoms since the beginning of clobazam treatment by checking &quot;very much improved&quot;, &quot;much improved&quot;, &quot;minimally improved&quot;, &quot;no change&quot;, &quot;minimally worse&quot;, &quot;much worse&quot;, or &quot;very much worse&quot;.</description>
            <units>percentage of participants</units>
            <param>Number</param>
            <category_list>
              <category>
                <sub_title>VERY MUCH IMPROVED</sub_title>
                <measurement_list>
                  <measurement group_id="O1" value="45.3"/>
                </measurement_list>
              </category>
              <category>
                <sub_title>MUCH IMPROVED</sub_title>
                <measurement_list>
                  <measurement group_id="O1" value="35.0"/>
                </measurement_list>
              </category>
              <category>
                <sub_title>MINIMALLY IMPROVED</sub_title>
                <measurement_list>
                  <measurement group_id="O1" value="11.7"/>
                </measurement_list>
              </category>
              <category>
                <sub_title>NO CHANGE</sub_title>
                <measurement_list>
                  <measurement group_id="O1" value="3.6"/>
                </measurement_list>
              </category>
              <category>
                <sub_title>MINIMALLY WORSE</sub_title>
                <measurement_list>
                  <measurement group_id="O1" value="1.5"/>
                </measurement_list>
              </category>
              <category>
                <sub_title>MUCH WORSE</sub_title>
                <measurement_list>
                  <measurement group_id="O1" value="2.9"/>
                </measurement_list>
              </category>
              <category>
                <sub_title>VERY MUCH WORSE</sub_title>
                <measurement_list>
                  <measurement group_id="O1" value="0.0"/>
                </measurement_list>
              </category>
            </category_list>
          </measure>
        </measure_list>
      </outcome>
    </outcome_list>

    <reported_events>
      <time_frame>The protocol was written to go up to 60 months treatment however a percentage of patients went beyond 60 months until study completion when commercial product was made available.</time_frame>
      <group_list>
        <group group_id="E1">
          <title>Clobazam</title>
          <description>Start dose was 0.5 mg/kg with a maximum of 40 mg/day to be adjusted; administered as tablets twice daily</description>
        </group>
      </group_list>
      <serious_events>
        <default_vocab>MedDRA (12.0)</default_vocab>
        <default_assessment>Systematic Assessment</default_assessment>
        <category_list>
          <category>
            <title>Total</title>
            <event_list>
              <event>
                <sub_title>Total, serious adverse events</sub_title>
                <counts group_id="E1" subjects_affected="115" subjects_at_risk="267"/>
              </event>
            </event_list>
          </category>
          <category>
            <title>Blood and lymphatic system disorders</title>
            <event_list>
              <event>
                <sub_title>Anaemia</sub_title>
                <counts group_id="E1" subjects_affected="4" subjects_at_risk="267"/>
              </event>
              <event>
                <sub_title>Anaemia Macrocytic</sub_title>
                <counts group_id="E1" subjects_affected="1" subjects_at_risk="267"/>
              </event>
              <event>
                <sub_title>Thrombocytopenia</sub_title>
                <counts group_id="E1" subjects_affected="2" subjects_at_risk="267"/>
              </event>
            </event_list>
          </category>
          <category>
            <title>Cardiac disorders</title>
            <event_list>
              <event>
                <sub_title>Cardio-Respiratory Arrest</sub_title>
                <counts group_id="E1" subjects_affected="1" subjects_at_risk="267"/>
              </event>
              <event>
                <sub_title>Tachycardia</sub_title>
                <counts group_id="E1" subjects_affected="1" subjects_at_risk="267"/>
              </event>
            </event_list>
          </category>
          <category>
            <title>Congenital, familial and genetic disorders</title>
            <event_list>
              <event>
                <sub_title>Hip Dysplasia</sub_title>
                <counts group_id="E1" subjects_affected="1" subjects_at_risk="267"/>
              </event>
              <event>
                <sub_title>Talipes</sub_title>
                <counts group_id="E1" subjects_affected="2" subjects_at_risk="267"/>
              </event>
            </event_list>
          </category>
          <category>
            <title>Endocrine disorders</title>
            <event_list>
              <event>
                <sub_title>Hypothalamo-Pituitary Disorder</sub_title>
                <counts group_id="E1" subjects_affected="1" subjects_at_risk="267"/>
              </event>
            </event_list>
          </category>
          <category>
            <title>Eye disorders</title>
            <event_list>
              <event>
                <sub_title>Eye Disorder</sub_title>
                <counts group_id="E1" subjects_affected="1" subjects_at_risk="267"/>
              </event>
            </event_list>
          </category>
          <category>
            <title>Gastrointestinal disorders</title>
            <event_list>
              <event>
                <sub_title>Barrett's Oesophagus</sub_title>
                <counts group_id="E1" subjects_affected="1" subjects_at_risk="267"/>
              </event>
              <event>
                <sub_title>Constipation</sub_title>
                <counts group_id="E1" subjects_affected="2" subjects_at_risk="267"/>
              </event>
              <event>
                <sub_title>Diarrhoea</sub_title>
                <counts group_id="E1" subjects_affected="1" subjects_at_risk="267"/>
              </event>
              <event>
                <sub_title>Dysphagia</sub_title>
                <counts group_id="E1" subjects_affected="1" subjects_at_risk="267"/>
              </event>
              <event>
                <sub_title>Enterocolitis</sub_title>
                <counts group_id="E1" subjects_affected="1" subjects_at_risk="267"/>
              </event>
              <event>
                <sub_title>Gastritis</sub_title>
                <counts group_id="E1" subjects_affected="2" subjects_at_risk="267"/>
              </event>
              <event>
                <sub_title>Gastrointestinal Perforation</sub_title>
                <counts group_id="E1" subjects_affected="1" subjects_at_risk="267"/>
              </event>
              <event>
                <sub_title>Gastrooesophageal Reflux Disease</sub_title>
                <counts group_id="E1" subjects_affected="1" subjects_at_risk="267"/>
              </event>
              <event>
                <sub_title>Haematemesis</sub_title>
                <counts group_id="E1" subjects_affected="1" subjects_at_risk="267"/>
              </event>
              <event>
                <sub_title>Hiatus Hernia</sub_title>
                <counts group_id="E1" subjects_affected="1" subjects_at_risk="267"/>
              </event>
              <event>
                <sub_title>Ileus</sub_title>
                <counts group_id="E1" subjects_affected="1" subjects_at_risk="267"/>
              </event>
              <event>
                <sub_title>Impaired Gastric Emptying</sub_title>
                <counts group_id="E1" subjects_affected="1" subjects_at_risk="267"/>
              </event>
              <event>
                <sub_title>Intestinal Obstruction</sub_title>
                <counts group_id="E1" subjects_affected="1" subjects_at_risk="267"/>
              </event>
              <event>
                <sub_title>Pancreatic Pseudocyst</sub_title>
                <counts group_id="E1" subjects_affected="1" subjects_at_risk="267"/>
              </event>
              <event>
                <sub_title>Pancreatitis</sub_title>
                <counts group_id="E1" subjects_affected="2" subjects_at_risk="267"/>
              </event>
              <event>
                <sub_title>Pneumoperitoneum</sub_title>
                <counts group_id="E1" subjects_affected="1" subjects_at_risk="267"/>
              </event>
              <event>
                <sub_title>Stomatitis</sub_title>
                <counts group_id="E1" subjects_affected="1" subjects_at_risk="267"/>
              </event>
              <event>
                <sub_title>Volvulus</sub_title>
                <counts group_id="E1" subjects_affected="1" subjects_at_risk="267"/>
              </event>
              <event>
                <sub_title>Vomiting</sub_title>
                <counts group_id="E1" subjects_affected="5" subjects_at_risk="267"/>
              </event>
            </event_list>
          </category>
          <category>
            <title>General disorders</title>
            <event_list>
              <event>
                <sub_title>Death</sub_title>
                <counts group_id="E1" subjects_affected="2" subjects_at_risk="267"/>
              </event>
              <event>
                <sub_title>Drug Interaction</sub_title>
                <counts group_id="E1" subjects_affected="1" subjects_at_risk="267"/>
              </event>
              <event>
                <sub_title>Oedema Peripheral</sub_title>
                <counts group_id="E1" subjects_affected="1" subjects_at_risk="267"/>
              </event>
              <event>
                <sub_title>Pitting Oedema</sub_title>
                <counts group_id="E1" subjects_affected="1" subjects_at_risk="267"/>
              </event>
              <event>
                <sub_title>Pneumatosis</sub_title>
                <counts group_id="E1" subjects_affected="1" subjects_at_risk="267"/>
              </event>
              <event>
                <sub_title>Pyrexia</sub_title>
                <counts group_id="E1" subjects_affected="5" subjects_at_risk="267"/>
              </event>
            </event_list>
          </category>
          <category>
            <title>Hepatobiliary disorders</title>
            <event_list>
              <event>
                <sub_title>Cholecystitis Chronic</sub_title>
                <counts group_id="E1" subjects_affected="1" subjects_at_risk="267"/>
              </event>
              <event>
                <sub_title>Cholelithiasis</sub_title>
                <counts group_id="E1" subjects_affected="2" subjects_at_risk="267"/>
              </event>
            </event_list>
          </category>
          <category>
            <title>Infections and infestations</title>
            <event_list>
              <event>
                <sub_title>Bronchopneumonia</sub_title>
                <counts group_id="E1" subjects_affected="2" subjects_at_risk="267"/>
              </event>
              <event>
                <sub_title>Cellulitis</sub_title>
                <counts group_id="E1" subjects_affected="4" subjects_at_risk="267"/>
              </event>
              <event>
                <sub_title>Chest Wall Abscess</sub_title>
                <counts group_id="E1" subjects_affected="1" subjects_at_risk="267"/>
              </event>
              <event>
                <sub_title>Clostridium Difficile Colitis</sub_title>
                <counts group_id="E1" subjects_affected="1" subjects_at_risk="267"/>
              </event>
              <event>
                <sub_title>Cystitis Klebsiella</sub_title>
                <counts group_id="E1" subjects_affected="1" subjects_at_risk="267"/>
              </event>
              <event>
                <sub_title>Dengue Fever</sub_title>
                <counts group_id="E1" subjects_affected="1" subjects_at_risk="267"/>
              </event>
              <event>
                <sub_title>Ear Infection</sub_title>
                <counts group_id="E1" subjects_affected="1" subjects_at_risk="267"/>
              </event>
              <event>
                <sub_title>Escherichia Urinary Tract Infection</sub_title>
                <counts group_id="E1" subjects_affected="1" subjects_at_risk="267"/>
              </event>
              <event>
                <sub_title>Febrile Infection</sub_title>
                <counts group_id="E1" subjects_affected="1" subjects_at_risk="267"/>
              </event>
              <event>
                <sub_title>Fungaemia</sub_title>
                <counts group_id="E1" subjects_affected="1" subjects_at_risk="267"/>
              </event>
              <event>
                <sub_title>Gastroenteritis</sub_title>
                <counts group_id="E1" subjects_affected="4" subjects_at_risk="267"/>
              </event>
              <event>
                <sub_title>Gastroenteritis Viral</sub_title>
                <counts group_id="E1" subjects_affected="3" subjects_at_risk="267"/>
              </event>
              <event>
                <sub_title>Implant Site Infection</sub_title>
                <counts group_id="E1" subjects_affected="2" subjects_at_risk="267"/>
              </event>
              <event>
                <sub_title>Incision Site Infection</sub_title>
                <counts group_id="E1" subjects_affected="1" subjects_at_risk="267"/>
              </event>
              <event>
                <sub_title>Influenza</sub_title>
                <counts group_id="E1" subjects_affected="4" subjects_at_risk="267"/>
              </event>
              <event>
                <sub_title>Lobar Pneumonia</sub_title>
                <counts group_id="E1" subjects_affected="5" subjects_at_risk="267"/>
              </event>
              <event>
                <sub_title>Lower Respiratory Tract Infection</sub_title>
                <counts group_id="E1" subjects_affected="1" subjects_at_risk="267"/>
              </event>
              <event>
                <sub_title>Lung Infection Pseudomonal</sub_title>
                <counts group_id="E1" subjects_affected="2" subjects_at_risk="267"/>
              </event>
              <event>
                <sub_title>Oesophageal Candidiasis</sub_title>
                <counts group_id="E1" subjects_affected="1" subjects_at_risk="267"/>
              </event>
              <event>
                <sub_title>Oral Candidiasis</sub_title>
                <counts group_id="E1" subjects_affected="2" subjects_at_risk="267"/>
              </event>
              <event>
                <sub_title>Otitis Media</sub_title>
                <counts group_id="E1" subjects_affected="2" subjects_at_risk="267"/>
              </event>
              <event>
                <sub_title>Periorbital Cellulitis</sub_title>
                <counts group_id="E1" subjects_affected="1" subjects_at_risk="267"/>
              </event>
              <event>
                <sub_title>Peritonsillar Abscess</sub_title>
                <counts group_id="E1" subjects_affected="1" subjects_at_risk="267"/>
              </event>
              <event>
                <sub_title>Pharyngotonsillitis</sub_title>
                <counts group_id="E1" subjects_affected="1" subjects_at_risk="267"/>
              </event>
              <event>
                <sub_title>Pneumonia</sub_title>
                <counts group_id="E1" subjects_affected="26" subjects_at_risk="267"/>
              </event>
              <event>
                <sub_title>Pneumonia Influenzal</sub_title>
                <counts group_id="E1" subjects_affected="1" subjects_at_risk="267"/>
              </event>
              <event>
                <sub_title>Pneumonia Mycoplasmal</sub_title>
                <counts group_id="E1" subjects_affected="1" subjects_at_risk="267"/>
              </event>
              <event>
                <sub_title>Pneumonia Viral</sub_title>
                <counts group_id="E1" subjects_affected="2" subjects_at_risk="267"/>
              </event>
              <event>
                <sub_title>Respiratory Syncytial Virus Bronchiolitis</sub_title>
                <counts group_id="E1" subjects_affected="1" subjects_at_risk="267"/>
              </event>
              <event>
                <sub_title>Respiratory Syncytial Virus Infection</sub_title>
                <counts group_id="E1" subjects_affected="3" subjects_at_risk="267"/>
              </event>
              <event>
                <sub_title>Sepsis</sub_title>
                <counts group_id="E1" subjects_affected="5" subjects_at_risk="267"/>
              </event>
              <event>
                <sub_title>Septic Shock</sub_title>
                <counts group_id="E1" subjects_affected="2" subjects_at_risk="267"/>
              </event>
              <event>
                <sub_title>Sinusitis</sub_title>
                <counts group_id="E1" subjects_affected="1" subjects_at_risk="267"/>
              </event>
              <event>
                <sub_title>Staphylococcal Infection</sub_title>
                <counts group_id="E1" subjects_affected="1" subjects_at_risk="267"/>
              </event>
              <event>
                <sub_title>Tooth Abscess</sub_title>
                <counts group_id="E1" subjects_affected="2" subjects_at_risk="267"/>
              </event>
              <event>
                <sub_title>Tracheitis</sub_title>
                <counts group_id="E1" subjects_affected="2" subjects_at_risk="267"/>
              </event>
              <event>
                <sub_title>Upper Respiratory Tract Infection</sub_title>
                <counts group_id="E1" subjects_affected="2" subjects_at_risk="267"/>
              </event>
              <event>
                <sub_title>Urinary Tract Infection</sub_title>
                <counts group_id="E1" subjects_affected="8" subjects_at_risk="267"/>
              </event>
              <event>
                <sub_title>Urinary Tract Infection Fungal</sub_title>
                <counts group_id="E1" subjects_affected="1" subjects_at_risk="267"/>
              </event>
              <event>
                <sub_title>Varicella</sub_title>
                <counts group_id="E1" subjects_affected="1" subjects_at_risk="267"/>
              </event>
              <event>
                <sub_title>Viral Infection</sub_title>
                <counts group_id="E1" subjects_affected="3" subjects_at_risk="267"/>
              </event>
              <event>
                <sub_title>Viral Tracheitis</sub_title>
                <counts group_id="E1" subjects_affected="2" subjects_at_risk="267"/>
              </event>
            </event_list>
          </category>
          <category>
            <title>Injury, poisoning and procedural complications</title>
            <event_list>
              <event>
                <sub_title>Bloody Airway Discharge</sub_title>
                <counts group_id="E1" subjects_affected="1" subjects_at_risk="267"/>
              </event>
              <event>
                <sub_title>Device Malfunction</sub_title>
                <counts group_id="E1" subjects_affected="1" subjects_at_risk="267"/>
              </event>
              <event>
                <sub_title>Fall</sub_title>
                <counts group_id="E1" subjects_affected="1" subjects_at_risk="267"/>
              </event>
              <event>
                <sub_title>Feeding Tube Complication</sub_title>
                <counts group_id="E1" subjects_affected="2" subjects_at_risk="267"/>
              </event>
              <event>
                <sub_title>Femur Fracture</sub_title>
                <counts group_id="E1" subjects_affected="3" subjects_at_risk="267"/>
              </event>
              <event>
                <sub_title>Foreign Body Trauma</sub_title>
                <counts group_id="E1" subjects_affected="1" subjects_at_risk="267"/>
              </event>
              <event>
                <sub_title>Jaw Fracture</sub_title>
                <counts group_id="E1" subjects_affected="1" subjects_at_risk="267"/>
              </event>
              <event>
                <sub_title>Laceration</sub_title>
                <counts group_id="E1" subjects_affected="2" subjects_at_risk="267"/>
              </event>
              <event>
                <sub_title>Lower Limb Fracture</sub_title>
                <counts group_id="E1" subjects_affected="1" subjects_at_risk="267"/>
              </event>
              <event>
                <sub_title>Shunt Malfunction</sub_title>
                <counts group_id="E1" subjects_affected="2" subjects_at_risk="267"/>
              </event>
              <event>
                <sub_title>Therapeutic Agent Toxicity</sub_title>
                <counts group_id="E1" subjects_affected="5" subjects_at_risk="267"/>
              </event>
              <event>
                <sub_title>Ventriculoperitoneal Shunt Malfunction</sub_title>
                <counts group_id="E1" subjects_affected="1" subjects_at_risk="267"/>
              </event>
            </event_list>
          </category>
          <category>
            <title>Investigations</title>
            <event_list>
              <event>
                <sub_title>Electroencephalogram</sub_title>
                <counts group_id="E1" subjects_affected="2" subjects_at_risk="267"/>
              </event>
              <event>
                <sub_title>Hepatic Enzyme Increased</sub_title>
                <counts group_id="E1" subjects_affected="1" subjects_at_risk="267"/>
              </event>
              <event>
                <sub_title>Oxygen Saturation Decreased</sub_title>
                <counts group_id="E1" subjects_affected="1" subjects_at_risk="267"/>
              </event>
            </event_list>
          </category>
          <category>
            <title>Metabolism and nutrition disorders</title>
            <event_list>
              <event>
                <sub_title>Dehydration</sub_title>
                <counts group_id="E1" subjects_affected="6" subjects_at_risk="267"/>
              </event>
              <event>
                <sub_title>Failure To Thrive</sub_title>
                <counts group_id="E1" subjects_affected="1" subjects_at_risk="267"/>
              </event>
              <event>
                <sub_title>Feeding Disorder</sub_title>
                <counts group_id="E1" subjects_affected="1" subjects_at_risk="267"/>
              </event>
              <event>
                <sub_title>Hyperammonaemia</sub_title>
                <counts group_id="E1" subjects_affected="1" subjects_at_risk="267"/>
              </event>
              <event>
                <sub_title>Hypoalbuminaemia</sub_title>
                <counts group_id="E1" subjects_affected="1" subjects_at_risk="267"/>
              </event>
              <event>
                <sub_title>Hypokalaemia</sub_title>
                <counts group_id="E1" subjects_affected="1" subjects_at_risk="267"/>
              </event>
              <event>
                <sub_title>Hyponatraemia</sub_title>
                <counts group_id="E1" subjects_affected="2" subjects_at_risk="267"/>
              </event>
              <event>
                <sub_title>Hypophagia</sub_title>
                <counts group_id="E1" subjects_affected="1" subjects_at_risk="267"/>
              </event>
            </event_list>
          </category>
          <category>
            <title>Musculoskeletal and connective tissue disorders</title>
            <event_list>
              <event>
                <sub_title>Foot Deformity</sub_title>
                <counts group_id="E1" subjects_affected="1" subjects_at_risk="267"/>
              </event>
              <event>
                <sub_title>Joint Contracture</sub_title>
                <counts group_id="E1" subjects_affected="1" subjects_at_risk="267"/>
              </event>
              <event>
                <sub_title>Mobility Decreased</sub_title>
                <counts group_id="E1" subjects_affected="1" subjects_at_risk="267"/>
              </event>
              <event>
                <sub_title>Muscle Contracture</sub_title>
                <counts group_id="E1" subjects_affected="2" subjects_at_risk="267"/>
              </event>
              <event>
                <sub_title>Muscle Twitching</sub_title>
                <counts group_id="E1" subjects_affected="1" subjects_at_risk="267"/>
              </event>
              <event>
                <sub_title>Scoliosis</sub_title>
                <counts group_id="E1" subjects_affected="5" subjects_at_risk="267"/>
              </event>
            </event_list>
          </category>
          <category>
            <title>Nervous system disorders</title>
            <event_list>
              <event>
                <sub_title>Atonic Seizures</sub_title>
                <counts group_id="E1" subjects_affected="1" subjects_at_risk="267"/>
              </event>
              <event>
                <sub_title>Brain Injury</sub_title>
                <counts group_id="E1" subjects_affected="1" subjects_at_risk="267"/>
              </event>
              <event>
                <sub_title>Complex Partial Seizures</sub_title>
                <counts group_id="E1" subjects_affected="1" subjects_at_risk="267"/>
              </event>
              <event>
                <sub_title>Convulsion</sub_title>
                <counts group_id="E1" subjects_affected="30" subjects_at_risk="267"/>
              </event>
              <event>
                <sub_title>Dystonia</sub_title>
                <counts group_id="E1" subjects_affected="1" subjects_at_risk="267"/>
              </event>
              <event>
                <sub_title>Encephalopathy</sub_title>
                <counts group_id="E1" subjects_affected="2" subjects_at_risk="267"/>
              </event>
              <event>
                <sub_title>Epilepsy</sub_title>
                <counts group_id="E1" subjects_affected="2" subjects_at_risk="267"/>
              </event>
              <event>
                <sub_title>Grand Mal Convulsion</sub_title>
                <counts group_id="E1" subjects_affected="4" subjects_at_risk="267"/>
              </event>
              <event>
                <sub_title>Guillain-Barre Syndrome</sub_title>
                <counts group_id="E1" subjects_affected="1" subjects_at_risk="267"/>
              </event>
              <event>
                <sub_title>Hypertonia</sub_title>
                <counts group_id="E1" subjects_affected="1" subjects_at_risk="267"/>
              </event>
              <event>
                <sub_title>Hypotonia</sub_title>
                <counts group_id="E1" subjects_affected="1" subjects_at_risk="267"/>
              </event>
              <event>
                <sub_title>Intracranial Hypotension</sub_title>
                <counts group_id="E1" subjects_affected="1" subjects_at_risk="267"/>
              </event>
              <event>
                <sub_title>Lennox-Gastaut Syndrome</sub_title>
                <counts group_id="E1" subjects_affected="5" subjects_at_risk="267"/>
              </event>
              <event>
                <sub_title>Lethargy</sub_title>
                <counts group_id="E1" subjects_affected="1" subjects_at_risk="267"/>
              </event>
              <event>
                <sub_title>Muscle Spasticity</sub_title>
                <counts group_id="E1" subjects_affected="1" subjects_at_risk="267"/>
              </event>
              <event>
                <sub_title>Myoclonic Epilepsy</sub_title>
                <counts group_id="E1" subjects_affected="1" subjects_at_risk="267"/>
              </event>
              <event>
                <sub_title>Petit Mal Epilepsy</sub_title>
                <counts group_id="E1" subjects_affected="3" subjects_at_risk="267"/>
              </event>
              <event>
                <sub_title>Somnolence</sub_title>
                <counts group_id="E1" subjects_affected="1" subjects_at_risk="267"/>
              </event>
              <event>
                <sub_title>Status Epilepticus</sub_title>
                <counts group_id="E1" subjects_affected="11" subjects_at_risk="267"/>
              </event>
              <event>
                <sub_title>Tremor</sub_title>
                <counts group_id="E1" subjects_affected="1" subjects_at_risk="267"/>
              </event>
            </event_list>
          </category>
          <category>
            <title>Psychiatric disorders</title>
            <event_list>
              <event>
                <sub_title>Abnormal Behaviour</sub_title>
                <counts group_id="E1" subjects_affected="1" subjects_at_risk="267"/>
              </event>
              <event>
                <sub_title>Aggression</sub_title>
                <counts group_id="E1" subjects_affected="1" subjects_at_risk="267"/>
              </event>
              <event>
                <sub_title>Mental Status Changes</sub_title>
                <counts group_id="E1" subjects_affected="1" subjects_at_risk="267"/>
              </event>
            </event_list>
          </category>
          <category>
            <title>Renal and urinary disorders</title>
            <event_list>
              <event>
                <sub_title>Hydronephrosis</sub_title>
                <counts group_id="E1" subjects_affected="1" subjects_at_risk="267"/>
              </event>
              <event>
                <sub_title>Nephrolithiasis</sub_title>
                <counts group_id="E1" subjects_affected="1" subjects_at_risk="267"/>
              </event>
              <event>
                <sub_title>Renal Tubular Necrosis</sub_title>
                <counts group_id="E1" subjects_affected="1" subjects_at_risk="267"/>
              </event>
              <event>
                <sub_title>Trigonitis</sub_title>
                <counts group_id="E1" subjects_affected="1" subjects_at_risk="267"/>
              </event>
              <event>
                <sub_title>Urinary Retention</sub_title>
                <counts group_id="E1" subjects_affected="1" subjects_at_risk="267"/>
              </event>
            </event_list>
          </category>
          <category>
            <title>Reproductive system and breast disorders</title>
            <event_list>
              <event>
                <sub_title>Menorrhagia</sub_title>
                <counts group_id="E1" subjects_affected="1" subjects_at_risk="267"/>
              </event>
            </event_list>
          </category>
          <category>
            <title>Respiratory, thoracic and mediastinal disorders</title>
            <event_list>
              <event>
                <sub_title>Acute Respiratory Distress Syndrome</sub_title>
                <counts group_id="E1" subjects_affected="3" subjects_at_risk="267"/>
              </event>
              <event>
                <sub_title>Adenoidal Hypertrophy</sub_title>
                <counts group_id="E1" subjects_affected="1" subjects_at_risk="267"/>
              </event>
              <event>
                <sub_title>Aspiration</sub_title>
                <counts group_id="E1" subjects_affected="1" subjects_at_risk="267"/>
              </event>
              <event>
                <sub_title>Asthma</sub_title>
                <counts group_id="E1" subjects_affected="1" subjects_at_risk="267"/>
              </event>
              <event>
                <sub_title>Atelectasis</sub_title>
                <counts group_id="E1" subjects_affected="2" subjects_at_risk="267"/>
              </event>
              <event>
                <sub_title>Choking</sub_title>
                <counts group_id="E1" subjects_affected="1" subjects_at_risk="267"/>
              </event>
              <event>
                <sub_title>Cough</sub_title>
                <counts group_id="E1" subjects_affected="1" subjects_at_risk="267"/>
              </event>
              <event>
                <sub_title>Diaphragmatic Hernia</sub_title>
                <counts group_id="E1" subjects_affected="1" subjects_at_risk="267"/>
              </event>
              <event>
                <sub_title>Dyspnoea</sub_title>
                <counts group_id="E1" subjects_affected="1" subjects_at_risk="267"/>
              </event>
              <event>
                <sub_title>Hypoxia</sub_title>
                <counts group_id="E1" subjects_affected="1" subjects_at_risk="267"/>
              </event>
              <event>
                <sub_title>Pleural Effusion</sub_title>
                <counts group_id="E1" subjects_affected="1" subjects_at_risk="267"/>
              </event>
              <event>
                <sub_title>Pneumonia Aspiration</sub_title>
                <counts group_id="E1" subjects_affected="15" subjects_at_risk="267"/>
              </event>
              <event>
                <sub_title>Respiratory Distress</sub_title>
                <counts group_id="E1" subjects_affected="2" subjects_at_risk="267"/>
              </event>
              <event>
                <sub_title>Respiratory Failure</sub_title>
                <counts group_id="E1" subjects_affected="2" subjects_at_risk="267"/>
              </event>
              <event>
                <sub_title>Sleep Apnoea Syndrome</sub_title>
                <counts group_id="E1" subjects_affected="4" subjects_at_risk="267"/>
              </event>
              <event>
                <sub_title>Tonsillar Hypertrophy</sub_title>
                <counts group_id="E1" subjects_affected="2" subjects_at_risk="267"/>
              </event>
            </event_list>
          </category>
          <category>
            <title>Skin and subcutaneous tissue disorders</title>
            <event_list>
              <event>
                <sub_title>Decubitus Ulcer</sub_title>
                <counts group_id="E1" subjects_affected="3" subjects_at_risk="267"/>
              </event>
              <event>
                <sub_title>Swelling Face</sub_title>
                <counts group_id="E1" subjects_affected="1" subjects_at_risk="267"/>
              </event>
            </event_list>
          </category>
          <category>
            <title>Social circumstances</title>
            <event_list>
              <event>
                <sub_title>Activities Of Daily Living Impaired</sub_title>
                <counts group_id="E1" subjects_affected="1" subjects_at_risk="267"/>
              </event>
            </event_list>
          </category>
          <category>
            <title>Surgical and medical procedures</title>
            <event_list>
              <event>
                <sub_title>Brain Operation</sub_title>
                <counts group_id="E1" subjects_affected="1" subjects_at_risk="267"/>
              </event>
              <event>
                <sub_title>Medical Diet</sub_title>
                <counts group_id="E1" subjects_affected="1" subjects_at_risk="267"/>
              </event>
              <event>
                <sub_title>Spinal Operation</sub_title>
                <counts group_id="E1" subjects_affected="1" subjects_at_risk="267"/>
              </event>
              <event>
                <sub_title>Vagal Nerve Stimulator Implantation</sub_title>
                <counts group_id="E1" subjects_affected="4" subjects_at_risk="267"/>
              </event>
            </event_list>
          </category>
          <category>
            <title>Vascular disorders</title>
            <event_list>
              <event>
                <sub_title>Deep Vein Thrombosis</sub_title>
                <counts group_id="E1" subjects_affected="1" subjects_at_risk="267"/>
              </event>
              <event>
                <sub_title>Haematoma</sub_title>
                <counts group_id="E1" subjects_affected="1" subjects_at_risk="267"/>
              </event>
              <event>
                <sub_title>Hypotension</sub_title>
                <counts group_id="E1" subjects_affected="1" subjects_at_risk="267"/>
              </event>
              <event>
                <sub_title>Venous Thrombosis Limb</sub_title>
                <counts group_id="E1" subjects_affected="1" subjects_at_risk="267"/>
              </event>
            </event_list>
          </category>
        </category_list>
      </serious_events>
      <other_events>
        <frequency_threshold>5</frequency_threshold>
        <default_vocab>MedDRA (12.0)</default_vocab>
        <default_assessment>Systematic Assessment</default_assessment>
        <category_list>
          <category>
            <title>Total</title>
            <event_list>
              <event>
                <sub_title>Total, other adverse events</sub_title>
                <counts group_id="E1" subjects_affected="241" subjects_at_risk="267"/>
              </event>
            </event_list>
          </category>
          <category>
            <title>Gastrointestinal disorders</title>
            <event_list>
              <event>
                <sub_title>Constipation</sub_title>
                <counts group_id="E1" subjects_affected="35" subjects_at_risk="267"/>
              </event>
              <event>
                <sub_title>Diarrhoea</sub_title>
                <counts group_id="E1" subjects_affected="19" subjects_at_risk="267"/>
              </event>
              <event>
                <sub_title>Vomiting</sub_title>
                <counts group_id="E1" subjects_affected="20" subjects_at_risk="267"/>
              </event>
            </event_list>
          </category>
          <category>
            <title>General disorders</title>
            <event_list>
              <event>
                <sub_title>Fatigue</sub_title>
                <counts group_id="E1" subjects_affected="18" subjects_at_risk="267"/>
              </event>
              <event>
                <sub_title>Pyrexia</sub_title>
                <counts group_id="E1" subjects_affected="48" subjects_at_risk="267"/>
              </event>
            </event_list>
          </category>
          <category>
            <title>Infections and infestations</title>
            <event_list>
              <event>
                <sub_title>Ear Infection</sub_title>
                <counts group_id="E1" subjects_affected="15" subjects_at_risk="267"/>
              </event>
              <event>
                <sub_title>Gastroenteritis</sub_title>
                <counts group_id="E1" subjects_affected="14" subjects_at_risk="267"/>
              </event>
              <event>
                <sub_title>Influenza</sub_title>
                <counts group_id="E1" subjects_affected="17" subjects_at_risk="267"/>
              </event>
              <event>
                <sub_title>Nasopharyngitis</sub_title>
                <counts group_id="E1" subjects_affected="31" subjects_at_risk="267"/>
              </event>
              <event>
                <sub_title>Otitis Media</sub_title>
                <counts group_id="E1" subjects_affected="42" subjects_at_risk="267"/>
              </event>
              <event>
                <sub_title>Pharyngitis Streptococcal</sub_title>
                <counts group_id="E1" subjects_affected="18" subjects_at_risk="267"/>
              </event>
              <event>
                <sub_title>Pneumonia</sub_title>
                <counts group_id="E1" subjects_affected="29" subjects_at_risk="267"/>
              </event>
              <event>
                <sub_title>Sinusitis</sub_title>
                <counts group_id="E1" subjects_affected="32" subjects_at_risk="267"/>
              </event>
              <event>
                <sub_title>Upper Respiratory Tract Infection</sub_title>
                <counts group_id="E1" subjects_affected="75" subjects_at_risk="267"/>
              </event>
              <event>
                <sub_title>Urinary Tract Infection</sub_title>
                <counts group_id="E1" subjects_affected="35" subjects_at_risk="267"/>
              </event>
              <event>
                <sub_title>Viral Infection</sub_title>
                <counts group_id="E1" subjects_affected="29" subjects_at_risk="267"/>
              </event>
            </event_list>
          </category>
          <category>
            <title>Injury, poisoning and procedural complications</title>
            <event_list>
              <event>
                <sub_title>Contusion</sub_title>
                <counts group_id="E1" subjects_affected="21" subjects_at_risk="267"/>
              </event>
              <event>
                <sub_title>Fall</sub_title>
                <counts group_id="E1" subjects_affected="44" subjects_at_risk="267"/>
              </event>
              <event>
                <sub_title>Skin Laceration</sub_title>
                <counts group_id="E1" subjects_affected="24" subjects_at_risk="267"/>
              </event>
            </event_list>
          </category>
          <category>
            <title>Metabolism and nutrition disorders</title>
            <event_list>
              <event>
                <sub_title>Decreased Appetite</sub_title>
                <counts group_id="E1" subjects_affected="14" subjects_at_risk="267"/>
              </event>
            </event_list>
          </category>
          <category>
            <title>Nervous system disorders</title>
            <event_list>
              <event>
                <sub_title>Drooling</sub_title>
                <counts group_id="E1" subjects_affected="22" subjects_at_risk="267"/>
              </event>
              <event>
                <sub_title>Lethargy</sub_title>
                <counts group_id="E1" subjects_affected="26" subjects_at_risk="267"/>
              </event>
              <event>
                <sub_title>Sedation</sub_title>
                <counts group_id="E1" subjects_affected="21" subjects_at_risk="267"/>
              </event>
              <event>
                <sub_title>Somnolence</sub_title>
                <counts group_id="E1" subjects_affected="45" subjects_at_risk="267"/>
              </event>
            </event_list>
          </category>
          <category>
            <title>Psychiatric disorders</title>
            <event_list>
              <event>
                <sub_title>Aggression</sub_title>
                <counts group_id="E1" subjects_affected="22" subjects_at_risk="267"/>
              </event>
              <event>
                <sub_title>Insomnia</sub_title>
                <counts group_id="E1" subjects_affected="31" subjects_at_risk="267"/>
              </event>
            </event_list>
          </category>
          <category>
            <title>Respiratory, thoracic and mediastinal disorders</title>
            <event_list>
              <event>
                <sub_title>Cough</sub_title>
                <counts group_id="E1" subjects_affected="17" subjects_at_risk="267"/>
              </event>
            </event_list>
          </category>
          <category>
            <title>Skin and subcutaneous tissue disorders</title>
            <event_list>
              <event>
                <sub_title>Rash</sub_title>
                <counts group_id="E1" subjects_affected="15" subjects_at_risk="267"/>
              </event>
            </event_list>
          </category>
        </category_list>
      </other_events>
    </reported_events>

    <certain_agreements>
      <pi_employee>Principal Investigators are NOT employed by the organization sponsoring the study.</pi_employee>
      <restrictive_agreement>The sponsor must have the opportunity to review and approve all proposed abstracts, manuscripts, or presentations regarding this study prior to submission for publication/presentation. Any information identified by the Sponsor as confidential must be deleted prior to submission.</restrictive_agreement>
    </certain_agreements>
    <point_of_contact>
      <name_or_title>Email contact via H. Lundbeck A/S</name_or_title>
      <organization>Lundbeck LLC</organization>
      <email>LundbeckClinicalTrials@lundbeck.com</email>
    </point_of_contact>
  </clinical_results>
</clinical_study>
