<?xml version="1.0" encoding="UTF-8"?>
<clinical_study rank="140">
  <!-- This xml conforms to an XML Schema at:
    https://clinicaltrials.gov/ct2/html/images/info/public.xsd
 and an XML DTD at:
    https://clinicaltrials.gov/ct2/html/images/info/public.dtd -->
  <required_header>
    <download_date>ClinicalTrials.gov processed this data on November 27, 2015</download_date>
    <link_text>Link to the current ClinicalTrials.gov record.</link_text>
    <url>https://clinicaltrials.gov/show/NCT01946802</url>
  </required_header>
  <id_info>
    <org_study_id>H-1303-013-470</org_study_id>
    <nct_id>NCT01946802</nct_id>
  </id_info>
  <brief_title>Seizure Detection Using SEDline During Therapeutic Hypothermia in Cardiac Arrest Victims</brief_title>
  <official_title>Trial of Device for Seizure Detection Using SEDline During Therapeutic Hypothermia in Cardiac Arrest Victims</official_title>
  <sponsors>
    <lead_sponsor>
      <agency>Gil Joon Suh</agency>
      <agency_class>Other</agency_class>
    </lead_sponsor>
    <collaborator>
      <agency>Masimo Corporation</agency>
      <agency_class>Industry</agency_class>
    </collaborator>
    <collaborator>
      <agency>Humed Co., Ltd</agency>
      <agency_class>Other</agency_class>
    </collaborator>
  </sponsors>
  <source>Seoul National University Hospital</source>
  <oversight_info>
    <authority>Korea: Institutional Review Board</authority>
    <has_dmc>No</has_dmc>
  </oversight_info>
  <brief_summary>
    <textblock>
      Current guidelines recommend the use of sedatives and neuromuscular blocking agents to avoid
      shivering during therapeutic hypothermia in cardiac arrest victims. Therefore, it is
      difficult to detect seizure and the frequent or continuous EEG monitoring is recommended.
      However, it is difficult to follow this recommendation in most clinical situations due to
      the lack of specialized devices and persons. The purpose of this study is whether SEDline
      (frontal 4-channel EEG device) has a diagnostic value to detect seizure during therapeutic
      hypothermia in cardiac arrest victims.
    </textblock>
  </brief_summary>
  <detailed_description>
    <textblock>
      1. Treatment of cardiac arrest victims Enrolled patients receive basic and advanced
           cardiac life support according to the 2010 American Heart Association (AHA) Guidelines
           for Cardiopulmonary Resuscitation (CPR) and Emergency Cardiovascular Care (ECC).

           After acquiring sustained return of spontaneous circulation (ROSC), the patients are
           immediately admitted to the ICU and are provided postresuscitation care including mild
           therapeutic hypothermia for 24 hours post-ROSC.

           During therapeutic hypothermia, their core temperatures are maintained from 32 to 34°C.

           Then rewarming is conducted (&lt; 0.25°C/hour) till core temperature 36.5°C. To avoid
           shivering, we use sedatives and neuromuscular blocking agents during the therapeutic
           hypothermia.

        2. Conventional EEG Conventional EEG is conducted for 30 minutes at

             1. During therapeutic hypothermia (within 24 hours after cardiac arrest)

             2. After the completion of rewarming (48 ~ 72 hours after cardiac arrest) Then, the
                results are interpreted by a neuro-intensivist for the presence of seizure.

        3. SEDline SEDline is monitored during the simultaneous period with the conventional EEG.
           Data retrieved from the SEDline are blindly interpreted by 3 investigators to determine
           the presence of seizure activity.

           The presence of seizure activity in SEDline is determined by the definition

             1. Electrographic seizure: rhythmic discharge or spike and wave pattern with definite
                evolution in frequency, location, or morphology lasting several seconds.

             2. Spike: Transient, clearly distinguishable from background activity, with pointed
                peak at conventional paper speeds and a duration of 20 to less than 70 ms

        4. Anti-epileptic drug The use of anti-epileptic drugs is guided by the results of
           conventional EEG or the presence of clinically seizure-like movement

        5. Gold standard The presence of Seizure identified in conventional EEG.

        6. Primary outcome The diagnostic performance of SEDline to detect seizure will be tested:
           Sensitivity, specificity, positive predictive value, negative predictive value,
           accuracy, and area under receiver operating characteristics curve (AUC).
    </textblock>
  </detailed_description>
  <overall_status>Recruiting</overall_status>
  <start_date>December 2014</start_date>
  <completion_date type="Anticipated">December 2016</completion_date>
  <primary_completion_date type="Anticipated">December 2015</primary_completion_date>
  <phase>N/A</phase>
  <study_type>Interventional</study_type>
  <study_design>Endpoint Classification: Efficacy Study, Intervention Model: Single Group Assignment, Masking: Open Label, Primary Purpose: Diagnostic</study_design>
  <primary_outcome>
    <measure>Accuracy of SEDline for seizure detection</measure>
    <time_frame>Within 6 months after complete data collection (March, 2015)</time_frame>
    <safety_issue>No</safety_issue>
    <description>Conventional EEG (gold standard for seizure detection) and SEDline monitoring will be conducted simultaneously for 30 minutes at 1) During therapeutic hypothermia (within 24 hours after cardiac arrest) and 2) After the completion of rewarming (48 ~ 72 hours after cardiac arrest). Then, data retrieved from the conventional EEG and SEDline will be interpreted and analyzed for the presence of seizure.</description>
  </primary_outcome>
  <secondary_outcome>
    <measure>Sensitivity of SEDline for seizure detection</measure>
    <time_frame>Within 6 months after complete data collection (March, 2015)</time_frame>
    <safety_issue>No</safety_issue>
    <description>Conventional EEG (gold standard for seizure detection) and SEDline monitoring will be conducted simultaneously for 30 minutes at 1) During therapeutic hypothermia (within 24 hours after cardiac arrest) and 2) After the completion of rewarming (48 ~ 72 hours after cardiac arrest). Then, data retrieved from the conventional EEG and SEDline will be interpreted and analyzed for the presence of seizure.</description>
  </secondary_outcome>
  <secondary_outcome>
    <measure>Specificity</measure>
    <time_frame>Within 6 months after complete data collection (March, 2015)</time_frame>
    <safety_issue>No</safety_issue>
    <description>Same as above description</description>
  </secondary_outcome>
  <secondary_outcome>
    <measure>Positive predictive value</measure>
    <time_frame>Within 6 months after complete data collection (March, 2015)</time_frame>
    <safety_issue>No</safety_issue>
    <description>Same as above description</description>
  </secondary_outcome>
  <secondary_outcome>
    <measure>Negative predictive value</measure>
    <time_frame>Within 6 months after complete data collection (March, 2015)</time_frame>
    <safety_issue>No</safety_issue>
    <description>Same as above description</description>
  </secondary_outcome>
  <secondary_outcome>
    <measure>Area under receiver operating characteristics curve (AUC) of SEDline for seizure detection</measure>
    <time_frame>Within 6 months after complete data collection (March, 2015)</time_frame>
    <safety_issue>No</safety_issue>
    <description>Same as above description</description>
  </secondary_outcome>
  <number_of_arms>1</number_of_arms>
  <enrollment type="Anticipated">44</enrollment>
  <condition>Cardiac Arrest</condition>
  <arm_group>
    <arm_group_label>Frontal 4 channel EEG</arm_group_label>
    <arm_group_type>Experimental</arm_group_type>
    <description>Consecutive comatose patients admitted to the emergency ICU for postresuscitation care following successful cardiopulmonary resuscitation after nontraumatic out-of-hospital and in-hospital cardiac arrest.</description>
  </arm_group>
  <intervention>
    <intervention_type>Device</intervention_type>
    <intervention_name>Frontal 4 channel EEG</intervention_name>
    <description>Simultaneous conventional EEG and SEDline monitoring for 30 minutes during and after therapeutic hypothermia</description>
    <arm_group_label>Frontal 4 channel EEG</arm_group_label>
    <other_name>SEDline, Masimo corporation</other_name>
  </intervention>
  <eligibility>
    <criteria>
      <textblock>
        Inclusion Criteria:

          -  Consecutive comatose patients admitted to the emergency ICU for postresuscitation
             care following successful cardiopulmonary resuscitation after nontraumatic
             out-of-hospital and in-hospital cardiac arrest.

          -  Cardiac arrest is defined as cessation of cardiac mechanical activity, confirmed by
             the absence of a detectable pulse, unresponsiveness, and apnea.

        Exclusion Criteria:

          -  Age &lt; 18 years old

          -  Contraindication to therapeutic hypothermia: active life-threatening bleeding, septic
             shock, or refractory fatal arrhythmia..

          -  Intracranial pathology including hemorrhage or tumor

          -  Visible generalized seizure before the study enrollment

          -  Advanced directives to withdraw life-sustaining treatment

          -  No informed consent
      </textblock>
    </criteria>
    <gender>Both</gender>
    <minimum_age>18 Years</minimum_age>
    <maximum_age>N/A</maximum_age>
    <healthy_volunteers>No</healthy_volunteers>
  </eligibility>
  <overall_official>
    <last_name>Gil Joon Suh, Prof</last_name>
    <role>Study Director</role>
    <affiliation>Seoul National University Hospital</affiliation>
  </overall_official>
  <overall_contact>
    <last_name>Woon Yong Kwon, MD</last_name>
    <phone>82-2-2072-0326</phone>
    <email>kwy711@hanmail.net</email>
  </overall_contact>
  <location>
    <facility>
      <name>Department of Emergency Medicine, Seoul National University Hospital</name>
      <address>
        <city>Seoul</city>
        <zip>110-744</zip>
        <country>Korea, Republic of</country>
      </address>
    </facility>
    <status>Recruiting</status>
  </location>
  <location_countries>
    <country>Korea, Republic of</country>
  </location_countries>
  <reference>
    <citation>HOCKADAY JM, POTTS F, EPSTEIN E, BONAZZI A, SCHWAB RS. ELECTROENCEPHALOGRAPHIC CHANGES IN ACUTE CEREBRAL ANOXIA FROM CARDIAC OR RESPIRATORY ARREST. Electroencephalogr Clin Neurophysiol. 1965 May;18:575-86.</citation>
    <PMID>14296835</PMID>
  </reference>
  <reference>
    <citation>Rossetti AO, Urbano LA, Delodder F, Kaplan PW, Oddo M. Prognostic value of continuous EEG monitoring during therapeutic hypothermia after cardiac arrest. Crit Care. 2010;14(5):R173. doi: 10.1186/cc9276. Epub 2010 Sep 29.</citation>
    <PMID>20920227</PMID>
  </reference>
  <reference>
    <citation>Crepeau AZ, Rabinstein AA, Fugate JE, Mandrekar J, Wijdicks EF, White RD, Britton JW. Continuous EEG in therapeutic hypothermia after cardiac arrest: prognostic and clinical value. Neurology. 2013 Jan 22;80(4):339-44. doi: 10.1212/WNL.0b013e31827f089d. Epub 2013 Jan 2.</citation>
    <PMID>23284064</PMID>
  </reference>
  <verification_date>December 2014</verification_date>
  <lastchanged_date>December 30, 2014</lastchanged_date>
  <firstreceived_date>September 11, 2013</firstreceived_date>
  <responsible_party>
    <responsible_party_type>Sponsor-Investigator</responsible_party_type>
    <investigator_affiliation>Seoul National University Hospital</investigator_affiliation>
    <investigator_full_name>Gil Joon Suh</investigator_full_name>
    <investigator_title>Professor</investigator_title>
  </responsible_party>
  <keyword>Heart arrest</keyword>
  <keyword>Cardiopulmonary resuscitation</keyword>
  <keyword>Hypothermia induced</keyword>
  <keyword>Seizures</keyword>
  <keyword>Electroencephalography</keyword>
  <is_fda_regulated>No</is_fda_regulated>
  <has_expanded_access>No</has_expanded_access>
  <condition_browse>
    <!-- CAUTION:  The following MeSH terms are assigned with an imperfect algorithm  -->
    <mesh_term>Heart Arrest</mesh_term>
    <mesh_term>Hypothermia</mesh_term>
  </condition_browse>
  <!-- Results have not yet been posted for this study                                -->
</clinical_study>
