<?xml version="1.0" encoding="UTF-8"?>
<clinical_study rank="240">
  <!-- This xml conforms to an XML Schema at:
    https://clinicaltrials.gov/ct2/html/images/info/public.xsd
 and an XML DTD at:
    https://clinicaltrials.gov/ct2/html/images/info/public.dtd -->
  <required_header>
    <download_date>ClinicalTrials.gov processed this data on December 01, 2015</download_date>
    <link_text>Link to the current ClinicalTrials.gov record.</link_text>
    <url>https://clinicaltrials.gov/show/NCT01422720</url>
  </required_header>
  <id_info>
    <org_study_id>BIA-2093-401</org_study_id>
    <secondary_id>0140BI17.MPB</secondary_id>
    <secondary_id>2009-012587-14</secondary_id>
    <nct_id>NCT01422720</nct_id>
  </id_info>
  <brief_title>Safety and Efficacy of Eslicarbazepine Acetate as Adjunctive Therapy for Partial Seizures in Elderly Patients</brief_title>
  <official_title>Safety and Efficacy of Eslicarbazepine Acetate (ESL) as Adjunctive Therapy for Partial Seizures in Elderly Patients</official_title>
  <sponsors>
    <lead_sponsor>
      <agency>Bial - Portela C S.A.</agency>
      <agency_class>Industry</agency_class>
    </lead_sponsor>
  </sponsors>
  <source>Bial - Portela C S.A.</source>
  <oversight_info>
    <authority>Germany: Federal Institute for Drugs and Medical Devices</authority>
    <authority>Portugal: National Pharmacy and Medicines Institute</authority>
    <authority>France: Afssaps - Agence française de sécurité sanitaire des produits de santé (Saint-Denis)</authority>
    <authority>Spain: Agencia Española de Medicamentos y Productos Sanitarios</authority>
    <authority>Romania: National Medicines Agency</authority>
    <has_dmc>No</has_dmc>
  </oversight_info>
  <brief_summary>
    <textblock>
      This is an open Label study to investigate the safety and efficacy of eslicarbazepine
      acetate as adjunctive therapy for partial seizures in elderly patients.
    </textblock>
  </brief_summary>
  <detailed_description>
    <textblock>
      Multicenter study in approximately 100 elderly patients. The study will follow an open-label
      design and will consist of 8-week baseline period, followed by a 26-week treatment period
      and a 4-week follow-up period.
    </textblock>
  </detailed_description>
  <overall_status>Completed</overall_status>
  <start_date>April 2010</start_date>
  <completion_date type="Actual">September 2013</completion_date>
  <primary_completion_date type="Actual">September 2013</primary_completion_date>
  <phase>Phase 4</phase>
  <study_type>Interventional</study_type>
  <study_design>Endpoint Classification: Safety/Efficacy Study, Intervention Model: Single Group Assignment, Masking: Open Label, Primary Purpose: Treatment</study_design>
  <primary_outcome>
    <measure>Number of Subjects With Reported Adverse Events (AE)</measure>
    <time_frame>throughout the study</time_frame>
    <safety_issue>Yes</safety_issue>
    <description>An AE was defined as Treatment-Emergent Adverse Event (TEAE), if first onset or worsening was after the first intake of investigational medicinal product (IMP) and not more than 14 days after the last administration of IMP.
TEAE assessment:
patients who died
patients who died due to Treatment-emergent adverse event (TEAE)
patients with at least one Serious Adverse Event (SAE)
patients with at least one Treatment-emergent Serious Adverse Event (TESAE)
patients prematurely terminated due to TEAE
patients with at least one TEAE
patients with at least one related TEAE
patients with at least one severe TEAE
patients with at least one severe TEAE</description>
  </primary_outcome>
  <secondary_outcome>
    <measure>Change From Baseline in Standardized Seizure Frequency</measure>
    <time_frame>8-week Baseline Period and 26-week Treatment Period</time_frame>
    <safety_issue>No</safety_issue>
    <description>Absolute and relative changes from baseline of seizure frequency standardised to a frequency per 4 weeks.</description>
  </secondary_outcome>
  <number_of_arms>1</number_of_arms>
  <enrollment type="Actual">72</enrollment>
  <condition>Epilepsy</condition>
  <arm_group>
    <arm_group_label>Eslicarbazepine Acetate tablets (800 mg)</arm_group_label>
    <arm_group_type>Experimental</arm_group_type>
  </arm_group>
  <intervention>
    <intervention_type>Drug</intervention_type>
    <intervention_name>Eslicarbazepine Acetate</intervention_name>
    <description>ESL tablets (800 mg) QD</description>
    <arm_group_label>Eslicarbazepine Acetate tablets (800 mg)</arm_group_label>
    <other_name>Zebinix</other_name>
  </intervention>
  <eligibility>
    <criteria>
      <textblock>
        Inclusion Criteria:

          1. Written informed consent form;

          2. Of age 65 years or older;

          3. A documented diagnosis of epilepsy for at least 12 months,

          4. At least 2 partial-onset seizures (including subtypes of simple partial, complex
             partial and/or partial seizures evolving to secondarily generalised) in the 4 weeks
             prior to screening;

          5. Currently treated with 1 or 2 AEDs (any except oxcarbazepine) in a stable dosage
             regimen for at least 4 weeks prior to screening. Vagus nerve stimulation (VNS) is to
             be considered as an AED (i.e., only one concomitant AED is allowed in patients with
             VNS);

          6. Willing and able to comply with all trial requirements, in the judgment of the
             investigator;

          7. At least 2 partial-onset seizures (documented in the diary) per 4 weeks during the
             8-week baseline period;

          8. Satisfactorily complied with the study requirements during the baseline period

        Exclusion Criteria:

          1. Only simple partial seizures with no motor symptomatology (classified as A2-4)
             according to the International Classification of Epileptic Seizures);

          2. Primarily generalised seizures;

          3. Known progressive neurological disorders (progressive brain disease, epilepsy
             secondary to progressive central nervous system lesion) and progressive dementia;

          4. Occurrence of seizures too close to count accurately;

          5. History of status epileptic or cluster seizures 8i.e. 3 or more seizures within 30
             minutes) within the 3 months prior to screening;

          6. Seizures of non-epileptic origin;

          7. Major psychiatric disorders;

          8. History of suicide attempt;

          9. Currently treated with oxcarbazepine;

         10. Previous use of ESL or participation in a clinical study with ESL;

         11. Known hypersensitivity to other carboxamide derivatives (e.g. oxcarbazepine,
             carbamazepine) or to any of the excipients;

         12. Uncontrolled cardiac, renal, hepatic, endocrine, gastrointestinal, metabolic,
             haematological or oncology disorder, hypo - or hyper thyroidism of any type;

         13. Second or third-degree atrioventricular blockade or any clinically significant
             abnormality in the 12-lead electrocardiogram (ECG) as determined by the investigator;

         14. Relevant clinical laboratory abnormalities as determined by the investigator (e.g.
             plasma sodium &lt;130 mmol/L, alanine or aspartate aminotransferases &gt;2.0 times above
             the upper limit of the range, or white blood cell count &lt;3,000 cells/mm3;

         15. Calculated creatinine values &lt; 30 mL/min at screening;

         16. Any other condition or circumstance that, in the opinion of the investigator, may
             compromise the patient's ability to comply with the study protocol;

         17. Received an investigational drug (or a medical device) within 3 months of screening
             or is currently participating in another trial of an investigational drug (or medical
             device) trial.
      </textblock>
    </criteria>
    <gender>Both</gender>
    <minimum_age>65 Years</minimum_age>
    <maximum_age>N/A</maximum_age>
    <healthy_volunteers>No</healthy_volunteers>
  </eligibility>
  <location>
    <facility>
      <name>Universitätsklinik für Neurologie; Arbeitsgruppe Epileptologie</name>
      <address>
        <city>Innsbruck</city>
        <country>Austria</country>
      </address>
    </facility>
  </location>
  <location>
    <facility>
      <name>Universitätsklinik für Neurologie; Christian-Doppler-Klinik</name>
      <address>
        <city>Salzburg</city>
        <country>Austria</country>
      </address>
    </facility>
  </location>
  <location>
    <facility>
      <name>Medizinische Universitat Wien Klinik fur Neurologie</name>
      <address>
        <city>Wien</city>
        <country>Austria</country>
      </address>
    </facility>
  </location>
  <location>
    <facility>
      <name>4 MHAT Sofia</name>
      <address>
        <city>Sofia</city>
        <country>Bulgaria</country>
      </address>
    </facility>
  </location>
  <location>
    <facility>
      <name>Diagnostic &amp; Consultative Center &quot;Sveta Anna&quot; EOOD</name>
      <address>
        <city>Sofia</city>
        <country>Bulgaria</country>
      </address>
    </facility>
  </location>
  <location>
    <facility>
      <name>First MHAT-Sofia</name>
      <address>
        <city>Sofia</city>
        <country>Bulgaria</country>
      </address>
    </facility>
  </location>
  <location>
    <facility>
      <name>UMHAT &quot;Aleksandrovska&quot;</name>
      <address>
        <city>Sofia</city>
        <country>Bulgaria</country>
      </address>
    </facility>
  </location>
  <location>
    <facility>
      <name>UMHAT &quot;Tsaritsa Yoanna -ISUL&quot;</name>
      <address>
        <city>Sofia</city>
        <country>Bulgaria</country>
      </address>
    </facility>
  </location>
  <location>
    <facility>
      <name>MHAT &quot;Prof. Stoyan Kirkovich&quot;</name>
      <address>
        <city>Stara Zagora</city>
        <country>Bulgaria</country>
      </address>
    </facility>
  </location>
  <location>
    <facility>
      <name>General County Hospital Požega, Neurology department</name>
      <address>
        <city>Požega</city>
        <country>Croatia</country>
      </address>
    </facility>
  </location>
  <location>
    <facility>
      <name>Polyclinic for neurology and psychiatry 'Interneuron</name>
      <address>
        <city>Rijeka</city>
        <country>Croatia</country>
      </address>
    </facility>
  </location>
  <location>
    <facility>
      <name>Clinical Hospital Centre Split</name>
      <address>
        <city>Split</city>
        <country>Croatia</country>
      </address>
    </facility>
  </location>
  <location>
    <facility>
      <name>Neurologická klinika, FN u Sv. Anny</name>
      <address>
        <city>Brno</city>
        <country>Czech Republic</country>
      </address>
    </facility>
  </location>
  <location>
    <facility>
      <name>NZZ BORMED s.r.o.</name>
      <address>
        <city>Ostrava - Třebovice</city>
        <country>Czech Republic</country>
      </address>
    </facility>
  </location>
  <location>
    <facility>
      <name>Neurologická ambulance</name>
      <address>
        <city>Plzeň</city>
        <country>Czech Republic</country>
      </address>
    </facility>
  </location>
  <location>
    <facility>
      <name>Clintrial, s.r.o.</name>
      <address>
        <city>Praha 10</city>
        <country>Czech Republic</country>
      </address>
    </facility>
  </location>
  <location>
    <facility>
      <name>Fakultní Thomayerova nemocnice s poliklinikou, Neurologická klinika</name>
      <address>
        <city>Praha 4 - Krč</city>
        <country>Czech Republic</country>
      </address>
    </facility>
  </location>
  <location>
    <facility>
      <name>Medical Services Prague s.r.o.</name>
      <address>
        <city>Praha 6</city>
        <country>Czech Republic</country>
      </address>
    </facility>
  </location>
  <location>
    <facility>
      <name>Oddělení neurologie, FN Bulovka</name>
      <address>
        <city>Praha 8</city>
        <country>Czech Republic</country>
      </address>
    </facility>
  </location>
  <location>
    <facility>
      <name>Hôpital Gui de Chauliac, Explorations neurologiques et d'épileptologie</name>
      <address>
        <city>Montpellier Cedex 05</city>
        <country>France</country>
      </address>
    </facility>
  </location>
  <location>
    <facility>
      <name>Hôpital Central - Service de Neurologie</name>
      <address>
        <city>Nancy</city>
        <country>France</country>
      </address>
    </facility>
  </location>
  <location>
    <facility>
      <name>Groupement Hospitalier Universitaire Est, Pitié-Salpétrière; Clinique des Maladies du Système Nerveux</name>
      <address>
        <city>Paris Cedex 13</city>
        <country>France</country>
      </address>
    </facility>
  </location>
  <location>
    <facility>
      <name>Klinik für Epileptologie Universität Bonn</name>
      <address>
        <city>Bonn</city>
        <country>Germany</country>
      </address>
    </facility>
  </location>
  <location>
    <facility>
      <name>Zentrum Epilepsie Erlangen</name>
      <address>
        <city>Erlangen</city>
        <country>Germany</country>
      </address>
    </facility>
  </location>
  <location>
    <facility>
      <name>Diakonie Kork, Epilepsiezentrum</name>
      <address>
        <city>Kehl-Kork</city>
        <country>Germany</country>
      </address>
    </facility>
  </location>
  <location>
    <facility>
      <name>IZKS; Universitätsmedizin der Johannes-Gutenberg-Universität Mainz</name>
      <address>
        <city>Mainz</city>
        <country>Germany</country>
      </address>
    </facility>
  </location>
  <location>
    <facility>
      <name>Studienzentrum Dr. Stephan Arnold</name>
      <address>
        <city>München</city>
        <country>Germany</country>
      </address>
    </facility>
  </location>
  <location>
    <facility>
      <name>Neurologische Gemeinschaftspraxis am Seelberg</name>
      <address>
        <city>Stuttgart</city>
        <country>Germany</country>
      </address>
    </facility>
  </location>
  <location>
    <facility>
      <name>Universitäts- und Rehabilitationskliniken Ulm (RKU), Klinik für Neurologie</name>
      <address>
        <city>Ulm</city>
        <country>Germany</country>
      </address>
    </facility>
  </location>
  <location>
    <facility>
      <name>&quot;Klinika Neurologii Rozwojowej</name>
      <address>
        <city>Gdańsk</city>
        <country>Poland</country>
      </address>
    </facility>
  </location>
  <location>
    <facility>
      <name>Centrum Leczenia Padaczki i Migreny</name>
      <address>
        <city>Kraków</city>
        <country>Poland</country>
      </address>
    </facility>
  </location>
  <location>
    <facility>
      <name>Małopolskie Centrum Medyczne s.c.</name>
      <address>
        <city>Kraków</city>
        <country>Poland</country>
      </address>
    </facility>
  </location>
  <location>
    <facility>
      <name>Centrum Terapii Współczesnej</name>
      <address>
        <city>Lodz</city>
        <country>Poland</country>
      </address>
    </facility>
  </location>
  <location>
    <facility>
      <name>AIBILI - Centro de Estudos de Biodisponibildade</name>
      <address>
        <city>Coimbra</city>
        <country>Portugal</country>
      </address>
    </facility>
  </location>
  <location>
    <facility>
      <name>Centro Hospitalar de Lisboa Norte, EPE - Hospital de Staª Maria - Centro de Estudos Egas Moniz</name>
      <address>
        <city>Lisbon</city>
        <country>Portugal</country>
      </address>
    </facility>
  </location>
  <location>
    <facility>
      <name>Centro Hospitalar de Lisboa Ocidental, EPE - Hospital Egas Moniz</name>
      <address>
        <city>Lisbon</city>
        <country>Portugal</country>
      </address>
    </facility>
  </location>
  <location>
    <facility>
      <name>Unidade Local de Saúde de Alto Minho, EPE - Hospital de Santa Luzia - Serviço de Neurologi</name>
      <address>
        <city>Viana do Castelo</city>
        <country>Portugal</country>
      </address>
    </facility>
  </location>
  <location>
    <facility>
      <name>Centro Hospitalar de Trás-os -Montes e Alto-Douro, EPE - Hospital de São Pedro - Serviço de Neurologia</name>
      <address>
        <city>Vila Real</city>
        <country>Portugal</country>
      </address>
    </facility>
  </location>
  <location>
    <facility>
      <name>C.M.D.T.A. Neomed</name>
      <address>
        <city>Brasov</city>
        <country>Romania</country>
      </address>
    </facility>
  </location>
  <location>
    <facility>
      <name>Cabinet Medical Individual &quot;Dr. Roceanu Adina Maria&quot; -Neurologie, Neurofiziologie (EEG, EMG, PEC)</name>
      <address>
        <city>Bucuresti</city>
        <country>Romania</country>
      </address>
    </facility>
  </location>
  <location>
    <facility>
      <name>Sc Clubul Sanatatii Srl</name>
      <address>
        <city>Campulung Muscel</city>
        <country>Romania</country>
      </address>
    </facility>
  </location>
  <location>
    <facility>
      <name>Spitalul Clinic de Neuropsihiatrie Craiova</name>
      <address>
        <city>Craiova; Jud. Dolj</city>
        <country>Romania</country>
      </address>
    </facility>
  </location>
  <location>
    <facility>
      <name>Hospital de la Santa Creu i Sant Pau</name>
      <address>
        <city>Barcelona</city>
        <country>Spain</country>
      </address>
    </facility>
  </location>
  <location>
    <facility>
      <name>Hospital Universitari Vall d'Hebron</name>
      <address>
        <city>Barcelona</city>
        <country>Spain</country>
      </address>
    </facility>
  </location>
  <location>
    <facility>
      <name>IMAS Hospital del Mar</name>
      <address>
        <city>Barcelona</city>
        <country>Spain</country>
      </address>
    </facility>
  </location>
  <location>
    <facility>
      <name>Hospital Clínico San Carlos</name>
      <address>
        <city>Madrid</city>
        <country>Spain</country>
      </address>
    </facility>
  </location>
  <location>
    <facility>
      <name>Hospital General Universitario Gregorio Marañón</name>
      <address>
        <city>Madrid</city>
        <country>Spain</country>
      </address>
    </facility>
  </location>
  <location>
    <facility>
      <name>Hospital Universitario Virgen Macarena</name>
      <address>
        <city>Sevilla</city>
        <country>Spain</country>
      </address>
    </facility>
  </location>
  <location_countries>
    <country>Austria</country>
    <country>Bulgaria</country>
    <country>Croatia</country>
    <country>Czech Republic</country>
    <country>France</country>
    <country>Germany</country>
    <country>Poland</country>
    <country>Portugal</country>
    <country>Romania</country>
    <country>Spain</country>
  </location_countries>
  <verification_date>June 2015</verification_date>
  <lastchanged_date>June 17, 2015</lastchanged_date>
  <firstreceived_date>July 29, 2011</firstreceived_date>
  <firstreceived_results_date>May 9, 2014</firstreceived_results_date>
  <responsible_party>
    <responsible_party_type>Sponsor</responsible_party_type>
  </responsible_party>
  <keyword>Epilepsy</keyword>
  <keyword>ESL</keyword>
  <keyword>Eslicarbazepine Acetate</keyword>
  <keyword>BIAL</keyword>
  <keyword>BIA</keyword>
  <keyword>Partial-onset Seizures</keyword>
  <is_fda_regulated>No</is_fda_regulated>
  <has_expanded_access>No</has_expanded_access>
  <intervention_browse>
    <!-- CAUTION:  The following MeSH terms are assigned with an imperfect algorithm  -->
    <mesh_term>Eslicarbazepine acetate</mesh_term>
  </intervention_browse>

  <clinical_results>

    <participant_flow>
      <recruitment_details>44 clinical centres in Europe and Asia.
Studied period (years):
Date of first enrolment: 19-APR-2010 Date of last subject completed: 08-OCT-2013</recruitment_details>
      <pre_assignment_details>In this trial all subjects received the same treatment.</pre_assignment_details>
      <group_list>
        <group group_id="P1">
          <title>Esl 800 mg</title>
          <description>Eslicarbazepine Acetate (Esl) tablets (800 mg) QD</description>
        </group>
      </group_list>
      <period_list>
        <period>
          <title>Overall Study</title>
          <milestone_list>
            <milestone>
              <title>STARTED</title>
              <participants_list>
                <participants group_id="P1" count="72"/>
              </participants_list>
            </milestone>
            <milestone>
              <title>Safety Set</title>
              <participants_list>
                <participants group_id="P1" count="72"/>
              </participants_list>
            </milestone>
            <milestone>
              <title>Full Analysis Set (FAS)</title>
              <participants_list>
                <participants group_id="P1" count="71"/>
              </participants_list>
            </milestone>
            <milestone>
              <title>Per-Protocol Set (PPS)</title>
              <participants_list>
                <participants group_id="P1" count="55"/>
              </participants_list>
            </milestone>
            <milestone>
              <title>COMPLETED</title>
              <participants_list>
                <participants group_id="P1" count="50"/>
              </participants_list>
            </milestone>
            <milestone>
              <title>NOT COMPLETED</title>
              <participants_list>
                <participants group_id="P1" count="22"/>
              </participants_list>
            </milestone>
          </milestone_list>
          <drop_withdraw_reason_list>
            <drop_withdraw_reason>
              <title>Adverse Event</title>
              <participants_list>
                <participants group_id="P1" count="16"/>
              </participants_list>
            </drop_withdraw_reason>
            <drop_withdraw_reason>
              <title>Lack of Efficacy</title>
              <participants_list>
                <participants group_id="P1" count="1"/>
              </participants_list>
            </drop_withdraw_reason>
            <drop_withdraw_reason>
              <title>Withdrawal by Subject</title>
              <participants_list>
                <participants group_id="P1" count="4"/>
              </participants_list>
            </drop_withdraw_reason>
            <drop_withdraw_reason>
              <title>Ineligibility</title>
              <participants_list>
                <participants group_id="P1" count="1"/>
              </participants_list>
            </drop_withdraw_reason>
          </drop_withdraw_reason_list>
        </period>
      </period_list>
    </participant_flow>

    <baseline>
      <group_list>
        <group group_id="B1">
          <title>Esl 800 mg</title>
          <description>Eslicarbazepine Acetate (Esl) tablets (800 mg) QD</description>
        </group>
      </group_list>
      <measure_list>
        <measure>
          <title>Number of Participants</title>
          <units>participants</units>
          <param>Number</param>
          <category_list>
            <category>
              <measurement_list>
                <measurement group_id="B1" value="72"/>
              </measurement_list>
            </category>
          </category_list>
        </measure>
        <measure>
          <title>Age, Customized</title>
          <units>participants</units>
          <param>Number</param>
          <category_list>
            <category>
              <sub_title>65-69 years</sub_title>
              <measurement_list>
                <measurement group_id="B1" value="30"/>
              </measurement_list>
            </category>
            <category>
              <sub_title>70-74 years</sub_title>
              <measurement_list>
                <measurement group_id="B1" value="19"/>
              </measurement_list>
            </category>
            <category>
              <sub_title>75-79 years</sub_title>
              <measurement_list>
                <measurement group_id="B1" value="19"/>
              </measurement_list>
            </category>
            <category>
              <sub_title>80-84 years</sub_title>
              <measurement_list>
                <measurement group_id="B1" value="4"/>
              </measurement_list>
            </category>
          </category_list>
        </measure>
        <measure>
          <title>Gender</title>
          <units>participants</units>
          <param>Number</param>
          <category_list>
            <category>
              <sub_title>Female</sub_title>
              <measurement_list>
                <measurement group_id="B1" value="34"/>
              </measurement_list>
            </category>
            <category>
              <sub_title>Male</sub_title>
              <measurement_list>
                <measurement group_id="B1" value="38"/>
              </measurement_list>
            </category>
          </category_list>
        </measure>
      </measure_list>
    </baseline>

    <outcome_list>
      <outcome>
        <type>Primary</type>
        <title>Number of Subjects With Reported Adverse Events (AE)</title>
        <description>An AE was defined as Treatment-Emergent Adverse Event (TEAE), if first onset or worsening was after the first intake of investigational medicinal product (IMP) and not more than 14 days after the last administration of IMP.
TEAE assessment:
patients who died
patients who died due to Treatment-emergent adverse event (TEAE)
patients with at least one Serious Adverse Event (SAE)
patients with at least one Treatment-emergent Serious Adverse Event (TESAE)
patients prematurely terminated due to TEAE
patients with at least one TEAE
patients with at least one related TEAE
patients with at least one severe TEAE
patients with at least one severe TEAE</description>
        <time_frame>throughout the study</time_frame>
        <safety_issue>Yes</safety_issue>
        <group_list>
          <group group_id="O1">
            <title>Esl 800 mg</title>
            <description>Eslicarbazepine Acetate (Esl) tablets (800 mg) QD</description>
          </group>
        </group_list>
        <measure_list>
          <measure>
            <title>Number of Participants</title>
            <units>participants</units>
            <param>Number</param>
            <category_list>
              <category>
                <measurement_list>
                  <measurement group_id="O1" value="72"/>
                </measurement_list>
              </category>
            </category_list>
          </measure>
          <measure>
            <title>Number of Subjects With Reported Adverse Events (AE)</title>
            <description>An AE was defined as Treatment-Emergent Adverse Event (TEAE), if first onset or worsening was after the first intake of investigational medicinal product (IMP) and not more than 14 days after the last administration of IMP.
TEAE assessment:
patients who died
patients who died due to Treatment-emergent adverse event (TEAE)
patients with at least one Serious Adverse Event (SAE)
patients with at least one Treatment-emergent Serious Adverse Event (TESAE)
patients prematurely terminated due to TEAE
patients with at least one TEAE
patients with at least one related TEAE
patients with at least one severe TEAE
patients with at least one severe TEAE</description>
            <units>participants</units>
            <param>Number</param>
            <category_list>
              <category>
                <sub_title>patients who died</sub_title>
                <measurement_list>
                  <measurement group_id="O1" value="3"/>
                </measurement_list>
              </category>
              <category>
                <sub_title>patients who died due to TEAE</sub_title>
                <measurement_list>
                  <measurement group_id="O1" value="3"/>
                </measurement_list>
              </category>
              <category>
                <sub_title>patients with at least one SAE</sub_title>
                <measurement_list>
                  <measurement group_id="O1" value="11"/>
                </measurement_list>
              </category>
              <category>
                <sub_title>patients with at least one TESAE</sub_title>
                <measurement_list>
                  <measurement group_id="O1" value="10"/>
                </measurement_list>
              </category>
              <category>
                <sub_title>patients prematurely terminated due to TEAE</sub_title>
                <measurement_list>
                  <measurement group_id="O1" value="18"/>
                </measurement_list>
              </category>
              <category>
                <sub_title>patients with at least one TEAE</sub_title>
                <measurement_list>
                  <measurement group_id="O1" value="47"/>
                </measurement_list>
              </category>
              <category>
                <sub_title>patients with at least one related TEAE</sub_title>
                <measurement_list>
                  <measurement group_id="O1" value="31"/>
                </measurement_list>
              </category>
              <category>
                <sub_title>patients with at least one severe TEAE</sub_title>
                <measurement_list>
                  <measurement group_id="O1" value="12"/>
                </measurement_list>
              </category>
              <category>
                <sub_title>patients with at least one severe TEAE</sub_title>
                <measurement_list>
                  <measurement group_id="O1" value="25"/>
                </measurement_list>
              </category>
            </category_list>
          </measure>
        </measure_list>
      </outcome>
      <outcome>
        <type>Secondary</type>
        <title>Change From Baseline in Standardized Seizure Frequency</title>
        <description>Absolute and relative changes from baseline of seizure frequency standardised to a frequency per 4 weeks.</description>
        <time_frame>8-week Baseline Period and 26-week Treatment Period</time_frame>
        <safety_issue>No</safety_issue>
        <group_list>
          <group group_id="O1">
            <title>FAS - Baseline Period</title>
            <description>The Full Analysis Set (FAS) consisted of all subjects who received at least one dose of IMP and had at least one day of seizure evaluation reported in the patient diary after Visit 2.</description>
          </group>
          <group group_id="O2">
            <title>FAS - Treatment Period</title>
            <description>The Full Analysis Set (FAS) consisted of all subjects who received at least one dose of IMP and had at least one day of seizure evaluation reported in the patient diary after Visit 2.</description>
          </group>
          <group group_id="O3">
            <title>PPS - Baseline Period</title>
            <description>The Per Protocol Set (PPS) consisted of all subjects in the FAS who had completed the Treatment Period and did not have any protocol deviation (e.g. poor compliance, diaries not properly filled) in a sufficiently serious manner to warrant data (but not subject) exclusion.</description>
          </group>
          <group group_id="O4">
            <title>PPS- Treatment Period</title>
            <description>The Per Protocol Set (PPS) consisted of all subjects in the FAS who had completed the Treatment Period and did not have any protocol deviation (e.g. poor compliance, diaries not properly filled) in a sufficiently serious manner to warrant data (but not subject) exclusion.</description>
          </group>
        </group_list>
        <measure_list>
          <measure>
            <title>Number of Participants</title>
            <units>participants</units>
            <param>Number</param>
            <category_list>
              <category>
                <measurement_list>
                  <measurement group_id="O1" value="71"/>
                  <measurement group_id="O2" value="71"/>
                  <measurement group_id="O3" value="55"/>
                  <measurement group_id="O4" value="55"/>
                </measurement_list>
              </category>
            </category_list>
          </measure>
          <measure>
            <title>Change From Baseline in Standardized Seizure Frequency</title>
            <description>Absolute and relative changes from baseline of seizure frequency standardised to a frequency per 4 weeks.</description>
            <units>seizures/4 weeks</units>
            <param>Mean</param>
            <dispersion>Standard Deviation</dispersion>
            <category_list>
              <category>
                <measurement_list>
                  <measurement group_id="O1" value="4.8" spread="5.53"/>
                  <measurement group_id="O2" value="3.6" spread="5.84"/>
                  <measurement group_id="O3" value="4.0" spread="3.54"/>
                  <measurement group_id="O4" value="3.1" spread="5.64"/>
                </measurement_list>
              </category>
            </category_list>
          </measure>
        </measure_list>
      </outcome>
    </outcome_list>

    <reported_events>
      <time_frame>Throughout the study</time_frame>
      <group_list>
        <group group_id="E1">
          <title>Esl 800 mg</title>
          <description>Eslicarbazepine Acetate (Esl) tablets (800 mg) QD</description>
        </group>
      </group_list>
      <serious_events>
        <default_vocab>MedDRA (Unspecified)</default_vocab>
        <default_assessment>Systematic Assessment</default_assessment>
        <category_list>
          <category>
            <title>Total</title>
            <event_list>
              <event>
                <sub_title>Total, serious adverse events</sub_title>
                <counts group_id="E1" subjects_affected="11" subjects_at_risk="72"/>
              </event>
            </event_list>
          </category>
          <category>
            <title>Cardiac disorders</title>
            <event_list>
              <event>
                <sub_title>Cardiac failure</sub_title>
                <counts group_id="E1" events="1" subjects_affected="1" subjects_at_risk="72"/>
              </event>
              <event>
                <sub_title>Coronary artery disease</sub_title>
                <counts group_id="E1" subjects_affected="1" subjects_at_risk="72"/>
              </event>
            </event_list>
          </category>
          <category>
            <title>Gastrointestinal disorders</title>
            <event_list>
              <event>
                <sub_title>Gastritis</sub_title>
                <counts group_id="E1" events="1" subjects_affected="1" subjects_at_risk="72"/>
              </event>
            </event_list>
          </category>
          <category>
            <title>Infections and infestations</title>
            <event_list>
              <event>
                <sub_title>Bronchitis</sub_title>
                <counts group_id="E1" events="1" subjects_affected="1" subjects_at_risk="72"/>
              </event>
              <event>
                <sub_title>Gastroenteritis</sub_title>
                <counts group_id="E1" events="1" subjects_affected="1" subjects_at_risk="72"/>
              </event>
              <event>
                <sub_title>Pneumonia</sub_title>
                <counts group_id="E1" events="1" subjects_affected="1" subjects_at_risk="72"/>
              </event>
            </event_list>
          </category>
          <category>
            <title>Injury, poisoning and procedural complications</title>
            <event_list>
              <event>
                <sub_title>Toxicity to various agents</sub_title>
                <counts group_id="E1" events="1" subjects_affected="1" subjects_at_risk="72"/>
              </event>
              <event>
                <sub_title>Craniocerebral injury</sub_title>
                <counts group_id="E1" events="1" subjects_affected="1" subjects_at_risk="72"/>
              </event>
            </event_list>
          </category>
          <category>
            <title>Metabolism and nutrition disorders</title>
            <event_list>
              <event>
                <sub_title>Hyponatraemia</sub_title>
                <counts group_id="E1" events="1" subjects_affected="1" subjects_at_risk="72"/>
              </event>
            </event_list>
          </category>
          <category>
            <title>Neoplasms benign, malignant and unspecified (incl cysts and polyps)</title>
            <event_list>
              <event>
                <sub_title>Glioblastoma multiforme</sub_title>
                <counts group_id="E1" events="1" subjects_affected="1" subjects_at_risk="72"/>
              </event>
              <event>
                <sub_title>Prostate cancer</sub_title>
                <counts group_id="E1" subjects_affected="1" subjects_at_risk="72"/>
              </event>
            </event_list>
          </category>
          <category>
            <title>Nervous system disorders</title>
            <event_list>
              <event>
                <sub_title>Altered state of consciousness</sub_title>
                <counts group_id="E1" events="1" subjects_affected="1" subjects_at_risk="72"/>
              </event>
              <event>
                <sub_title>Grand mal convulsion</sub_title>
                <counts group_id="E1" events="2" subjects_affected="2" subjects_at_risk="72"/>
              </event>
              <event>
                <sub_title>Ischaemic stroke</sub_title>
                <counts group_id="E1" events="1" subjects_affected="1" subjects_at_risk="72"/>
              </event>
              <event>
                <sub_title>Lacunar infarction</sub_title>
                <counts group_id="E1" events="1" subjects_affected="1" subjects_at_risk="72"/>
              </event>
              <event>
                <sub_title>Presyncope</sub_title>
                <counts group_id="E1" events="1" subjects_affected="1" subjects_at_risk="72"/>
              </event>
            </event_list>
          </category>
          <category>
            <title>Psychiatric disorders</title>
            <event_list>
              <event>
                <sub_title>Postictal psychosis</sub_title>
                <counts group_id="E1" events="1" subjects_affected="1" subjects_at_risk="72"/>
              </event>
            </event_list>
          </category>
          <category>
            <title>Respiratory, thoracic and mediastinal disorders</title>
            <event_list>
              <event>
                <sub_title>Upper airway obstruction</sub_title>
                <counts group_id="E1" events="1" subjects_affected="1" subjects_at_risk="72"/>
              </event>
            </event_list>
          </category>
        </category_list>
      </serious_events>
      <other_events>
        <frequency_threshold>5</frequency_threshold>
        <default_vocab>MedDRA (Unspecified)</default_vocab>
        <default_assessment>Systematic Assessment</default_assessment>
        <category_list>
          <category>
            <title>Total</title>
            <event_list>
              <event>
                <sub_title>Total, other adverse events</sub_title>
                <counts group_id="E1" subjects_affected="43" subjects_at_risk="72"/>
              </event>
            </event_list>
          </category>
          <category>
            <title>General disorders</title>
            <event_list>
              <event>
                <sub_title>Fatigue</sub_title>
                <counts group_id="E1" events="7" subjects_affected="6" subjects_at_risk="72"/>
              </event>
            </event_list>
          </category>
          <category>
            <title>Infections and infestations</title>
            <event_list>
              <event>
                <sub_title>Nasopharyngitis</sub_title>
                <counts group_id="E1" events="5" subjects_affected="5" subjects_at_risk="72"/>
              </event>
              <event>
                <sub_title>Upper respiratory tract infection</sub_title>
                <counts group_id="E1" events="5" subjects_affected="4" subjects_at_risk="72"/>
              </event>
            </event_list>
          </category>
          <category>
            <title>Metabolism and nutrition disorders</title>
            <event_list>
              <event>
                <sub_title>Hyponatraemia</sub_title>
                <counts group_id="E1" events="6" subjects_affected="6" subjects_at_risk="72"/>
              </event>
            </event_list>
          </category>
          <category>
            <title>Nervous system disorders</title>
            <event_list>
              <event>
                <sub_title>Dizziness</sub_title>
                <counts group_id="E1" events="11" subjects_affected="9" subjects_at_risk="72"/>
              </event>
              <event>
                <sub_title>Somnolence</sub_title>
                <counts group_id="E1" events="7" subjects_affected="7" subjects_at_risk="72"/>
              </event>
              <event>
                <sub_title>Convulsion</sub_title>
                <counts group_id="E1" events="6" subjects_affected="6" subjects_at_risk="72"/>
              </event>
            </event_list>
          </category>
        </category_list>
      </other_events>
    </reported_events>

    <certain_agreements>
      <pi_employee>Principal Investigators are NOT employed by the organization sponsoring the study.</pi_employee>
    </certain_agreements>
    <point_of_contact>
      <name_or_title>Director R&amp;D</name_or_title>
      <organization>BIAL – Portela &amp; Cª S.A.</organization>
      <phone>+351-229866100</phone>
      <email>clinical.trials@bial.com</email>
    </point_of_contact>
  </clinical_results>
</clinical_study>
