<?xml version="1.0" encoding="UTF-8"?>
<clinical_study rank="282">
  <!-- This xml conforms to an XML Schema at:
    https://clinicaltrials.gov/ct2/html/images/info/public.xsd
 and an XML DTD at:
    https://clinicaltrials.gov/ct2/html/images/info/public.dtd -->
  <required_header>
    <download_date>ClinicalTrials.gov processed this data on November 27, 2015</download_date>
    <link_text>Link to the current ClinicalTrials.gov record.</link_text>
    <url>https://clinicaltrials.gov/show/NCT01884766</url>
  </required_header>
  <id_info>
    <org_study_id>EKBB 352/12</org_study_id>
    <nct_id>NCT01884766</nct_id>
  </id_info>
  <brief_title>Copeptin in Childhood Epilepsy</brief_title>
  <acronym>EpiCop</acronym>
  <official_title>Prospective Study on Copeptin in Childhood Epilepsy</official_title>
  <sponsors>
    <lead_sponsor>
      <agency>University Hospital, Basel, Switzerland</agency>
      <agency_class>Other</agency_class>
    </lead_sponsor>
    <collaborator>
      <agency>University Children's Hospital Basel</agency>
      <agency_class>Other</agency_class>
    </collaborator>
  </sponsors>
  <source>University Hospital, Basel, Switzerland</source>
  <oversight_info>
    <authority>Switzerland: Ethikkommission</authority>
    <has_dmc>Yes</has_dmc>
  </oversight_info>
  <brief_summary>
    <textblock>
      In many fields of medicine, except seizure disorders, blood biomarkers have captured an
      integrated part of diagnostic decision making, including copeptin, the surrogate marker of
      vasopressin release. There are strong arguments to hypothesize circulating copeptin is
      elevated in epilepsy, especially in generalized seizures such as fever seizures (FS), and
      that copeptin is predictive for complexity and relapse at least in FS. Although long-term
      morbidity and mortality are both low in FS, there is high anxiety among parents because of a
      lack of criterions to identify children at risk for relapse. Copeptin may fill this gap by
      adding important diagnostic and prognostic information. Eventually, less children may
      receive needlessly over years fever drugs or anti-epileptic drugs.
    </textblock>
  </brief_summary>
  <detailed_description>
    <textblock>
      Background:

      Copeptin is a surrogate marker of the pituitary-secreted nonapeptide arginine-vasopressin
      (AVP) and has gradually replaced AVP in several clinical studies largely due to its
      structural and methodological advantages. Copeptin is a marker of non-specific stress
      response, and has been suggested to have clinical implications in a variety of
      cardiovascular and non-cardiovascular conditions. However, up to now there are no data
      available on copeptin in seizure disorders, neither in adults nor in children.

      Working hypotheses:

        1. Circulating copeptin concentrations are increased after generalized seizures, including
           FS.

        2. Copeptin is predictive for complexity and relapse in FS.

      Specific aims:

        1. to determine copeptin concentrations in children below six years after generalized
           seizures, either unrelated or related to fever (FS), and in control children below six
           years without seizures.

        2. to compare copeptin concentrations with blood-gas parameters (including hydrogen ion
           concentration (pH), base deficiency, and carbon dioxide), lactate, sodium, chloride, C
           reactive protein (CRP), and prolactin.
    </textblock>
  </detailed_description>
  <overall_status>Recruiting</overall_status>
  <start_date>April 2013</start_date>
  <completion_date type="Anticipated">December 2016</completion_date>
  <primary_completion_date type="Anticipated">June 2016</primary_completion_date>
  <phase>N/A</phase>
  <study_type>Observational</study_type>
  <study_design>Time Perspective: Prospective</study_design>
  <primary_outcome>
    <measure>Copeptin concentration in serum</measure>
    <time_frame>at admission</time_frame>
    <safety_issue>No</safety_issue>
  </primary_outcome>
  <secondary_outcome>
    <measure>base excess in blood gas analysis</measure>
    <time_frame>at admission</time_frame>
    <safety_issue>No</safety_issue>
  </secondary_outcome>
  <secondary_outcome>
    <measure>prolactin</measure>
    <time_frame>at admission</time_frame>
    <safety_issue>No</safety_issue>
  </secondary_outcome>
  <secondary_outcome>
    <measure>duration of seizures</measure>
    <time_frame>at admission</time_frame>
    <safety_issue>No</safety_issue>
  </secondary_outcome>
  <secondary_outcome>
    <measure>Short term relapse of seizures</measure>
    <time_frame>24 hours after first presentation</time_frame>
    <safety_issue>No</safety_issue>
  </secondary_outcome>
  <secondary_outcome>
    <measure>sodium concentration</measure>
    <time_frame>at admission</time_frame>
    <safety_issue>No</safety_issue>
  </secondary_outcome>
  <secondary_outcome>
    <measure>osmolality</measure>
    <time_frame>at admission</time_frame>
    <safety_issue>No</safety_issue>
  </secondary_outcome>
  <secondary_outcome>
    <measure>hydrogen ion activity in blood gas analysis</measure>
    <time_frame>at admission</time_frame>
    <safety_issue>No</safety_issue>
    <description>hydrogen ion activity = pH</description>
  </secondary_outcome>
  <other_outcome>
    <measure>number of repeated events of seizures</measure>
    <time_frame>12 month</time_frame>
    <safety_issue>No</safety_issue>
    <description>relapse of seizures within 12 month</description>
  </other_outcome>
  <number_of_groups>2</number_of_groups>
  <enrollment type="Anticipated">350</enrollment>
  <condition>Epilepsy</condition>
  <condition>Febrile Seizures</condition>
  <condition>Children</condition>
  <arm_group>
    <arm_group_label>Epilepsy</arm_group_label>
    <description>All kind of epilepsy, including febrile seizures</description>
  </arm_group>
  <arm_group>
    <arm_group_label>Control</arm_group_label>
    <description>children without seizures at presentation in the emergency but fever due to banal infections</description>
  </arm_group>
  <biospec_retention>Samples Without DNA</biospec_retention>
  <biospec_descr>
    <textblock>
      Serum
    </textblock>
  </biospec_descr>
  <eligibility>
    <study_pop>
      <textblock>
        Children below six years presenting at the emergency unit of one tertiary university
        children's hospital
      </textblock>
    </study_pop>
    <sampling_method>Non-Probability Sample</sampling_method>
    <criteria>
      <textblock>
        Inclusion Criteria epilepsy-cohort:

          -  All kind of seizures leading to presentation

          -  Age below 6 years

        Inclusion Criteria control-cohort:

          -  Fever without seizures caused by banal infections

          -  Age below 6 years

        Exclusion Criteria:

          -  No blood required for medical reasons
      </textblock>
    </criteria>
    <gender>Both</gender>
    <minimum_age>N/A</minimum_age>
    <maximum_age>5 Years</maximum_age>
    <healthy_volunteers>No</healthy_volunteers>
  </eligibility>
  <overall_official>
    <last_name>Sven Wellmann, MD</last_name>
    <role>Principal Investigator</role>
    <affiliation>University Children's Hospital Basel, 4056 Basel, Switzerland</affiliation>
  </overall_official>
  <overall_contact>
    <last_name>Sven Wellmann, MD</last_name>
    <email>sven.wellmann@ukbb.ch</email>
  </overall_contact>
  <overall_contact_backup>
    <last_name>Benjamin Stoecklin, MD</last_name>
  </overall_contact_backup>
  <location>
    <facility>
      <name>University Children's Hospital Basel</name>
      <address>
        <city>Basel</city>
        <zip>4056</zip>
        <country>Switzerland</country>
      </address>
    </facility>
    <status>Recruiting</status>
    <contact>
      <last_name>Benjamin Stoecklin, MD</last_name>
      <email>benjamin.stoecklin@ukbb.ch</email>
    </contact>
    <investigator>
      <last_name>Benjamin Stoecklin, MD</last_name>
      <role>Sub-Investigator</role>
    </investigator>
  </location>
  <location_countries>
    <country>Switzerland</country>
  </location_countries>
  <verification_date>November 2015</verification_date>
  <lastchanged_date>November 23, 2015</lastchanged_date>
  <firstreceived_date>May 10, 2013</firstreceived_date>
  <responsible_party>
    <responsible_party_type>Sponsor</responsible_party_type>
  </responsible_party>
  <is_fda_regulated>No</is_fda_regulated>
  <has_expanded_access>No</has_expanded_access>
  <condition_browse>
    <!-- CAUTION:  The following MeSH terms are assigned with an imperfect algorithm  -->
    <mesh_term>Epilepsy</mesh_term>
    <mesh_term>Seizures, Febrile</mesh_term>
  </condition_browse>
  <!-- Results have not yet been posted for this study                                -->
</clinical_study>
