<?xml version="1.0" encoding="UTF-8"?>
<clinical_study rank="60">
  <!-- This xml conforms to an XML Schema at:
    https://clinicaltrials.gov/ct2/html/images/info/public.xsd
 and an XML DTD at:
    https://clinicaltrials.gov/ct2/html/images/info/public.dtd -->
  <required_header>
    <download_date>ClinicalTrials.gov processed this data on December 01, 2015</download_date>
    <link_text>Link to the current ClinicalTrials.gov record.</link_text>
    <url>https://clinicaltrials.gov/show/NCT00236704</url>
  </required_header>
  <id_info>
    <org_study_id>CR005455</org_study_id>
    <nct_id>NCT00236704</nct_id>
  </id_info>
  <brief_title>A Study of the Efficacy and Safety of Topiramate as &quot;Add on&quot; Treatment in Epilepsy Patients With Primary Generalized Tonic-clonic Seizures</brief_title>
  <official_title>Topiramate Clinical Trial in Primary Generalized Tonic-Clonic Seizures</official_title>
  <sponsors>
    <lead_sponsor>
      <agency>Johnson &amp; Johnson Pharmaceutical Research &amp; Development, L.L.C.</agency>
      <agency_class>Industry</agency_class>
    </lead_sponsor>
  </sponsors>
  <source>Johnson &amp; Johnson Pharmaceutical Research &amp; Development, L.L.C.</source>
  <oversight_info>
    <authority>United States: Food and Drug Administration</authority>
  </oversight_info>
  <brief_summary>
    <textblock>
      The purpose of this study is to evaluate the effectiveness and safety of topiramate as an
      add-on therapy in epilepsy patients with uncontrolled primary generalized tonic-clonic
      seizures, who are taking 1 or 2 standard antiepileptic drugs.
    </textblock>
  </brief_summary>
  <detailed_description>
    <textblock>
      Epilepsy is a disease characterized by seizures, which are abnormal electrical discharges in
      the brain that temporarily disrupt normal brain function. Seizures are classified as
      &quot;generalized,&quot; involving all or most of the brain at the same time, or &quot;partial onset,&quot;
      starting in one area of the brain. Generalized tonic-clonic seizures are also referred to as
      grand mal seizures and are common in people with generalized epilepsy in which the cause is
      not known. In a tonic-clonic seizure, the person loses consciousness, the body stiffens
      (tonic phase), and then the individual falls to the ground. This is followed by jerking
      movements in which the muscles contract and relax quickly (clonic phase). After a minute or
      two, the jerking movements usually stop, and the person regains consciousness. Antiepileptic
      medications, such as topiramate, are selected based on a patient's seizure type. Topiramate
      is a drug that is currently widely used for the treatment of seizures in adults and
      pediatric patients (2 to 16 years of age). This is a randomized, double-blind,
      parallel-group, placebo-controlled study to evaluate the effectiveness and safety of
      topiramate as adjunctive therapy in patients with primary generalized tonic-clonic (PGTC)
      seizures. The study is composed of two phases: baseline (8 weeks) and double-blind treatment
      (20 weeks). Patients are given diaries to record information about their seizures during the
      phases of the study. During the baseline phase, the patient continues to receive a constant
      dosage of the 1 or 2 antiepileptic drugs they have been taking. In the double-blind phase,
      patients are randomly assigned to either topiramate or placebo. The double-blind phase is
      divided into two periods: titration, in which the topiramate dose is gradually increased (8
      weeks) (patient's antiepileptic medication continues; this dose remains the same) and
      stabilization (12 weeks). The dose of both topiramate and the patient's antiepileptic drug
      remain constant during the stabilization period. Based on the investigator's judgment,
      patients completing the double-blind treatment could enter a long-term extension phase of
      the study to continue treatment. The primary assessment of effectiveness is the percent
      reduction in primary generalized tonic-clonic seizure rates from baseline to the
      double-blind phase. Safety assessments include the frequency of adverse events during the
      study, results of clinical laboratory tests (hematology, biochemistry, and urinalysis),
      measurements of vital signs and body weight, physical examination and electrocardiogram
      findings, plasma levels of topiramate and other study antiepileptic drugs, and neurological
      examinations. The study hypothesis is that topiramate is superior to placebo in reducing the
      seizure rate from baseline to the end of the double-blind phase of the study and is well
      tolerated. Topiramate (25 mg or 100 mg tablets), or placebo, taken by mouth, starting at a
      dose of 25 or 50mg/day, gradually increasing over 8 weeks, to a maximum daily dose of 175mg
      to 400mg (based on body weight) or to a maximum tolerated dose (whichever dose is less).
      Maximum dosage continues for 12 weeks.
    </textblock>
  </detailed_description>
  <overall_status>Completed</overall_status>
  <start_date>March 1994</start_date>
  <completion_date type="Actual">December 1999</completion_date>
  <phase>Phase 3</phase>
  <study_type>Interventional</study_type>
  <study_design>Allocation: Randomized, Endpoint Classification: Safety/Efficacy Study, Intervention Model: Parallel Assignment, Masking: Double-Blind, Primary Purpose: Treatment</study_design>
  <primary_outcome>
    <measure>Percent reduction from baseline in primary generalized tonic-clonic (PGTC) seizure rates in the double-blind phase.</measure>
  </primary_outcome>
  <secondary_outcome>
    <measure>Percent of treatment responders; safety evaluations conducted throughout the study.</measure>
  </secondary_outcome>
  <enrollment type="Actual">80</enrollment>
  <condition>Epilepsy</condition>
  <condition>Seizures</condition>
  <intervention>
    <intervention_type>Drug</intervention_type>
    <intervention_name>topiramate</intervention_name>
  </intervention>
  <eligibility>
    <criteria>
      <textblock>
        Inclusion Criteria:

          -  Body weight &gt;25 kilograms (55 pounds)

          -  diagnosis of primary generalized epilepsy

          -  must have primary generalized tonic-clonic (PGTC) seizures treated with 1 or 2
             antiepileptic drugs

          -  must have three primary generalized tonic-clonic (PGTC) seizures during baseline
             period, with at least 1 during each 28-day period of baseline

          -  females must not have had their first menstrual period or be postmenopausal, or are
             physically incapable of child bearing, or if of child bearing potential, sexually
             abstinent, or using adequate birth control measures, and have a negative pregnancy
             test before study entry.

        Exclusion Criteria:

          -  Patients who do not have epilepsy, such as those with a treatable cause of seizure
             (for example active infection or cancer)

          -  patients with progressive disorders (for example, active infection, cancer or
             metabolic disturbance)

          -  patients diagnosed with Lennox-Gastaut syndrome

          -  history of seizures occurring in only cluster patterns (numerous seizures occurring
             over a short period of time [&lt;30 minutes])

          -  documented history (previous 3 months) of generalized tonic-clonic status epilepticus
             (status epilepticus is a prolonged seizure or seizures repeated frequently over 20 to
             30 minutes so that recovery between episodes does not occur) while receiving
             appropriate antiepileptic medication
      </textblock>
    </criteria>
    <gender>Both</gender>
    <minimum_age>4 Years</minimum_age>
    <maximum_age>N/A</maximum_age>
    <healthy_volunteers>No</healthy_volunteers>
  </eligibility>
  <overall_official>
    <last_name>Johnson &amp; Johnson Pharmaceutical Research &amp; Development, L.L. C. Clinical Trial</last_name>
    <role>Study Director</role>
    <affiliation>Johnson &amp; Johnson Pharmaceutical Research &amp; Development, L.L.C.</affiliation>
  </overall_official>
  <link>
    <url>http://filehosting.pharmacm.com/DownloadService.ashx?client=CTR_JNJ_6051&amp;studyid=644&amp;filename=CR005455_CSR.pdf</url>
    <description>A study of the efficacy and safety of topiramate in patients with primary generalized tonic-clonic seizures</description>
  </link>
  <results_reference>
    <citation>Biton V, Montouris GD, Ritter F, Riviello JJ, Reife R, Lim P, Pledger G. A randomized, placebo-controlled study of topiramate in primary generalized tonic-clonic seizures. Topiramate YTC Study Group. Neurology. 1999 Apr 22;52(7):1330-7. Erratum in: Neurology 1999 Sep 22;53(5):1162.</citation>
    <PMID>10227614</PMID>
  </results_reference>
  <verification_date>January 2011</verification_date>
  <lastchanged_date>June 6, 2011</lastchanged_date>
  <firstreceived_date>October 7, 2005</firstreceived_date>
  <keyword>Epilepsy</keyword>
  <keyword>Seizures</keyword>
  <keyword>Topiramate</keyword>
  <keyword>Prophylaxis</keyword>
  <keyword>Antiepileptic</keyword>
  <keyword>Tonic-clonic seizures</keyword>
  <keyword>Grand mal seizures</keyword>
  <condition_browse>
    <!-- CAUTION:  The following MeSH terms are assigned with an imperfect algorithm  -->
    <mesh_term>Epilepsy</mesh_term>
    <mesh_term>Seizures</mesh_term>
  </condition_browse>
  <intervention_browse>
    <!-- CAUTION:  The following MeSH terms are assigned with an imperfect algorithm  -->
    <mesh_term>Topiramate</mesh_term>
  </intervention_browse>
  <!-- Results have not yet been posted for this study                                -->
</clinical_study>
