<?xml version="1.0" encoding="UTF-8"?>
<clinical_study rank="432">
  <!-- This xml conforms to an XML Schema at:
    https://clinicaltrials.gov/ct2/html/images/info/public.xsd
 and an XML DTD at:
    https://clinicaltrials.gov/ct2/html/images/info/public.dtd -->
  <required_header>
    <download_date>ClinicalTrials.gov processed this data on November 27, 2015</download_date>
    <link_text>Link to the current ClinicalTrials.gov record.</link_text>
    <url>https://clinicaltrials.gov/show/NCT01268904</url>
  </required_header>
  <id_info>
    <org_study_id>0098-10-HYMC</org_study_id>
    <nct_id>NCT01268904</nct_id>
  </id_info>
  <brief_title>Safety and Efficacy of Intravenous Valproate in Pediatric Status Epilepticus and Acute Repetitive Seizures</brief_title>
  <sponsors>
    <lead_sponsor>
      <agency>Hillel Yaffe Medical Center</agency>
      <agency_class>Other</agency_class>
    </lead_sponsor>
  </sponsors>
  <source>Hillel Yaffe Medical Center</source>
  <oversight_info>
    <authority>Israel: Ministry of Health</authority>
  </oversight_info>
  <brief_summary>
    <textblock>
      To evaluate the safety and efficacy of intravenous valproate in pediatric status epilepticus
      and acute repetitive seizures as part of seizure treatment protocol in pediatric ER
    </textblock>
  </brief_summary>
  <overall_status>Not yet recruiting</overall_status>
  <start_date>January 2011</start_date>
  <completion_date type="Anticipated">August 2013</completion_date>
  <primary_completion_date type="Anticipated">July 2013</primary_completion_date>
  <phase>N/A</phase>
  <study_type>Observational</study_type>
  <study_design>Observational Model: Case-Only, Time Perspective: Prospective</study_design>
  <primary_outcome>
    <measure>Safety of intravenous valproate in pediatric status epilepticus</measure>
    <time_frame>One week</time_frame>
    <safety_issue>Yes</safety_issue>
  </primary_outcome>
  <secondary_outcome>
    <measure>Efficacy of intravenous valproate in pediatric status epilepticus</measure>
    <time_frame>One week</time_frame>
    <safety_issue>No</safety_issue>
  </secondary_outcome>
  <number_of_groups>1</number_of_groups>
  <enrollment type="Anticipated">50</enrollment>
  <condition>Status Epilepticus</condition>
  <arm_group>
    <arm_group_label>Pediatric status epilepticus</arm_group_label>
  </arm_group>
  <intervention>
    <intervention_type>Drug</intervention_type>
    <intervention_name>Valproate</intervention_name>
    <description>Intravenous valproate application to pediatric patients suffering from status epilepticus and acute repetitive seizures</description>
    <arm_group_label>Pediatric status epilepticus</arm_group_label>
  </intervention>
  <eligibility>
    <study_pop>
      <textblock>
        Pediatric inpatients and emergency patients
      </textblock>
    </study_pop>
    <sampling_method>Probability Sample</sampling_method>
    <criteria>
      <textblock>
        Inclusion Criteria:

          -  Child with clinical presentation of status epilepticus

        Exclusion Criteria:

          -  All others
      </textblock>
    </criteria>
    <gender>Both</gender>
    <minimum_age>6 Months</minimum_age>
    <maximum_age>18 Years</maximum_age>
    <healthy_volunteers>No</healthy_volunteers>
  </eligibility>
  <overall_contact>
    <last_name>Iyad Magadly, MD</last_name>
    <phone>972-4-6304331</phone>
    <email>magadly@gmail.com</email>
  </overall_contact>
  <location>
    <facility>
      <name>Hillel Yaffe Medical Center</name>
      <address>
        <city>Hadera</city>
        <zip>38100</zip>
        <country>Israel</country>
      </address>
    </facility>
    <status>Not yet recruiting</status>
    <investigator>
      <last_name>Iyad Magadly, MD</last_name>
      <role>Principal Investigator</role>
    </investigator>
  </location>
  <location_countries>
    <country>Israel</country>
  </location_countries>
  <verification_date>December 2010</verification_date>
  <lastchanged_date>December 30, 2010</lastchanged_date>
  <firstreceived_date>December 30, 2010</firstreceived_date>
  <responsible_party>
    <name_title>Iyad Magadly</name_title>
    <organization>Hillel Yaffe Medical Center</organization>
  </responsible_party>
  <is_fda_regulated>No</is_fda_regulated>
  <has_expanded_access>No</has_expanded_access>
  <condition_browse>
    <!-- CAUTION:  The following MeSH terms are assigned with an imperfect algorithm  -->
    <mesh_term>Status Epilepticus</mesh_term>
  </condition_browse>
  <intervention_browse>
    <!-- CAUTION:  The following MeSH terms are assigned with an imperfect algorithm  -->
    <mesh_term>Valproic Acid</mesh_term>
  </intervention_browse>
  <!-- Results have not yet been posted for this study                                -->
</clinical_study>
