<?xml version="1.0" encoding="UTF-8"?>
<clinical_study rank="483">
  <!-- This xml conforms to an XML Schema at:
    https://clinicaltrials.gov/ct2/html/images/info/public.xsd
 and an XML DTD at:
    https://clinicaltrials.gov/ct2/html/images/info/public.dtd -->
  <required_header>
    <download_date>ClinicalTrials.gov processed this data on November 27, 2015</download_date>
    <link_text>Link to the current ClinicalTrials.gov record.</link_text>
    <url>https://clinicaltrials.gov/show/NCT01431963</url>
  </required_header>
  <id_info>
    <org_study_id>115376</org_study_id>
    <nct_id>NCT01431963</nct_id>
  </id_info>
  <brief_title>Clinical Study of Lamotrigine to Treat Newly Diagnosed Epilepsy</brief_title>
  <official_title>A Multi-center, Uncontrolled, Open-label, Evaluation of Lamotrigine Monotherapy in Newly Diagnosed Epilepsy or Recurrent Epilepsy (Currently Untreated)</official_title>
  <sponsors>
    <lead_sponsor>
      <agency>GlaxoSmithKline</agency>
      <agency_class>Industry</agency_class>
    </lead_sponsor>
  </sponsors>
  <source>GlaxoSmithKline</source>
  <oversight_info>
    <authority>Japan: Ministry of Health, Labor and Welfare</authority>
    <has_dmc>No</has_dmc>
  </oversight_info>
  <brief_summary>
    <textblock>
      This is a multi-center, uncontrolled, open-label study conducted in Japan and South Korea to
      evaluate the efficacy and safety of lamotrigine monotherapy in subjects with newly diagnosed
      epilepsy and those with recurrent epilepsy (currently untreated).

      The study is composed of baseline, escalation phase, maintenance phase, taper phase and post
      study examination. During the escalation phase, the investigational product is administered
      orally at 25 mg/day for 2 weeks, then 50 mg/day for 2 weeks and finally 100 mg/day for 2
      weeks. During the maintenance phase, 200 mg/day is administered orally for 24 weeks.
      However, the dose can be decreased to 100 mg/day if there are safety concerns. Also, if it
      is confirmed that the seizures cannot be controlled at the dose of 200 mg/day, the dose can
      be gradually increased up to 400 mg/day by 50-100 mg/day at intervals of at least 1 week. As
      a rule, lamotrigine should be administered once daily (in the evening), but the dose
      exceeding 200 mg/day can be administered in two divided doses (in the morning and evening).
      After the completion of maintenance phase, Japanese subjects who have responded to
      lamotrigine without tolerability issues are eligible to enter an extension phase of the
      study if indicated, until either approval of this indication (monotherapy in epilepsy) or
      after 24 months after LSLV (Last Subject's Last Visit) of the maintenance phase, whichever
      is sooner.
    </textblock>
  </brief_summary>
  <overall_status>Completed</overall_status>
  <start_date>September 2011</start_date>
  <completion_date type="Actual">September 2014</completion_date>
  <primary_completion_date type="Actual">March 2013</primary_completion_date>
  <phase>Phase 3</phase>
  <study_type>Interventional</study_type>
  <study_design>Allocation: Non-Randomized, Endpoint Classification: Efficacy Study, Intervention Model: Single Group Assignment, Masking: Open Label, Primary Purpose: Treatment</study_design>
  <primary_outcome>
    <measure>Number of Participants Who Were Seizure Free in the Maintenance Phase (Across Seizure Types and by Seizure Type Within 6 Months Prior to the Start of the Study)</measure>
    <time_frame>Weeks 7 to 30</time_frame>
    <safety_issue>No</safety_issue>
    <description>Participants were considered to be seizure free if they did not report any seizures during the Maintenance Phase. Seizure types are defined as: ALL=any type of seizure; A: simple partial seizures, B: complex partial seizures; C: partial seizures evolving to secondary generation seizures; D5: tonic-clonic seizures. Simple partial seizures are seizures that affect only a small region of the brain, often the temporal lobes or hippocampi. Complex partial seizures are epileptic seizures that are associated with bilateral cerebral hemisphere involvement and cause impairment of awareness or responsiveness. Partial seizures evolving to secondary generation seizures are seizures that start as partial seizures, then spread to include the entire brain. Tonic-clonic seizures are a type of generalized seizure that affects the entire brain.</description>
  </primary_outcome>
  <secondary_outcome>
    <measure>Time to Withdrawal/Dropout From the Study (Across Seizure Types and by Seizure Type in Past 6 Months in the Escalation and Maintenance Phases)</measure>
    <time_frame>up to Week 30</time_frame>
    <safety_issue>No</safety_issue>
    <description>Time to withdrawal is defined as the time from the start of treatment until withdrawal from the study. Seizure types are defined as: ALL=any type of seizure; A: simple partial seizures, B: complex partial seizures; C: partial seizures evolving to secondary generation seizures; D5: tonic-clonic seizures. Simple partial seizures are seizures which affect only a small region of the brain, often the temporal lobes or hippocampi. Simple partial seizures are seizures that affect only a small region of the brain, often the temporal lobes or hippocampi. Complex partial seizures are epileptic seizures that are associated with bilateral cerebral hemisphere involvement and cause impairment of awareness or responsiveness. Partial seizures evolving to secondary generation seizures are seizures that start as partial seizures, then spread to include the entire brain. Tonic-clonic seizures are a type of generalized seizure that affects the entire brain.</description>
  </secondary_outcome>
  <secondary_outcome>
    <measure>Time to the First Seizure in the Maintenance Phase (Across Seizure Types and by Seizure Type)</measure>
    <time_frame>Weeks 7 to 30</time_frame>
    <safety_issue>No</safety_issue>
    <description>The time to the first seizure in the Maintenance Phase is measured at the time the first seizure occurred in the Maintenance Phase. Seizure types are defined as: ALL=any type of seizure; A: simple partial seizures, B: complex partial seizures; C: partial seizures evolving to secondary generation seizures; D5: tonic-clonic seizures. Simple partial seizures are seizures that affect only a small region of the brain, often the temporal lobes or hippocampi. Complex partial seizures are epileptic seizures that are associated with bilateral cerebral hemisphere involvement and cause impairment of awareness or responsiveness. Partial seizures evolving to secondary generation seizures are seizures that start as partial seizures, then spread to include the entire brain. Tonic-clonic seizures are a type of generalized seizure that affects the entire brain.</description>
  </secondary_outcome>
  <number_of_arms>1</number_of_arms>
  <enrollment type="Actual">70</enrollment>
  <condition>Epilepsy</condition>
  <arm_group>
    <arm_group_label>Lamotrigine</arm_group_label>
    <arm_group_type>Experimental</arm_group_type>
    <description>No comparison.</description>
  </arm_group>
  <intervention>
    <intervention_type>Drug</intervention_type>
    <intervention_name>Lamictal</intervention_name>
    <description>No comparison.</description>
    <arm_group_label>Lamotrigine</arm_group_label>
  </intervention>
  <eligibility>
    <criteria>
      <textblock>
        Inclusion Criteria:

          1. Target disease: Subjects with newly diagnosed epilepsy or recurrent epilepsy which is
             untreated, having the following seizure types as classified by the International
             Classification of Seizures.

               -  Partial seizures (with or without secondarily generalisation)

               -  Generalized tonic-clonic seizures without focal onset, with or without myoclonus
                  but without other generalized seizure type(s).

          2. Subjects have a confident diagnosis of epilepsy uncomplicated by pseudoseizures
             (psychogenic nonepileptic seizures).

          3. Subjects have had at least 2 seizures in the previous 6 months with at least 1
             seizure in the previous 3 months.

          4. Age: ≥16 years (at the time of obtaining consent)

          5. Outpatients

          6. Subjects are able to write a seizure diary.

          7. Subjects understand and sign written informed consent. If a subject is under 20 years
             at the time of obtaining consent, a subject and a legally acceptable representative
             (e.g., a parent or a custodian) sign written consent to participate in this study.

          8. Gender: Male or female If female, and of childbearing potential, be using an
             acceptable form of birth control.

          9. QTc&lt;450 millisecond (msec) or &lt;480msec for subjects with Bundle Branch Block - values
             based on either single ECG values or triplicate ECG averaged QTc values obtained over
             a brief recording period.

         10. Subjects are able to comply with dosing of investigational products and all study
             procedures.

        Exclusion Criteria:

          1. Subjects having seizure types other than partial seizure or generalized tonic clonic
             seizures with or without myoclonus. Subjects having status epilepticus within the 6
             months prior to the start of study treatment.

          2. Subjects with a history of treatment with AEDs (≥2 weeks) during 6 months before the
             start of treatment with the investigational product.

          3. Subjects with a history of treatment with lamotrigine.

          4. Subjects with a history of rash associated with other AED treatment.

          5. Subjects with a history of substance (including alcohol and drugs) dependence within
             12 months before the start of investigational product or abuse within 1 month before
             the start of investigational product according to DSM-IV-TR.

          6. Subjects with an acute or chronic illness likely to impair drug absorption,
             distribution, metabolism or excretion or with any unstable physical symptoms likely
             to require hospitalization during participation in the study.

          7. Subjects with a severe psychiatric disorder which affects the procedure of study or
             drug assessment.

          8. Subjects with an acute or progressive neurological disorder or an organic disease.

          9. Subjects with any clinically significant chronic cardiac, renal, or hepatic medical
             condition. Any patient with these conditions are excluded from the study even if
             these conditions are being controlled with chronic therapy.

         10. Subjects with an unstable liver disease (as defined by the presence of ascites,
             encephalopathy, coagulopathy, hypoalbuminaemia, oesophageal or gastric varices or
             persistent jaundice), cirrhosis, known biliary abnormalities (with the exception of
             Gilbert's syndrome or asymptomatic gallstones).

         11. Female subjects who are pregnant or lactating, who may be pregnant, or who plan for
             pregnancy during the study.

         12. Subjects taking inducers of lamotrigine glucuronidation (i.e., rifampicin,
             lopinavir/ritonavir), atazanavir/ritonavir, risperidone, oral contraceptives or
             hormone drug which includes estrogen.

         13. Subjects having participated in other clinical study within 3 months before the start
             of investigational product.

         14. Subjects who have active suicidal plan/intent or have had active suicidal thoughts in
             the past 3 months before the start of investigational product or who have history of
             suicide attempt in the last 1 year before the start of investigational product or
             more than 1 lifetime suicide attempt.

         15. Subjects whom the investigator or subinvestigator considers ineligible for the study.
      </textblock>
    </criteria>
    <gender>Both</gender>
    <minimum_age>16 Years</minimum_age>
    <maximum_age>N/A</maximum_age>
    <healthy_volunteers>No</healthy_volunteers>
  </eligibility>
  <overall_official>
    <last_name>GSK Clinical Trials</last_name>
    <role>Study Director</role>
    <affiliation>GlaxoSmithKline</affiliation>
  </overall_official>
  <location>
    <facility>
      <name>GSK Investigational Site</name>
      <address>
        <city>Fukuoka</city>
        <zip>807-8555</zip>
        <country>Japan</country>
      </address>
    </facility>
  </location>
  <location>
    <facility>
      <name>GSK Investigational Site</name>
      <address>
        <city>Ibaraki</city>
        <zip>317-0077</zip>
        <country>Japan</country>
      </address>
    </facility>
  </location>
  <location>
    <facility>
      <name>GSK Investigational Site</name>
      <address>
        <city>Kagoshima</city>
        <zip>892-0844</zip>
        <country>Japan</country>
      </address>
    </facility>
  </location>
  <location>
    <facility>
      <name>GSK Investigational Site</name>
      <address>
        <city>Kyoto</city>
        <zip>611-0042</zip>
        <country>Japan</country>
      </address>
    </facility>
  </location>
  <location>
    <facility>
      <name>GSK Investigational Site</name>
      <address>
        <city>Miyagi</city>
        <zip>980-8574</zip>
        <country>Japan</country>
      </address>
    </facility>
  </location>
  <location>
    <facility>
      <name>GSK Investigational Site</name>
      <address>
        <city>Nara</city>
        <zip>634-8522</zip>
        <country>Japan</country>
      </address>
    </facility>
  </location>
  <location>
    <facility>
      <name>GSK Investigational Site</name>
      <address>
        <city>Niigata</city>
        <zip>950-1197</zip>
        <country>Japan</country>
      </address>
    </facility>
  </location>
  <location>
    <facility>
      <name>GSK Investigational Site</name>
      <address>
        <city>Niigata</city>
        <zip>950-2085</zip>
        <country>Japan</country>
      </address>
    </facility>
  </location>
  <location>
    <facility>
      <name>GSK Investigational Site</name>
      <address>
        <city>Okayama</city>
        <zip>703-8265</zip>
        <country>Japan</country>
      </address>
    </facility>
  </location>
  <location>
    <facility>
      <name>GSK Investigational Site</name>
      <address>
        <city>Osaka</city>
        <zip>560-8565</zip>
        <country>Japan</country>
      </address>
    </facility>
  </location>
  <location>
    <facility>
      <name>GSK Investigational Site</name>
      <address>
        <city>Shizuoka</city>
        <zip>430-8558</zip>
        <country>Japan</country>
      </address>
    </facility>
  </location>
  <location>
    <facility>
      <name>GSK Investigational Site</name>
      <address>
        <city>Seoul</city>
        <zip>110-744</zip>
        <country>Korea, Republic of</country>
      </address>
    </facility>
  </location>
  <location>
    <facility>
      <name>GSK Investigational Site</name>
      <address>
        <city>Seoul</city>
        <zip>135-710</zip>
        <country>Korea, Republic of</country>
      </address>
    </facility>
  </location>
  <location_countries>
    <country>Japan</country>
    <country>Korea, Republic of</country>
  </location_countries>
  <verification_date>April 2015</verification_date>
  <lastchanged_date>May 11, 2015</lastchanged_date>
  <firstreceived_date>September 1, 2011</firstreceived_date>
  <firstreceived_results_date>September 26, 2013</firstreceived_results_date>
  <responsible_party>
    <responsible_party_type>Sponsor</responsible_party_type>
  </responsible_party>
  <is_fda_regulated>No</is_fda_regulated>
  <has_expanded_access>No</has_expanded_access>
  <condition_browse>
    <!-- CAUTION:  The following MeSH terms are assigned with an imperfect algorithm  -->
    <mesh_term>Epilepsy</mesh_term>
  </condition_browse>
  <intervention_browse>
    <!-- CAUTION:  The following MeSH terms are assigned with an imperfect algorithm  -->
    <mesh_term>Lamotrigine</mesh_term>
  </intervention_browse>

  <clinical_results>

    <participant_flow>
      <recruitment_details>A total of 70 participants were enrolled; 3 participants were screened but withdrew from the study before prescription of the first investigational product (67), and only 65 of the participants received at least one dose of the investigational product which comprised the safety population.</recruitment_details>
      <pre_assignment_details>The study consisted of a 6-week Escalation Phase, a 24-week Maintenance Phase (MP), a &gt;=2-week Taper Phase, and a post-study examination conducted within 1-4 weeks after the last dose of lamotrigine. In Japan only, the Extension Phase was conducted until either approval for this indication or after 24 months after Last Subject Last Visit in the MP.</pre_assignment_details>
      <group_list>
        <group group_id="P1">
          <title>Lamotrigine</title>
          <description>In the EP, lamotrigine 25 milligrams per day (mg/day) was orally administered once daily (QD; in the evening [PM]) as the initial dose from Week (W) 1 to W2. As a fixed dose escalation, lamotrigine 50 mg/day was orally administered QD (in the PM) from W3 to W4; 100 mg/day was administered from W5 to W6. In the MP, lamotrigine 200 mg/day was orally administered QD (in the PM) from W7 to W30. The dose could have been decreased to 100 mg/day per safety concerns. Per investigator discretion, the investigational product was discontinued if safety concerns remained. If the 200 mg/day dose did not control seizures, the dose could have been increased up to 400 mg/day by 50-100 mg/day at &gt;=1-week intervals. A dose &gt;200 mg/day could have been administered in 2 divided doses (in the morning and PM). In the ExP, lamotrigine was administered at 100-400 mg/day based on seizure status/safety. If a dose &lt;100 or &gt;400 mg/day was judged to be necessary, the participant was withdrawn from the study.</description>
        </group>
      </group_list>
      <period_list>
        <period>
          <title>Overall Study</title>
          <milestone_list>
            <milestone>
              <title>STARTED</title>
              <participants_list>
                <participants group_id="P1" count="67"/>
              </participants_list>
            </milestone>
            <milestone>
              <title>Begin Maintenance Phase (MP; 24 Weeks)</title>
              <participants_list>
                <participants group_id="P1" count="52"/>
              </participants_list>
            </milestone>
            <milestone>
              <title>Begin Extension Phase (ExP; gt= 24weeks)</title>
              <participants_list>
                <participants group_id="P1" count="19">Only Japanese participants in ExP,lamotrigine monotherapy was available in Korea. (&gt;=24weeks)</participants>
              </participants_list>
            </milestone>
            <milestone>
              <title>Complete MP (24 Weeks)</title>
              <participants_list>
                <participants group_id="P1" count="42"/>
              </participants_list>
            </milestone>
            <milestone>
              <title>Begin Escalation Phase (EP; 6 Weeks)</title>
              <participants_list>
                <participants group_id="P1" count="67"/>
              </participants_list>
            </milestone>
            <milestone>
              <title>Received Treatment</title>
              <participants_list>
                <participants group_id="P1" count="65"/>
              </participants_list>
            </milestone>
            <milestone>
              <title>Complete EP (6 Weeks)</title>
              <participants_list>
                <participants group_id="P1" count="52"/>
              </participants_list>
            </milestone>
            <milestone>
              <title>Complete ExP (gt= 24 Weeks)</title>
              <participants_list>
                <participants group_id="P1" count="19">(&gt;=24 weeks); gt= abbreviation for greater than or equal to</participants>
              </participants_list>
            </milestone>
            <milestone>
              <title>COMPLETED</title>
              <participants_list>
                <participants group_id="P1" count="32"/>
              </participants_list>
            </milestone>
            <milestone>
              <title>NOT COMPLETED</title>
              <participants_list>
                <participants group_id="P1" count="35"/>
              </participants_list>
            </milestone>
          </milestone_list>
          <drop_withdraw_reason_list>
            <drop_withdraw_reason>
              <title>Adverse Event</title>
              <participants_list>
                <participants group_id="P1" count="18"/>
              </participants_list>
            </drop_withdraw_reason>
            <drop_withdraw_reason>
              <title>Lack of Efficacy</title>
              <participants_list>
                <participants group_id="P1" count="7"/>
              </participants_list>
            </drop_withdraw_reason>
            <drop_withdraw_reason>
              <title>Protocol Violation</title>
              <participants_list>
                <participants group_id="P1" count="1"/>
              </participants_list>
            </drop_withdraw_reason>
            <drop_withdraw_reason>
              <title>Protocol-defined Stopping Criteria</title>
              <participants_list>
                <participants group_id="P1" count="2"/>
              </participants_list>
            </drop_withdraw_reason>
            <drop_withdraw_reason>
              <title>Physician Decision</title>
              <participants_list>
                <participants group_id="P1" count="4"/>
              </participants_list>
            </drop_withdraw_reason>
            <drop_withdraw_reason>
              <title>Withdrawal by Subject</title>
              <participants_list>
                <participants group_id="P1" count="3"/>
              </participants_list>
            </drop_withdraw_reason>
          </drop_withdraw_reason_list>
        </period>
      </period_list>
    </participant_flow>

    <baseline>
      <population>Baseline data were collected in members of the Safety Population, comprised of all participants who had taken at least one dose of investigational product.</population>
      <group_list>
        <group group_id="B1">
          <title>Lamotrigine</title>
          <description>In the EP, lamotrigine 25 milligrams per day (mg/day) was orally administered once daily (QD; in the evening [PM]) as the initial dose from Week (W) 1 to W2. As a fixed dose escalation, lamotrigine 50 mg/day was orally administered QD (in the PM) from W3 to W4; 100 mg/day was administered from W5 to W6. In the MP, lamotrigine 200 mg/day was orally administered QD (in the PM) from W7 to W30. The dose could have been decreased to 100 mg/day per safety concerns. Per investigator discretion, the investigational product was discontinued if safety concerns remained. If the 200 mg/day dose did not control seizures, the dose could have been increased up to 400 mg/day by 50-100 mg/day at &gt;=1-week intervals. A dose &gt;200 mg/day could have been administered in 2 divided doses (in the morning and PM). In the ExP, lamotrigine was administered at 100-400 mg/day based on seizure status/safety. If a dose &lt;100 or &gt;400 mg/day was judged to be necessary, the participant was withdrawn from the study.</description>
        </group>
      </group_list>
      <measure_list>
        <measure>
          <title>Number of Participants</title>
          <units>participants</units>
          <param>Number</param>
          <category_list>
            <category>
              <measurement_list>
                <measurement group_id="B1" value="65"/>
              </measurement_list>
            </category>
          </category_list>
        </measure>
        <measure>
          <title>Age</title>
          <description>Baseline data were collected in members of the Safety Population, comprised of all participants who had taken at least one dose of investigational product.</description>
          <units>Years</units>
          <param>Mean</param>
          <dispersion>Standard Deviation</dispersion>
          <category_list>
            <category>
              <measurement_list>
                <measurement group_id="B1" value="37.3" spread="20.20"/>
              </measurement_list>
            </category>
          </category_list>
        </measure>
        <measure>
          <title>Gender</title>
          <description>Baseline data were collected in members of the Safety Population, comprised of all participants who had taken at least one dose of investigational product.</description>
          <units>Participants</units>
          <param>Number</param>
          <category_list>
            <category>
              <sub_title>Female</sub_title>
              <measurement_list>
                <measurement group_id="B1" value="26"/>
              </measurement_list>
            </category>
            <category>
              <sub_title>Male</sub_title>
              <measurement_list>
                <measurement group_id="B1" value="39"/>
              </measurement_list>
            </category>
          </category_list>
        </measure>
        <measure>
          <title>Race/Ethnicity, Customized</title>
          <description>Baseline data were collected in members of the Safety Population, comprised of all participants who had taken at least one dose of investigational product.</description>
          <units>participants</units>
          <param>Number</param>
          <category_list>
            <category>
              <sub_title>Asian - East Asian Heritage</sub_title>
              <measurement_list>
                <measurement group_id="B1" value="26"/>
              </measurement_list>
            </category>
            <category>
              <sub_title>Asian - Japanese Heritage</sub_title>
              <measurement_list>
                <measurement group_id="B1" value="39"/>
              </measurement_list>
            </category>
          </category_list>
        </measure>
      </measure_list>
    </baseline>

    <outcome_list>
      <outcome>
        <type>Primary</type>
        <title>Number of Participants Who Were Seizure Free in the Maintenance Phase (Across Seizure Types and by Seizure Type Within 6 Months Prior to the Start of the Study)</title>
        <description>Participants were considered to be seizure free if they did not report any seizures during the Maintenance Phase. Seizure types are defined as: ALL=any type of seizure; A: simple partial seizures, B: complex partial seizures; C: partial seizures evolving to secondary generation seizures; D5: tonic-clonic seizures. Simple partial seizures are seizures that affect only a small region of the brain, often the temporal lobes or hippocampi. Complex partial seizures are epileptic seizures that are associated with bilateral cerebral hemisphere involvement and cause impairment of awareness or responsiveness. Partial seizures evolving to secondary generation seizures are seizures that start as partial seizures, then spread to include the entire brain. Tonic–clonic seizures are a type of generalized seizure that affects the entire brain.</description>
        <time_frame>Weeks 7 to 30</time_frame>
        <safety_issue>No</safety_issue>
        <population>Full Analysis Set (FAS): all participants in the Safety Population (SP) who provided at least one set of efficacy data after the first dosing of investigational product. The SP is comprised of all participants who had taken at least one dose of investigational product. Only those participants available at the specified time point were analyzed.</population>
        <group_list>
          <group group_id="O1">
            <title>Lamotrigine</title>
            <description>In the EP, lamotrigine 25 milligrams per day (mg/day) was orally administered once daily (QD; in the evening [PM]) as the initial dose from Week (W) 1 to W2. As a fixed dose escalation, lamotrigine 50 mg/day was orally administered QD (in the PM) from W3 to W4; 100 mg/day was administered from W5 to W6. In the MP, lamotrigine 200 mg/day was orally administered QD (in the PM) from W7 to W30. The dose could have been decreased to 100 mg/day per safety concerns. Per investigator discretion, the investigational product was discontinued if safety concerns remained. If the 200 mg/day dose did not control seizures, the dose could have been increased up to 400 mg/day by 50-100 mg/day at &gt;=1-week intervals. A dose &gt;200 mg/day could have been administered in 2 divided doses (in the morning and PM). In the ExP, lamotrigine was administered at 100-400 mg/day based on seizure status/safety. If a dose &lt;100 or &gt;400 mg/day was judged to be necessary, the participant was withdrawn from the study.</description>
          </group>
        </group_list>
        <measure_list>
          <measure>
            <title>Number of Participants</title>
            <units>participants</units>
            <param>Number</param>
            <category_list>
              <category>
                <measurement_list>
                  <measurement group_id="O1" value="65"/>
                </measurement_list>
              </category>
            </category_list>
          </measure>
          <measure>
            <title>Number of Participants Who Were Seizure Free in the Maintenance Phase (Across Seizure Types and by Seizure Type Within 6 Months Prior to the Start of the Study)</title>
            <description>Participants were considered to be seizure free if they did not report any seizures during the Maintenance Phase. Seizure types are defined as: ALL=any type of seizure; A: simple partial seizures, B: complex partial seizures; C: partial seizures evolving to secondary generation seizures; D5: tonic-clonic seizures. Simple partial seizures are seizures that affect only a small region of the brain, often the temporal lobes or hippocampi. Complex partial seizures are epileptic seizures that are associated with bilateral cerebral hemisphere involvement and cause impairment of awareness or responsiveness. Partial seizures evolving to secondary generation seizures are seizures that start as partial seizures, then spread to include the entire brain. Tonic–clonic seizures are a type of generalized seizure that affects the entire brain.</description>
            <units>participants</units>
            <param>Number</param>
            <category_list>
              <category>
                <sub_title>All, n=65</sub_title>
                <measurement_list>
                  <measurement group_id="O1" value="28"/>
                </measurement_list>
              </category>
              <category>
                <sub_title>A+B+C, n=55</sub_title>
                <measurement_list>
                  <measurement group_id="O1" value="22"/>
                </measurement_list>
              </category>
              <category>
                <sub_title>A+B, n=42</sub_title>
                <measurement_list>
                  <measurement group_id="O1" value="17"/>
                </measurement_list>
              </category>
              <category>
                <sub_title>C, n=33</sub_title>
                <measurement_list>
                  <measurement group_id="O1" value="23"/>
                </measurement_list>
              </category>
              <category>
                <sub_title>D5, n=10</sub_title>
                <measurement_list>
                  <measurement group_id="O1" value="8"/>
                </measurement_list>
              </category>
            </category_list>
          </measure>
        </measure_list>
        <analysis_list>
          <analysis>
            <group_id_list>
              <group_id>O1</group_id>
            </group_id_list>
            <non_inferiority>No</non_inferiority>
            <param_type>percentage of participants</param_type>
            <param_value>43.1</param_value>
            <ci_percent>95</ci_percent>
            <ci_n_sides>2-Sided</ci_n_sides>
            <ci_lower_limit>30.85</ci_lower_limit>
            <ci_upper_limit>55.96</ci_upper_limit>
            <estimate_desc>The estimated value reflects the percentage of participants who were seizure free for all seizures.</estimate_desc>
          </analysis>
          <analysis>
            <group_id_list>
              <group_id>O1</group_id>
            </group_id_list>
            <non_inferiority>No</non_inferiority>
            <param_type>percentage of participants</param_type>
            <param_value>40.0</param_value>
            <ci_percent>95</ci_percent>
            <ci_n_sides>2-Sided</ci_n_sides>
            <ci_lower_limit>27.02</ci_lower_limit>
            <ci_upper_limit>54.09</ci_upper_limit>
            <estimate_desc>The estimated value reflects the percentage of participants who were seizure free for A+B+C seizures.</estimate_desc>
          </analysis>
          <analysis>
            <group_id_list>
              <group_id>O1</group_id>
            </group_id_list>
            <non_inferiority>No</non_inferiority>
            <param_type>percentage of participants</param_type>
            <param_value>40.5</param_value>
            <ci_percent>95</ci_percent>
            <ci_n_sides>2-Sided</ci_n_sides>
            <ci_lower_limit>25.63</ci_lower_limit>
            <ci_upper_limit>56.72</ci_upper_limit>
            <estimate_desc>The estimated value reflects the percentage of participants who were seizure free for A+B seizures.</estimate_desc>
          </analysis>
          <analysis>
            <group_id_list>
              <group_id>O1</group_id>
            </group_id_list>
            <non_inferiority>No</non_inferiority>
            <param_type>percentage of participants</param_type>
            <param_value>69.7</param_value>
            <ci_percent>95</ci_percent>
            <ci_n_sides>2-Sided</ci_n_sides>
            <ci_lower_limit>51.29</ci_lower_limit>
            <ci_upper_limit>84.41</ci_upper_limit>
            <estimate_desc>The estimated value reflects the percentage of participants who were seizure free for C seizures.</estimate_desc>
          </analysis>
          <analysis>
            <group_id_list>
              <group_id>O1</group_id>
            </group_id_list>
            <non_inferiority>No</non_inferiority>
            <param_type>percentage of participants</param_type>
            <param_value>80.0</param_value>
            <ci_percent>95</ci_percent>
            <ci_n_sides>2-Sided</ci_n_sides>
            <ci_lower_limit>44.39</ci_lower_limit>
            <ci_upper_limit>97.48</ci_upper_limit>
            <estimate_desc>The estimated value reflects the percentage of participants who were seizure free for D5 seizures.</estimate_desc>
          </analysis>
        </analysis_list>
      </outcome>
      <outcome>
        <type>Secondary</type>
        <title>Time to Withdrawal/Dropout From the Study (Across Seizure Types and by Seizure Type in Past 6 Months in the Escalation and Maintenance Phases)</title>
        <description>Time to withdrawal is defined as the time from the start of treatment until withdrawal from the study. Seizure types are defined as: ALL=any type of seizure; A: simple partial seizures, B: complex partial seizures; C: partial seizures evolving to secondary generation seizures; D5: tonic-clonic seizures. Simple partial seizures are seizures which affect only a small region of the brain, often the temporal lobes or hippocampi. Simple partial seizures are seizures that affect only a small region of the brain, often the temporal lobes or hippocampi. Complex partial seizures are epileptic seizures that are associated with bilateral cerebral hemisphere involvement and cause impairment of awareness or responsiveness. Partial seizures evolving to secondary generation seizures are seizures that start as partial seizures, then spread to include the entire brain. Tonic–clonic seizures are a type of generalized seizure that affects the entire brain.</description>
        <time_frame>up to Week 30</time_frame>
        <safety_issue>No</safety_issue>
        <population>FAS. Only those participants available at the specified time point were analyzed.</population>
        <group_list>
          <group group_id="O1">
            <title>Lamotrigine</title>
            <description>In the EP, lamotrigine 25 milligrams per day (mg/day) was orally administered once daily (QD; in the evening [PM]) as the initial dose from Week (W) 1 to W2. As a fixed dose escalation, lamotrigine 50 mg/day was orally administered QD (in the PM) from W3 to W4; 100 mg/day was administered from W5 to W6. In the MP, lamotrigine 200 mg/day was orally administered QD (in the PM) from W7 to W30. The dose could have been decreased to 100 mg/day per safety concerns. Per investigator discretion, the investigational product was discontinued if safety concerns remained. If the 200 mg/day dose did not control seizures, the dose could have been increased up to 400 mg/day by 50-100 mg/day at &gt;=1-week intervals. A dose &gt;200 mg/day could have been administered in 2 divided doses (in the morning and PM). In the ExP, lamotrigine was administered at 100-400 mg/day based on seizure status/safety. If a dose &lt;100 or &gt;400 mg/day was judged to be necessary, the participant was withdrawn from the study.</description>
          </group>
        </group_list>
        <measure_list>
          <measure>
            <title>Number of Participants</title>
            <units>participants</units>
            <param>Number</param>
            <category_list>
              <category>
                <measurement_list>
                  <measurement group_id="O1" value="65"/>
                </measurement_list>
              </category>
            </category_list>
          </measure>
          <measure>
            <title>Time to Withdrawal/Dropout From the Study (Across Seizure Types and by Seizure Type in Past 6 Months in the Escalation and Maintenance Phases)</title>
            <description>Time to withdrawal is defined as the time from the start of treatment until withdrawal from the study. Seizure types are defined as: ALL=any type of seizure; A: simple partial seizures, B: complex partial seizures; C: partial seizures evolving to secondary generation seizures; D5: tonic-clonic seizures. Simple partial seizures are seizures which affect only a small region of the brain, often the temporal lobes or hippocampi. Simple partial seizures are seizures that affect only a small region of the brain, often the temporal lobes or hippocampi. Complex partial seizures are epileptic seizures that are associated with bilateral cerebral hemisphere involvement and cause impairment of awareness or responsiveness. Partial seizures evolving to secondary generation seizures are seizures that start as partial seizures, then spread to include the entire brain. Tonic–clonic seizures are a type of generalized seizure that affects the entire brain.</description>
            <units>Days</units>
            <param>Mean</param>
            <dispersion>Standard Error</dispersion>
            <category_list>
              <category>
                <sub_title>All, n=65</sub_title>
                <measurement_list>
                  <measurement group_id="O1" value="150.0" spread="8.99"/>
                </measurement_list>
              </category>
              <category>
                <sub_title>A+B+C, n=55</sub_title>
                <measurement_list>
                  <measurement group_id="O1" value="148.4" spread="9.72"/>
                </measurement_list>
              </category>
              <category>
                <sub_title>A+B, n=42</sub_title>
                <measurement_list>
                  <measurement group_id="O1" value="147.9" spread="10.72"/>
                </measurement_list>
              </category>
              <category>
                <sub_title>C, n=33</sub_title>
                <measurement_list>
                  <measurement group_id="O1" value="168.0" spread="10.91"/>
                </measurement_list>
              </category>
              <category>
                <sub_title>D5, n=10</sub_title>
                <measurement_list>
                  <measurement group_id="O1" value="14.6" spread="0.54"/>
                </measurement_list>
              </category>
            </category_list>
          </measure>
        </measure_list>
      </outcome>
      <outcome>
        <type>Secondary</type>
        <title>Time to the First Seizure in the Maintenance Phase (Across Seizure Types and by Seizure Type)</title>
        <description>The time to the first seizure in the Maintenance Phase is measured at the time the first seizure occurred in the Maintenance Phase. Seizure types are defined as: ALL=any type of seizure; A: simple partial seizures, B: complex partial seizures; C: partial seizures evolving to secondary generation seizures; D5: tonic-clonic seizures. Simple partial seizures are seizures that affect only a small region of the brain, often the temporal lobes or hippocampi. Complex partial seizures are epileptic seizures that are associated with bilateral cerebral hemisphere involvement and cause impairment of awareness or responsiveness. Partial seizures evolving to secondary generation seizures are seizures that start as partial seizures, then spread to include the entire brain. Tonic–clonic seizures are a type of generalized seizure that affects the entire brain.</description>
        <time_frame>Weeks 7 to 30</time_frame>
        <safety_issue>No</safety_issue>
        <population>FAS. Only those participants available at the specified time point were analyzed.</population>
        <group_list>
          <group group_id="O1">
            <title>Lamotrigine</title>
            <description>In the EP, lamotrigine 25 milligrams per day (mg/day) was orally administered once daily (QD; in the evening [PM]) as the initial dose from Week (W) 1 to W2. As a fixed dose escalation, lamotrigine 50 mg/day was orally administered QD (in the PM) from W3 to W4; 100 mg/day was administered from W5 to W6. In the MP, lamotrigine 200 mg/day was orally administered QD (in the PM) from W7 to W30. The dose could have been decreased to 100 mg/day per safety concerns. Per investigator discretion, the investigational product was discontinued if safety concerns remained. If the 200 mg/day dose did not control seizures, the dose could have been increased up to 400 mg/day by 50-100 mg/day at &gt;=1-week intervals. A dose &gt;200 mg/day could have been administered in 2 divided doses (in the morning and PM). In the ExP, lamotrigine was administered at 100-400 mg/day based on seizure status/safety. If a dose &lt;100 or &gt;400 mg/day was judged to be necessary, the participant was withdrawn from the study.</description>
          </group>
        </group_list>
        <measure_list>
          <measure>
            <title>Number of Participants</title>
            <units>participants</units>
            <param>Number</param>
            <category_list>
              <category>
                <measurement_list>
                  <measurement group_id="O1" value="52"/>
                </measurement_list>
              </category>
            </category_list>
          </measure>
          <measure>
            <title>Time to the First Seizure in the Maintenance Phase (Across Seizure Types and by Seizure Type)</title>
            <description>The time to the first seizure in the Maintenance Phase is measured at the time the first seizure occurred in the Maintenance Phase. Seizure types are defined as: ALL=any type of seizure; A: simple partial seizures, B: complex partial seizures; C: partial seizures evolving to secondary generation seizures; D5: tonic-clonic seizures. Simple partial seizures are seizures that affect only a small region of the brain, often the temporal lobes or hippocampi. Complex partial seizures are epileptic seizures that are associated with bilateral cerebral hemisphere involvement and cause impairment of awareness or responsiveness. Partial seizures evolving to secondary generation seizures are seizures that start as partial seizures, then spread to include the entire brain. Tonic–clonic seizures are a type of generalized seizure that affects the entire brain.</description>
            <units>Days</units>
            <param>Mean</param>
            <dispersion>Standard Error</dispersion>
            <category_list>
              <category>
                <sub_title>All, n=52</sub_title>
                <measurement_list>
                  <measurement group_id="O1" value="103.0" spread="9.43"/>
                </measurement_list>
              </category>
              <category>
                <sub_title>A+B+C, n=44</sub_title>
                <measurement_list>
                  <measurement group_id="O1" value="100.4" spread="10.44"/>
                </measurement_list>
              </category>
              <category>
                <sub_title>A+B, n=34</sub_title>
                <measurement_list>
                  <measurement group_id="O1" value="94.2" spread="12.22"/>
                </measurement_list>
              </category>
              <category>
                <sub_title>C, n=29</sub_title>
                <measurement_list>
                  <measurement group_id="O1" value="113.3" spread="12.06"/>
                </measurement_list>
              </category>
              <category>
                <sub_title>D5, n=8</sub_title>
                <measurement_list>
                  <measurement group_id="O1" value="NA">No participants had D5 seizures in the Maintenance Phase (MP); thus, mean time to the first D5 seizure in the MP could not be calculated.</measurement>
                </measurement_list>
              </category>
            </category_list>
          </measure>
        </measure_list>
      </outcome>
    </outcome_list>

    <reported_events>
      <time_frame>Serious adverse events (SAEs) and non-serious AEs were collected from study medication start until the end of treatment (up to Week 54).</time_frame>
      <desc>SAEs and non-serious AEs were collected in members of the Safety Population, comprised of all participants who had taken at least one dose of investigational product.</desc>
      <group_list>
        <group group_id="E1">
          <title>Lamotrigine</title>
          <description>In the EP, lamotrigine 25 mg/day was orally administered QD; in the evening(PM) as the initial dose from W1 to W2. As a fixed dose escalation, lamotrigine 50 mg/day was orally administered QD(in the PM) from W3 to W4; 100 mg/day was administered from W5 to W6. In the MP, Lamotrigine 200 mg/day was orally administered QD(PM) from W7 to W30. The dose could have been decreased to 100 mg/day per safety concerns. Per investigator discretion, the investigational product was discontinued if safety concerns remained. If the 200 mg/day dose did not control seizures, the dose could have been increased up to 400 mg/day by 50-100 mg/day at greater than or equal to 1 week intervals. A dose greater than 200 mg/day could have been administered in 2 divided doses (in the morning and PM). In the ExP, lamotrigine was administered at 100-400 mg/day based on seizure status/safety. If a dose less than 100 or greater than 400 mg/day was judged to be necessary, the participant was withdrawn from the study.</description>
        </group>
      </group_list>
      <serious_events>
        <default_vocab>MedDRA</default_vocab>
        <default_assessment>Systematic Assessment</default_assessment>
        <category_list>
          <category>
            <title>Total</title>
            <event_list>
              <event>
                <sub_title>Total, serious adverse events</sub_title>
                <counts group_id="E1" subjects_affected="8" subjects_at_risk="65"/>
              </event>
            </event_list>
          </category>
          <category>
            <title>Cardiac disorders</title>
            <event_list>
              <event>
                <sub_title>Sick sinus syndrome</sub_title>
                <counts group_id="E1" subjects_affected="1" subjects_at_risk="65"/>
              </event>
            </event_list>
          </category>
          <category>
            <title>Gastrointestinal disorders</title>
            <event_list>
              <event>
                <sub_title>Haemorrhoids</sub_title>
                <counts group_id="E1" subjects_affected="1" subjects_at_risk="65"/>
              </event>
              <event>
                <sub_title>Gastrooesophageal reflux disease</sub_title>
                <counts group_id="E1" subjects_affected="1" subjects_at_risk="65"/>
              </event>
              <event>
                <sub_title>Intestinal obstruction</sub_title>
                <counts group_id="E1" subjects_affected="1" subjects_at_risk="65"/>
              </event>
            </event_list>
          </category>
          <category>
            <title>Injury, poisoning and procedural complications</title>
            <event_list>
              <event>
                <sub_title>Pulmonary contusion</sub_title>
                <counts group_id="E1" subjects_affected="1" subjects_at_risk="65"/>
              </event>
              <event>
                <sub_title>Post procedural haemorrhage</sub_title>
                <counts group_id="E1" subjects_affected="1" subjects_at_risk="65"/>
              </event>
            </event_list>
          </category>
          <category>
            <title>Investigations</title>
            <event_list>
              <event>
                <sub_title>Electrocardiogram QT prolonged</sub_title>
                <counts group_id="E1" subjects_affected="1" subjects_at_risk="65"/>
              </event>
            </event_list>
          </category>
          <category>
            <title>Metabolism and nutrition disorders</title>
            <event_list>
              <event>
                <sub_title>Decreased appetite</sub_title>
                <counts group_id="E1" subjects_affected="1" subjects_at_risk="65"/>
              </event>
            </event_list>
          </category>
          <category>
            <title>Nervous system disorders</title>
            <event_list>
              <event>
                <sub_title>Epilepsy</sub_title>
                <counts group_id="E1" subjects_affected="2" subjects_at_risk="65"/>
              </event>
            </event_list>
          </category>
          <category>
            <title>Skin and subcutaneous tissue disorders</title>
            <event_list>
              <event>
                <sub_title>Stevens-Johnson syndrome</sub_title>
                <counts group_id="E1" subjects_affected="1" subjects_at_risk="65"/>
              </event>
            </event_list>
          </category>
        </category_list>
      </serious_events>
      <other_events>
        <frequency_threshold>5</frequency_threshold>
        <default_vocab>MedDRA</default_vocab>
        <default_assessment>Systematic Assessment</default_assessment>
        <category_list>
          <category>
            <title>Total</title>
            <event_list>
              <event>
                <sub_title>Total, other adverse events</sub_title>
                <counts group_id="E1" subjects_affected="38" subjects_at_risk="65"/>
              </event>
            </event_list>
          </category>
          <category>
            <title>Gastrointestinal disorders</title>
            <event_list>
              <event>
                <sub_title>Nausea</sub_title>
                <counts group_id="E1" subjects_affected="6" subjects_at_risk="65"/>
              </event>
              <event>
                <sub_title>Abdominal pain upper</sub_title>
                <counts group_id="E1" subjects_affected="4" subjects_at_risk="65"/>
              </event>
            </event_list>
          </category>
          <category>
            <title>Infections and infestations</title>
            <event_list>
              <event>
                <sub_title>Nasopharyngitis</sub_title>
                <counts group_id="E1" subjects_affected="15" subjects_at_risk="65"/>
              </event>
            </event_list>
          </category>
          <category>
            <title>Nervous system disorders</title>
            <event_list>
              <event>
                <sub_title>Headache</sub_title>
                <counts group_id="E1" subjects_affected="14" subjects_at_risk="65"/>
              </event>
              <event>
                <sub_title>Dizziness</sub_title>
                <counts group_id="E1" subjects_affected="4" subjects_at_risk="65"/>
              </event>
            </event_list>
          </category>
          <category>
            <title>Psychiatric disorders</title>
            <event_list>
              <event>
                <sub_title>Insomnia</sub_title>
                <counts group_id="E1" subjects_affected="4" subjects_at_risk="65"/>
              </event>
            </event_list>
          </category>
          <category>
            <title>Skin and subcutaneous tissue disorders</title>
            <event_list>
              <event>
                <sub_title>Rash</sub_title>
                <counts group_id="E1" subjects_affected="8" subjects_at_risk="65"/>
              </event>
              <event>
                <sub_title>Drug eruption</sub_title>
                <counts group_id="E1" subjects_affected="4" subjects_at_risk="65"/>
              </event>
            </event_list>
          </category>
        </category_list>
      </other_events>
    </reported_events>

    <certain_agreements>
      <pi_employee>Principal Investigators are NOT employed by the organization sponsoring the study.</pi_employee>
      <restrictive_agreement>GSK agreements may vary with individual investigators, but will not prohibit any investigator from publishing. GSK supports the publication of results from all centers of a multi-center trial but requests that reports based on single-site data not precede the primary publication of the entire clinical trial.</restrictive_agreement>
    </certain_agreements>
    <point_of_contact>
      <name_or_title>GSK Response Center</name_or_title>
      <organization>GlaxoSmithKline</organization>
      <phone>866-435-7343</phone>
    </point_of_contact>
  </clinical_results>
</clinical_study>
