<?xml version="1.0" encoding="UTF-8"?>
<clinical_study rank="81">
  <!-- This xml conforms to an XML Schema at:
    https://clinicaltrials.gov/ct2/html/images/info/public.xsd
 and an XML DTD at:
    https://clinicaltrials.gov/ct2/html/images/info/public.dtd -->
  <required_header>
    <download_date>ClinicalTrials.gov processed this data on December 01, 2015</download_date>
    <link_text>Link to the current ClinicalTrials.gov record.</link_text>
    <url>https://clinicaltrials.gov/show/NCT01116700</url>
  </required_header>
  <id_info>
    <org_study_id>UCSF-AF-02-2010</org_study_id>
    <nct_id>NCT01116700</nct_id>
  </id_info>
  <brief_title>Dexmedetomidine in Seizure Patients</brief_title>
  <official_title>The Pharmacokinetics and Pharmacodynamics of Dexmedetomidine in Patients With Seizure Disorders</official_title>
  <sponsors>
    <lead_sponsor>
      <agency>University of California, San Francisco</agency>
      <agency_class>Other</agency_class>
    </lead_sponsor>
  </sponsors>
  <source>University of California, San Francisco</source>
  <oversight_info>
    <authority>United States: Institutional Review Board</authority>
    <has_dmc>No</has_dmc>
  </oversight_info>
  <brief_summary>
    <textblock>
      Dexmedetomidine is an alpha-2 agonist commonly used during neurosurgery due to its unique
      properties as a sedative and anxiolytic with minimal respiratory depression. Neurosurgical
      patients frequently come to the operating room on anticonvulsant therapy with a history of
      seizures. The investigators clinical experience suggests that these patients are resistant
      to the sedative effects of dexmedetomidine. This effect may represent a pharmacokinetic
      interaction between the anticonvulsant medications and dexmedetomidine or the higher
      dexmedetomidine dose requirement could result from abnormal pharmacodynamics due to the
      underlying seizure disorder. The investigators study aims to investigate the pharmacokinetic
      and pharmacodynamic differences of dexmedetomidine between patients receiving and not
      receiving enzyme-inducing anticonvulsant therapy and to identify a potential mechanism for
      these differences.
    </textblock>
  </brief_summary>
  <overall_status>Completed</overall_status>
  <start_date>December 2010</start_date>
  <completion_date type="Actual">February 2012</completion_date>
  <primary_completion_date type="Actual">February 2012</primary_completion_date>
  <phase>Phase 1</phase>
  <study_type>Interventional</study_type>
  <study_design>Endpoint Classification: Pharmacokinetics/Dynamics Study, Intervention Model: Single Group Assignment, Masking: Open Label</study_design>
  <primary_outcome>
    <measure>Serum level of dexmedetomidine</measure>
    <time_frame>0-8 hour period</time_frame>
    <safety_issue>No</safety_issue>
    <description>Serum levels of dexmedetomidine will be taken at specific intervals during and after a step-wise computer controlled infusion of dexmedetomidine.</description>
  </primary_outcome>
  <secondary_outcome>
    <measure>Patient State Index (PSI) and Entropy</measure>
    <time_frame>0-8h</time_frame>
    <safety_issue>No</safety_issue>
    <description>PSI and/or state entropy will be recorded at specific intervals during and after a step-wise computer controlled infusion of dexmedetomidine.</description>
  </secondary_outcome>
  <secondary_outcome>
    <measure>Visual Analog Scale score</measure>
    <time_frame>0-8h</time_frame>
    <safety_issue>No</safety_issue>
    <description>VAS scores will be recorded at specific intervals during and after a step-wise computer controlled infusion of dexmedetomidine.</description>
  </secondary_outcome>
  <secondary_outcome>
    <measure>Ramsay Sedation Score</measure>
    <time_frame>0-8h</time_frame>
    <safety_issue>No</safety_issue>
    <description>Ramsay sedation scores will be recorded at specific intervals during and after a step-wise computer controlled infusion of dexmedetomidine.</description>
  </secondary_outcome>
  <secondary_outcome>
    <measure>Observer's Assessment of Alertness/Sedation Score (OAA/S)</measure>
    <time_frame>0-8h</time_frame>
    <safety_issue>No</safety_issue>
    <description>OAA/S scores will be recorded at specific intervals during and after a step-wise computer controlled infusion of dexmedetomidine.</description>
  </secondary_outcome>
  <number_of_arms>1</number_of_arms>
  <enrollment type="Actual">16</enrollment>
  <condition>Seizure Disorders</condition>
  <intervention>
    <intervention_type>Drug</intervention_type>
    <intervention_name>Dexmedetomidine</intervention_name>
    <description>Dexmedetomidine will be administered to 2 groups: (1) Seizure disordered patients on anticonvulsants and (2) Healthy volunteers (Control group)</description>
    <other_name>Precedex</other_name>
  </intervention>
  <eligibility>
    <criteria>
      <textblock>
        Inclusion Criteria:

          -  Age 18-65, BMI 20-25 kg/m2

          -  Anticonvulsant Group: Diagnosis of seizure disorder taking carbamazepine or phenytoin
             for a minimum of 2 weeks

          -  Control Group: Healthy volunteers taking no medications

        Exclusion Criteria:

          -  Positive urine pregnancy test or lactating

          -  History of allergy to dexmedetomidine or alpha -2 agonists

          -  History of liver, renal or thyroid disease

          -  History of cardiovascular disease including history of arrhythmia or congestive heart
             failure

          -  History of drug or alcohol abuse
      </textblock>
    </criteria>
    <gender>Both</gender>
    <minimum_age>18 Years</minimum_age>
    <maximum_age>65 Years</maximum_age>
    <healthy_volunteers>Accepts Healthy Volunteers</healthy_volunteers>
  </eligibility>
  <overall_official>
    <last_name>Alana M Flexman, MD</last_name>
    <role>Principal Investigator</role>
    <affiliation>UCSF Department of Anesthesia</affiliation>
  </overall_official>
  <overall_official>
    <last_name>Pekka Talke, MD</last_name>
    <role>Principal Investigator</role>
    <affiliation>UCSF Department of Anesthesia</affiliation>
  </overall_official>
  <overall_official>
    <last_name>Paul Garcia, MD</last_name>
    <role>Principal Investigator</role>
    <affiliation>UCSF Department of Neurology</affiliation>
  </overall_official>
  <location>
    <facility>
      <name>University of California San Francisco</name>
      <address>
        <city>San Francisco</city>
        <state>California</state>
        <zip>94122</zip>
        <country>United States</country>
      </address>
    </facility>
  </location>
  <location_countries>
    <country>United States</country>
  </location_countries>
  <verification_date>August 2013</verification_date>
  <lastchanged_date>August 6, 2013</lastchanged_date>
  <firstreceived_date>May 3, 2010</firstreceived_date>
  <responsible_party>
    <responsible_party_type>Sponsor</responsible_party_type>
  </responsible_party>
  <keyword>Epilepsy</keyword>
  <keyword>Dexmedetomidine</keyword>
  <keyword>Seizure</keyword>
  <is_fda_regulated>No</is_fda_regulated>
  <has_expanded_access>No</has_expanded_access>
  <condition_browse>
    <!-- CAUTION:  The following MeSH terms are assigned with an imperfect algorithm  -->
    <mesh_term>Epilepsy</mesh_term>
    <mesh_term>Seizures</mesh_term>
  </condition_browse>
  <intervention_browse>
    <!-- CAUTION:  The following MeSH terms are assigned with an imperfect algorithm  -->
    <mesh_term>Dexmedetomidine</mesh_term>
  </intervention_browse>
  <!-- Results have not yet been posted for this study                                -->
</clinical_study>
