<?xml version="1.0" encoding="UTF-8"?>
<clinical_study rank="188">
  <!-- This xml conforms to an XML Schema at:
    https://clinicaltrials.gov/ct2/html/images/info/public.xsd
 and an XML DTD at:
    https://clinicaltrials.gov/ct2/html/images/info/public.dtd -->
  <required_header>
    <download_date>ClinicalTrials.gov processed this data on December 01, 2015</download_date>
    <link_text>Link to the current ClinicalTrials.gov record.</link_text>
    <url>https://clinicaltrials.gov/show/NCT01355211</url>
  </required_header>
  <id_info>
    <org_study_id>RC3NS070658</org_study_id>
    <secondary_id>RC3NS070658</secondary_id>
    <nct_id>NCT01355211</nct_id>
  </id_info>
  <brief_title>Putting Electroencephalography (EEG) in the Emergency Department</brief_title>
  <official_title>Diagnostic Utility of Emergency Electroencephalography in Identifying Non-convulsive Seizure and Subclinical Status Epilepticus in Patients With Altered Mental Status</official_title>
  <sponsors>
    <lead_sponsor>
      <agency>Bio-Signal Group Corp.</agency>
      <agency_class>Industry</agency_class>
    </lead_sponsor>
    <collaborator>
      <agency>National Institute of Neurological Disorders and Stroke (NINDS)</agency>
      <agency_class>NIH</agency_class>
    </collaborator>
    <collaborator>
      <agency>State University of New York - Downstate Medical Center</agency>
      <agency_class>Other</agency_class>
    </collaborator>
    <collaborator>
      <agency>Kings County Hospital</agency>
      <agency_class>Other</agency_class>
    </collaborator>
  </sponsors>
  <source>Bio-Signal Group Corp.</source>
  <oversight_info>
    <authority>United States: Institutional Review Board</authority>
    <has_dmc>Yes</has_dmc>
  </oversight_info>
  <brief_summary>
    <textblock>
      The aim of the proposed research is to compare the diagnostic accuracy of a portable
      wireless electroencephalography (EEG) device (Biosignal Micro-EEG) to standard EEG in
      identifying abnormal EEG patterns (mainly non-convulsive seizure and non-convulsive status
      epilepticus) in emergency department (ED) patients with altered mental status. Comparing the
      the accuracy of EEG recordings and interpretations of Micro-EEG to those of standard EEG
      will allow the investigators to assess the utility of this novel device in the ED patients
      with altered mental status. The unique qualities of Micro-EEG device could potentially
      facilitate easier access to EEG test in all ED patients.

      This study will also provide valid information regarding the prevalence of non-convulsive
      seizure in ED patients with altered mental status.The gold standard for diagnosing
      non-convulsive seizure would be standard EEG.

      All study participants will undergo electroencephalography using the two devices (standard
      EEG and micro-EEG) and a combination of standard electrodes and Electro-Cap in a randomized
      order: 1. Standard EEG with standard EEG electrodes, 2. Micro-EEG with standard EEG
      electrodes, and 3. Micro-EEG with Electro-Cap electrodes.
    </textblock>
  </brief_summary>
  <detailed_description>
    <textblock>
      Formulated Research Question:

      Population: ED patients with altered mental status (AMS) Intervention: Micro-EEG Comparison:
      Standard EEG Outcomes: 1. Sensitivity, specificity, positive/negative likelihood ratios of
      micro-EEG in identifying non-convulsive seizures and abnormal brain activities 2. The
      concordance of EEG interpretations between micro-EEG and standard EEGs recordings Design
      Prospective cross-sectional

      Definitions:

      Altered Mental Status: Any acute change in level of arousability or responsiveness (e.g.
      confusion, lethargy, delirium, coma, aphasia, disinhibition, labile/blunted affect or
      unexpected psychosis).

      Types of AMS (for the purpose of the study):

        1. AMS alone

        2. AMS with non-specific motor activity (subtle motor movement such as eye blinking,
           nystagmus, focal motor movements, or myoclonus)

        3. Prolonged AMS following one or more tonic-clonic seizures suggesting status epilepticus
           Non-convulsive seizure (NCZ):A seizure without clonic or tonic activity or other
           convulsive motor activity.

      Status Epilepticus (SE):SE is defined as 1. More than 30 minutes of continuous seizure
      activity or 2. Two or more sequential seizures without recovery of consciousness between
      seizures.
    </textblock>
  </detailed_description>
  <overall_status>Completed</overall_status>
  <start_date>April 2011</start_date>
  <completion_date type="Actual">February 2012</completion_date>
  <primary_completion_date type="Actual">February 2012</primary_completion_date>
  <phase>N/A</phase>
  <study_type>Observational</study_type>
  <study_design>Observational Model: Cohort, Time Perspective: Prospective</study_design>
  <primary_outcome>
    <measure>Diagnostic Utility of Emergency Electroencephalography in Identifying Non-convulsive Seizure and Subclinical Status Epilepticus in Patients with Altered Mental Status (AMS)</measure>
    <time_frame>6 months</time_frame>
    <safety_issue>No</safety_issue>
    <description>Sensitivity, specificity, positive/negative likelihood ratios of micro-EEG in identifying non-convulsive seizures and abnormal brain activities
The concordance of EEG interpretations between micro-EEG and standard EEG recordings</description>
  </primary_outcome>
  <number_of_groups>1</number_of_groups>
  <enrollment type="Actual">261</enrollment>
  <condition>Altered Mental Status</condition>
  <condition>Generalized Nonconvulsive Seizure Disorder</condition>
  <condition>Status-epilepticus</condition>
  <eligibility>
    <study_pop>
      <textblock>
        A total of 260 patients will be recruited for the study. Adult and pediatric patients ≥ 13
        year-old with AMS on arrival to ED
      </textblock>
    </study_pop>
    <sampling_method>Non-Probability Sample</sampling_method>
    <criteria>
      <textblock>
        Inclusion Criteria:

        ED patients ≥ 13 year-old with AMS on arrival to ED

        Exclusion Criteria:

          1. Patients with apparent and immediately correctable cause of AMS upon presentation
             (determined by ED attending physician during initial evaluation):

               -  Patients with finger stick or serum glucose less than 60 mg/dl

               -  Patients with hypothermia

               -  Patients with hyperthermia, heat exhaustion or heat stroke

               -  Patients with opioid overdose responding to Narcan

          2. Patients who cannot undergo EEG recordings because of severe head and injury,
             hemodynamic instability, transfer to operating room, etc.)

          3. Hemodynamically unstable patients (SBP &lt; 90 mmHg)

          4. Uncooperative or combative patients on whom the EEG simply cannot be obtained.
      </textblock>
    </criteria>
    <gender>Both</gender>
    <minimum_age>13 Years</minimum_age>
    <maximum_age>N/A</maximum_age>
    <healthy_volunteers>No</healthy_volunteers>
  </eligibility>
  <overall_official>
    <last_name>Shahriar Zehtabchi, MD</last_name>
    <role>Principal Investigator</role>
    <affiliation>Recruiting</affiliation>
  </overall_official>
  <location>
    <facility>
      <name>450 Clarkson Avenue</name>
      <address>
        <city>Brooklyn</city>
        <state>New York</state>
        <zip>11203</zip>
        <country>United States</country>
      </address>
    </facility>
  </location>
  <location_countries>
    <country>United States</country>
  </location_countries>
  <verification_date>February 2012</verification_date>
  <lastchanged_date>February 29, 2012</lastchanged_date>
  <firstreceived_date>May 16, 2011</firstreceived_date>
  <responsible_party>
    <responsible_party_type>Sponsor</responsible_party_type>
  </responsible_party>
  <keyword>Altered Mental Status</keyword>
  <keyword>non-convulsive seizure</keyword>
  <keyword>status epilepticus</keyword>
  <keyword>electroencephalography</keyword>
  <is_fda_regulated>No</is_fda_regulated>
  <has_expanded_access>No</has_expanded_access>
  <condition_browse>
    <!-- CAUTION:  The following MeSH terms are assigned with an imperfect algorithm  -->
    <mesh_term>Epilepsy</mesh_term>
    <mesh_term>Epilepsy, Generalized</mesh_term>
    <mesh_term>Mental Disorders</mesh_term>
    <mesh_term>Seizures</mesh_term>
    <mesh_term>Status Epilepticus</mesh_term>
  </condition_browse>
  <!-- Results have not yet been posted for this study                                -->
</clinical_study>
