<?xml version="1.0" encoding="UTF-8"?>
<clinical_study rank="113">
  <!-- This xml conforms to an XML Schema at:
    https://clinicaltrials.gov/ct2/html/images/info/public.xsd
 and an XML DTD at:
    https://clinicaltrials.gov/ct2/html/images/info/public.dtd -->
  <required_header>
    <download_date>ClinicalTrials.gov processed this data on November 27, 2015</download_date>
    <link_text>Link to the current ClinicalTrials.gov record.</link_text>
    <url>https://clinicaltrials.gov/show/NCT02589561</url>
  </required_header>
  <id_info>
    <org_study_id>9594</org_study_id>
    <nct_id>NCT02589561</nct_id>
  </id_info>
  <brief_title>REFIT Hearing: Remote Fitting of Hearing Aids</brief_title>
  <acronym>REFITHEARING</acronym>
  <official_title>REFIT Hearing: Remote Fitting of Hearing Aids</official_title>
  <sponsors>
    <lead_sponsor>
      <agency>University Hospital, Montpellier</agency>
      <agency_class>Other</agency_class>
    </lead_sponsor>
    <collaborator>
      <agency>AudioPro Connect</agency>
      <agency_class>Industry</agency_class>
    </collaborator>
    <collaborator>
      <agency>Alliance Audition Montpellier</agency>
      <agency_class>Other</agency_class>
    </collaborator>
    <collaborator>
      <agency>Audition Conseil Perpignan</agency>
      <agency_class>Other</agency_class>
    </collaborator>
    <collaborator>
      <agency>Audition Conseil à Nîmes</agency>
      <agency_class>Other</agency_class>
    </collaborator>
  </sponsors>
  <source>University Hospital, Montpellier</source>
  <oversight_info>
    <authority>France: Agence Nationale de Sécurité du Médicament et des produits de santé</authority>
    <has_dmc>No</has_dmc>
  </oversight_info>
  <brief_summary>
    <textblock>
      Currently, the fitting of hearing aids is using a computer interface that allows to adjust
      the gain and compression of acoustic amplification. This adjustment is made face to face,
      patient and audiologist being located in a soundproof space to test the effectiveness of the
      hearing aid.

      However, advances in telemedicine in this context, let consider the possibility of
      addressing these hearing aids fitting via the same computer interface, but remotely
      controlled by the hearing care professional. The purpose of this study is to assess the
      ability to perform these tests no longer in front of the patient settings, but away from it,
      and without visual and sound contact other than through a computer interface.

      At the end, this project wants to show that a remote fitting is an acceptable procedure that
      provides comparable results to-face fitting in terms of speech perception, speech in noise
      audiometry, hearing loss related quality of life in order to be able to offer this type of
      strategy.
    </textblock>
  </brief_summary>
  <detailed_description>
    <textblock>
      1. Background and rationale:

           Currently, the fitting of hearing aids is using a computer interface that allows to
           adjust the gain and compression of acoustic amplification. This adjustment is made face
           to face, patient and audiologist being located in a soundproof space to test the
           effectiveness of the hearing aid.

           However, advances in telemedicine in this context, let consider the possibility of
           addressing these hearing aids fitting via the same computer interface, but remotely
           controlled by the hearing care professional. The purpose of this study is to assess the
           ability to perform these tests no longer in front of the patient settings, but away
           from it, and without visual and sound contact other than through a computer interface.

        2. Objectives Main objective: To show that the remote fitting of hearing aids using the
           platform developed by AudioProConnect provides speech perception scores similar to
           those obtained by a face-control, after 5 weeks of use among experienced hearing aid
           users.

           Secondary Objectives: To compare the duration and the quality of both types of fitting,
           speech in noise testing, deafness related quality of life and assess the wearing time
           of hearing aids.

        3. Methods DESIGN: Biomedical research on health product, prospective, multicenter,
           randomized, and crossover study to assess the remote fitting of hearing aids: Study
           REFIT-HEARING Study Population: adults with bilateral hearing aids. Inclusion criteria:
           Patient aged between 18 and 85 years old, with hearing loss and using two hearing aids
           for more than one year, and compatible with AudioProConnect platform.

           Exclusion criteria: Patient with fluctuations of pure tone audiometry, cognitive
           disorders or severe speech disorders. Patient unable to move in an audiology
           laboratory.

           Primary Outcome: Evaluation of speech perception score with PBK test free-field at 60
           dB.

           Secondary endpoints: assessment of quality control by measuring the pitch gain,
           duration of fitting in minutes, speech in noise audiometry, the wearing time of hearing
           aids in hours, the quality of life related to hearing loss via the APHAB questionnaire.

           Number of patients: 60 subjects Procedure (number of visits, length of inclusions,
           duration of follow-up, study schedule patient visits content, brief description of
           intervention): After the investigator has verified the criteria of inclusion / non
           inclusion and the subject has signed the written informed consent, the subject will be
           followed for a period ranging from 2 months to 5 months, during which he attended four
           visits in a audiology laboratory referenced in this project. During these visits, a
           fitting of hearing aids face to face or remotely will be realized, and it will be asked
           to answer a questionnaire to assess quality of life between the two fitting techniques.

           Study Schedule:

           Inclusion period: 3 months (M3-M6) Duration of the study for one subject: 2 months to 5
           months (M6 to M8 or M6 to M11) Duration statistical analysis / recovery: 3 months
           (M11-M14) Global Study duration: 14 months

        4. Outlook At the end, this project wants to show that a remote fitting provides
           comparable results to-face fitting in terms of speech perception, in order to be able
           to offer this type of strategy.
    </textblock>
  </detailed_description>
  <overall_status>Recruiting</overall_status>
  <start_date>October 2015</start_date>
  <completion_date type="Anticipated">December 2016</completion_date>
  <primary_completion_date type="Anticipated">May 2016</primary_completion_date>
  <phase>N/A</phase>
  <study_type>Interventional</study_type>
  <study_design>Allocation: Randomized, Endpoint Classification: Safety/Efficacy Study, Intervention Model: Crossover Assignment, Masking: Single Blind (Subject), Primary Purpose: Health Services Research</study_design>
  <primary_outcome>
    <measure>speech perception</measure>
    <time_frame>5 months</time_frame>
    <safety_issue>No</safety_issue>
    <description>score PBK test</description>
  </primary_outcome>
  <secondary_outcome>
    <measure>speech in noise audiometry</measure>
    <time_frame>5 months</time_frame>
    <safety_issue>No</safety_issue>
  </secondary_outcome>
  <secondary_outcome>
    <measure>quality of life</measure>
    <time_frame>5 months</time_frame>
    <safety_issue>No</safety_issue>
    <description>APHAB questionnaire</description>
  </secondary_outcome>
  <secondary_outcome>
    <measure>duration of fitting</measure>
    <time_frame>5 months</time_frame>
    <safety_issue>No</safety_issue>
  </secondary_outcome>
  <secondary_outcome>
    <measure>daily use of hearing aids</measure>
    <time_frame>5 months</time_frame>
    <safety_issue>No</safety_issue>
  </secondary_outcome>
  <number_of_arms>2</number_of_arms>
  <enrollment type="Anticipated">60</enrollment>
  <condition>Hearing Loss</condition>
  <arm_group>
    <arm_group_label>face to face fitting</arm_group_label>
    <arm_group_type>Active Comparator</arm_group_type>
    <description>face to face fitting of hearing aids</description>
  </arm_group>
  <arm_group>
    <arm_group_label>remote fitting</arm_group_label>
    <arm_group_type>Experimental</arm_group_type>
    <description>remote fitting of hearing aids</description>
  </arm_group>
  <intervention>
    <intervention_type>Procedure</intervention_type>
    <intervention_name>Remote fitting</intervention_name>
    <description>remote fitting of hearing aids</description>
    <arm_group_label>face to face fitting</arm_group_label>
    <arm_group_label>remote fitting</arm_group_label>
  </intervention>
  <intervention>
    <intervention_type>Procedure</intervention_type>
    <intervention_name>Face to face fitting</intervention_name>
    <description>face to face fitting of hearing aids</description>
    <arm_group_label>face to face fitting</arm_group_label>
    <arm_group_label>remote fitting</arm_group_label>
  </intervention>
  <eligibility>
    <criteria>
      <textblock>
        Inclusion Criteria:

          -  Age limits ≥ 18 et &lt; 85 years

          -  User of two hearing aids for more than a year

          -  Carriers of adjustable digital hearing aids by means of a software of the usable
             manufacturer on Windows® PC (in stand-alone or as plug-in in the software NOAH®) to
             be integrated into the platform AudioProConnect. It is the case of almost all the
             current hearing aids (Phonak, Starkey, Siemens, Unitron, etc.)

          -  Subject able to understand the nature, the aim and the methodology of the study.

          -  Affiliation or recipient with the mode of social security.

          -  Collection of the informed consent

        Exclusion Criteria:

          -  Fluctuations in the tonal audiometry, defined as variations furthermore of 10 dB of
             the average hearing loss (Average arithmetic of thresholds in 500, 1000, 2000 et 4000
             Hz) Between the last 2 tonal audiometries realized over the previous 2 years

          -  Cognitive disorders or severe phasic hampering the understanding of the language or
             the repetition of the speech (Subject not being capable of participating in a vocal
             audiometry during the last regulation of its hearing aids)

          -  Incapacitated to move in a laboratory of audioprosthesis

          -  Fickle bearing of the hearing aid (&lt;6h /day ou &lt; 5day/7)

          -  Tip not adapted little finger

          -  Presence of plugs of earwax at the time of the tests

          -  Patient minor(miner) or protected adults or in the incapacity to give its consent
             according to the article L1121-8 Of the Public Code of the Health (CSP)

          -  Pregnant or breast-feeding women according to the article L1121-5 du CSP.

          -  Vulnerable people according to the article L1121-6 du CSP.
      </textblock>
    </criteria>
    <gender>Both</gender>
    <minimum_age>18 Years</minimum_age>
    <maximum_age>84 Years</maximum_age>
    <healthy_volunteers>No</healthy_volunteers>
  </eligibility>
  <overall_official>
    <last_name>Frédéric VENAIL, Professor</last_name>
    <role>Principal Investigator</role>
    <affiliation>University Hospital, Montpellier</affiliation>
  </overall_official>
  <overall_contact>
    <last_name>Frédéric VENAIL, Professor</last_name>
    <phone>0467336890</phone>
    <email>f-venail@chu-montpellier.fr</email>
  </overall_contact>
  <location>
    <facility>
      <name>Hôpital Gui de Chauliac - Service ORL</name>
      <address>
        <city>Montpellier</city>
        <zip>34090</zip>
        <country>France</country>
      </address>
    </facility>
    <status>Recruiting</status>
    <contact>
      <last_name>Frédéric VENAIL, Professor</last_name>
      <phone>0467336890</phone>
      <email>f-venail@chu-montpellier.fr</email>
    </contact>
  </location>
  <location_countries>
    <country>France</country>
  </location_countries>
  <verification_date>October 2015</verification_date>
  <lastchanged_date>October 26, 2015</lastchanged_date>
  <firstreceived_date>October 21, 2015</firstreceived_date>
  <responsible_party>
    <responsible_party_type>Sponsor</responsible_party_type>
  </responsible_party>
  <keyword>hearing loss</keyword>
  <keyword>hearing aids</keyword>
  <is_fda_regulated>No</is_fda_regulated>
  <has_expanded_access>No</has_expanded_access>
  <condition_browse>
    <!-- CAUTION:  The following MeSH terms are assigned with an imperfect algorithm  -->
    <mesh_term>Deafness</mesh_term>
    <mesh_term>Hearing Loss</mesh_term>
  </condition_browse>
  <!-- Results have not yet been posted for this study                                -->
</clinical_study>
