<?xml version="1.0" encoding="UTF-8"?>
<clinical_study rank="341">
  <!-- This xml conforms to an XML Schema at:
    https://clinicaltrials.gov/ct2/html/images/info/public.xsd
 and an XML DTD at:
    https://clinicaltrials.gov/ct2/html/images/info/public.dtd -->
  <required_header>
    <download_date>ClinicalTrials.gov processed this data on November 27, 2015</download_date>
    <link_text>Link to the current ClinicalTrials.gov record.</link_text>
    <url>https://clinicaltrials.gov/show/NCT00534378</url>
  </required_header>
  <id_info>
    <org_study_id>11903</org_study_id>
    <nct_id>NCT00534378</nct_id>
  </id_info>
  <brief_title>Phase I Trail for Intramuscular Administration of Midazolam Using An Autoinjector</brief_title>
  <acronym>AAS</acronym>
  <official_title>Phase I, Open-Label, Single-Center Study to Evaluate the Safety and Dose Linearity of Intramuscular Administration of Midazolam Using</official_title>
  <sponsors>
    <lead_sponsor>
      <agency>U.S. Army Office of the Surgeon General</agency>
      <agency_class>U.S. Fed</agency_class>
    </lead_sponsor>
  </sponsors>
  <source>U.S. Army Office of the Surgeon General</source>
  <oversight_info>
    <authority>United States: Food and Drug Administration</authority>
    <has_dmc>Yes</has_dmc>
  </oversight_info>
  <brief_summary>
    <textblock>
      Purpose of the study is to determine midazolam's safety and dose-linearity when delivered
      intramuscularly via an autoinjector. The proposed initial treatment dosage for seizures
      induced by exposure to nerve agents.
    </textblock>
  </brief_summary>
  <detailed_description>
    <textblock>
      The investigational drug product being evaluated in this study is the Midazolam
      Autoinjector. This system is composed of an autoinjector filled with the drug product
      midazolam EP. The study drug is administered IM into the anterior thigh using the preloaded
      autoinjector. This method of administration was selected as it is the method that will be
      used in later clinical trials and for the marketed product. The autoinjectors were preloaded
      with midazolam 5 mg or 10 mg with a total volume of 1 or 2 mL. Healthy subjects are assigned
      to one of six target dosage groups (0.10, 0.18, 0.25, 0.33, 0.40, 0.49 mg/kg) and, based on
      their weight, received the necessary combination of fixed 5 or 10 mg doses to provide the
      assigned target dose.
    </textblock>
  </detailed_description>
  <overall_status>Completed</overall_status>
  <start_date>July 2006</start_date>
  <completion_date type="Actual">December 2006</completion_date>
  <phase>Phase 1</phase>
  <study_type>Interventional</study_type>
  <study_design>Allocation: Non-Randomized, Endpoint Classification: Pharmacokinetics/Dynamics Study, Intervention Model: Single Group Assignment, Masking: Open Label, Primary Purpose: Treatment</study_design>
  <number_of_arms>1</number_of_arms>
  <enrollment type="Actual">39</enrollment>
  <condition>Seizures</condition>
  <arm_group>
    <arm_group_label>1</arm_group_label>
    <arm_group_type>No Intervention</arm_group_type>
  </arm_group>
  <intervention>
    <intervention_type>Drug</intervention_type>
    <intervention_name>Midazolam</intervention_name>
    <description>The study drug was administered IM into the anterior thigh using the preloaded autoinjector. The autoinjectors were preloaded with midazolam 5 mg or 10 mg with a total volume of 1 or 2 mL. Healthy subjects were assigned to one of six target dosage groups (0.10, 0.18, 0.25, 0.33, 0.40, 0.49 mg/kg) and, based on their weight, received the necessary combination of fixed 5 or 10 mg doses to provide the assigned target dose.</description>
    <arm_group_label>1</arm_group_label>
  </intervention>
  <eligibility>
    <criteria>
      <textblock>
        Inclusion Criteria:

          -  Generally health adult

          -  Physically fit

          -  Body Mass Index of &gt;/- 19 and &lt;/- 26 and a body weight of 55 to 85 Kg

          -  Have adequate venous access and sufficient upper leg muscle tissue

          -  Have all specified laboratory values

          -  Have a negative assay for HIV-1, HIV-2, HbsAg

          -  If femal is of child bearing potential, she must not be pregnant or breast feeding,
             nor plan to become pregnant for th eduration of the study. She must have a negative
             blood serum pregnancy test within 21 days of treatment, and a negative urine
             pregnancy test prior to dosing.

          -  Females of childbearing potential will use adequate contraception.

          -  Willing to refrain from donating blood for 8 weeks after compeletion of the study.

        Exclusion Criteria:

          -  Participated in a pharmacokinetic study or any clinical study currently or within the
             last 30 days or donated &gt;480mL of blood within the last 8 weeks.

          -  History or presence of significant cardiovascular, hepatic, renal, hematologic,
             gastrointestingal, endocrine, immunologic, dermatologic, neurologic, or psychiatric
             disease that could potentially impact the safety of the subject or metabolism of the
             drug.

          -  Be taking any medications to ttreat a chronic medical condition

          -  Have ongoing drug abuse/dependence (including alcohol); or history of or treatment
             for alcohol or drug abuse

          -  History of allergic or untoward reaction to any benzodiazepine or any psychotropic
             agent

          -  Currently suffering frm acute or chronic pulmonary disease

          -  Clinically relevant abnormal history, physical findings, ECG, or laboratory values at
             the pre-study screening assessment that could interfere with objectives of the study
             or the safety of the subject.

          -  Pregnant or nursing

          -  History of glaucoma

          -  Positive urine test for drug abuse

          -  Have an active malignancy or history of metastatic or hematologic malignancy with the
             exception of melanoma in situ or basal or squamous cell carcnoma of the skin Subjects
             with positive tests for hepatitis B, hepatitis C, syphilis, HIV-1 or HIV-2

          -  Subjects whoe ECG reveals a PR interval &gt;/- 190 msec

          -  Subjects should refrain from taking any OTC preparations, herbal remedies, and/or
             nutritional supplement taken within 7 days prior to study drug drug administration.

          -  Subjects not using medically recognized means of birth control

          -  Subjects with a prior history of seizures or related conditions
      </textblock>
    </criteria>
    <gender>Both</gender>
    <minimum_age>18 Years</minimum_age>
    <maximum_age>54 Years</maximum_age>
    <healthy_volunteers>Accepts Healthy Volunteers</healthy_volunteers>
  </eligibility>
  <overall_official>
    <last_name>Thomas Holohan, MD</last_name>
    <role>Principal Investigator</role>
    <affiliation>Bioanalytical Systems, Inc.</affiliation>
  </overall_official>
  <location>
    <facility>
      <name>BASi Baltimore Clinical Research Unit</name>
      <address>
        <city>Baltimore</city>
        <state>Maryland</state>
        <zip>21201</zip>
        <country>United States</country>
      </address>
    </facility>
  </location>
  <location_countries>
    <country>United States</country>
  </location_countries>
  <verification_date>September 2007</verification_date>
  <lastchanged_date>September 21, 2007</lastchanged_date>
  <firstreceived_date>September 20, 2007</firstreceived_date>
  <keyword>Nerve agent</keyword>
  <keyword>Midazolam</keyword>
  <keyword>Seizures</keyword>
  <keyword>Severe recurrent convulsive seizures induced by nerve agent exposure</keyword>
  <has_expanded_access>No</has_expanded_access>
  <condition_browse>
    <!-- CAUTION:  The following MeSH terms are assigned with an imperfect algorithm  -->
    <mesh_term>Seizures</mesh_term>
  </condition_browse>
  <intervention_browse>
    <!-- CAUTION:  The following MeSH terms are assigned with an imperfect algorithm  -->
    <mesh_term>Midazolam</mesh_term>
  </intervention_browse>
  <!-- Results have not yet been posted for this study                                -->
</clinical_study>
